ref,reason,address,city,state,detail
"1040398","LICENSED_LS","2500 E US Highway 14","Janesville","WI","Hy-Vee"
"9564","LICENSED_LS","2017 Humes Rd","Janesville","WI","Target"
"1022460","LICENSED_LS","9833 N Alpine Rd","Machesney Park","IL","Target"
"1007831","LICENSED_LS","903 Parkway, 101","Gatlinburg","TN",""
"1030504","LICENSED_LS","1219 E Parkway-Hwy 321","Gatlinburg","TN","Food City"
"1027741","LICENSED_LS","3064 Teaster Ln","Pigeon Forge","TN","Food City"
"10490","LICENSED_LS","220 Wears Valley Road","Pigeon Forge","TN","Kroger"
"1056155","LICENSED_LS","131 Island Drive Ste 5118","Pigeon Forge","TN",""
"1031764","LICENSED_LS","123 Harrahs Service Drive","Cherokee","NC",""
"1044497","LICENSED_LS","777 Casino Drive","Cherokee","NC",""
"1026772","LICENSED_LS","1715 W. Broadway","Maryville","TN","Food City"
"1013610","LICENSED_LS","507 Foothills Plaza","Maryville","TN","Kroger"
"1031627","LICENSED_LS","11503 Chapman Hwy.","Seymour","TN","Food City"
"1006274","LICENSED_LS","1944 Illinois St","Sidney","NE","Safeway"
"68462","LICENSED_LS","2555 Harris St","Eureka","CA","Safeway"
"14178","LICENSED_LS","2525 4th St","Eureka","CA","Target"
"1015575","LICENSED_LS","50 Stonegate Ctr","Somerset","KY","Kroger"
"1018980","LICENSED_LS","132 E Lake Street","McCall","ID","Albertsons"
"1044366","LICENSED_LS","500 S, Liberty Drive","Bloomington","IN","Kroger"
"10179","LICENSED_LS","900 E 7th St","Bloomington","IN",""
"8767900","LICENSED_LS","125 S. Eagleson Ave.","Bloomington","IN",""
"1007585","LICENSED_LS","1175 S College Mall Rd","Bloomington","IN","Kroger"
"1032913","LICENSED_LS","1101 N. Fee Ln","BLOOMINGTON","IN",""
"15095","LICENSED_LS","2966 E 3rd St","Bloomington","IN","Target"
"7224","LICENSED_LS","1555 Northgate Mile","Idaho Falls","ID","Fred Meyer"
"1017741","LICENSED_LS","2171 S 25th E","Idaho Falls","ID","Target"
"1023008","LICENSED_LS","7501 San Dario Ave","Laredo","TX","Target"
"16362","MALL","5300 San Dario, #174, Mall del Norte","Laredo","TX","Mall del Norte"
"10652","LICENSED_LS","5201 University Blvd.","Laredo","TX",""
"7072","LICENSED_LS","1910 Bob Bullock Loop","Laredo","TX","Target"
"8117","LICENSED_LS","90 Sterling Hwy","Homer","AK","Safeway"
"1007584","LICENSED_LS","2211 E Center St","Warsaw","IN","Kroger"
"19298","LICENSED_LS","1150 Husky Tr","Warsaw","IN",""
"1013074","LICENSED_LS","2040 Peace Tree Village","Rochester","IN","Kroger"
"1018907","LICENSED_LS","621 COUNTRYSIDE DR","Columbia City","IN","Kroger"
"17368","LICENSED_LS","4601 Montgomery Hwy, Suite 300","Dothan","AL","Target"
"1026277","LICENSED_LS","1108 ROSS CLARK CIRCLE","Dothan","AL",""
"13769","LICENSED_LS","2417 Tongass Ave","Ketchikan","AK","Safeway"
"1020874","LICENSED_LS","5000 US HWY 70","Morehead City","NC","Harris Teeter"
"18125","LICENSED_LS","3562 Martin Luther King Jr Blvd","New Bern","NC","Harris Teeter"
"17523","LICENSED_LS","3410 Dr Martin Luther King Blvd","New Bern","NC","Target"
"1016282","LICENSED_LS","2032 Waterscape Way","New Bern","NC","Harris Teeter"
"1011687","LICENSED_LS","51501 Columbia River Highway","Scappoose","OR","Fred Meyer"
"1014809","LICENSED_LS","800 NE Tenney Road","Vancouver","WA","Fred Meyer"
"12204","LICENSED_LS","12909 NE 99","Vancouver","WA","Safeway"
"13702","LICENSED_LS","8801 NE Hazel Dell Ave","Vancouver","WA","Target"
"11423","LICENSED_LS","408 NE 81st St","Vancouver","WA","Safeway"
"66296","LICENSED_LS","3707 Main St","Vancouver","WA","Safeway"
"1009007","LICENSED_LS","1725 Pacific Ave","Woodland","WA","Safeway"
"91895","LICENSED_LS","1555 N TOMAHAWK ISLAND DR","Portland","OR","Target"
"8257","LICENSED_LS","6711 NE 63rd St","Vancouver","WA","Safeway"
"14961","LICENSED_LS","2108 W. Main St","Battle Ground","WA","Albertsons"
"8563","LICENSED_LS","6850 North Lombard","Portland","OR","Fred Meyer"
"1022468","LICENSED_LS","2500 Columbia House Blvd","Vancouver","WA","Fred Meyer"
"11520","LICENSED_LS","401 SW 12th Street","Battle Ground","WA","Fred Meyer"
"10545","LICENSED_LS","904 West Main Street","Battle Ground","WA","Safeway"
"1024934","LICENSED_LS","7809C NE Vancouver Plaza Dr","Vancouver","WA","Target"
"7829","LICENSED_LS","6701 East Mill Plain","Vancouver","WA","Safeway"
"12775","LICENSED_LS","7411 NE 117th Ave","Vancouver","WA","Fred Meyer"
"12536","LICENSED_LS","7404 N Interstate Ave","Portland","OR","Fred Meyer"
"16974","LICENSED_LS","4756 NW Bethany Blvd","Portland","OR",""
"16432","LICENSED_LS","2615 NE 112th Ave","Vancouver","WA","Safeway"
"11205","LICENSED_LS","22075 NW Imbrie Dr.","Hillsboro","OR","Fred Meyer"
"1020294","LICENSED_LS","18101 NW Evergreen Pkwy","Beaverton","OR","Target"
"16623","LICENSED_LS","2177 NW 185th","Hillsboro","OR","Safeway"
"91324","LICENSED_LS","211 Dr Jimmy Carr Drive","Searcy","AR",""
"1017839","LICENSED_LS","4200 S Medford Dr","Lufkin","TX","Target"
"18128","LICENSED_LS","1950 North St","Nacogdoches","TX",""
"7436","LICENSED_LS","800 Yellowstone Avenue","Pocatello","ID","Fred Meyer"
"17738","LICENSED_LS","330 East Benton","Pocatello","ID","Albertsons"
"1040307","LICENSED_LS","850 S 9th Ave","Pocatello","ID",""
"1005609","LICENSED_LS","500 N Baltimore St","Kirksville","MO","Hy-Vee"
"10822","LICENSED_LS","9401 NE Cascades Pkwy","Portland","OR","Target"
"1031360","LICENSED_LS","7000 NE Airport Way","Portland","OR",""
"1016288","LICENSED_LS","7000 NE AIRPORT WAY MB 23","Portland","OR",""
"15750","LICENSED_LS","6901 NE Sandy Blvd","Portland","OR","Safeway"
"12777","LICENSED_LS","16600 SE McGillivray Blvd","Vancouver","WA","Fred Meyer"
"1022427","LICENSED_LS","16200 SE Mill Plain Blvd","Vancouver","WA","Target"
"10423","LICENSED_LS","3505 SE 192nd Ave","Vancouver","WA",""
"7514","LICENSED_LS","6615 NE Glisan St","Portland","OR","Fred Meyer"
"15964","LICENSED_LS","9800 SE Washington St","Portland","OR","Target"
"1016459","LICENSED_LS","4805 Ne Glisan","Portland","OR",""
"17346","LICENSED_LS","5544 East Burnside St","Portland","OR",""
"1025694","LICENSED_LS","3030 NE Weidler Street","Portland","OR","Fred Meyer"
"1022781","LICENSED_LS","14700 SE Division St","Portland","OR","Fred Meyer"
"8564","LICENSED_LS","1100 NE Broadway","Portland","OR","Safeway"
"8567","LICENSED_LS","3527 SE 122nd","Portland","OR","Safeway"
"1011096","LICENSED_LS","21500 NE Halsey St","Fairview","OR","Target"
"68154","LICENSED_LS","2200 Baseline St","Cornelius","OR","Fred Meyer"
"9757","LICENSED_LS","2836 Pacific Ave","Forest Grove","OR","Safeway"
"16431","LICENSED_LS","888 NE 25th Ave","Hillsboro","OR","Albertsons"
"1026507","LICENSED_LS","2295 SE Tualatin Valley Hwy","Hillsboro","OR","Target"
"8312","LICENSED_LS","6495 SE Tualatin Valley Hwy","Hillsboro","OR","Fred Meyer"
"1030594","LICENSED_LS","6055 SW 185th Ave","Beaverton","OR","Safeway"
"13713","LICENSED_LS","13485 NW Cornell Rd","Portland","OR","Safeway"
"1033256","LICENSED_LS","12675 NW Cornell Road","Cedar Mill","OR","Target"
"17149","LICENSED_LS","6194 SW Murray Blvd","Beaverton","OR","Safeway"
"11668","LICENSED_LS","10775 SW Beaverton-Hillsdale Hwy","Beaverton","OR","Target"
"15049","LICENSED_LS","14555 SW Teal Blvd","Beaverton","OR","Safeway"
"1034070","LICENSED_LS","9155 SW Barnes Rd","Portland","OR",""
"12376","LICENSED_LS","14300 SW Barrows Rd","Tigard","OR","Safeway"
"10336","LICENSED_LS","7525 SW Barnes Rd","Portland","OR",""
"1018741","LICENSED_LS","9009 SW Hall Blvd","Tigard","OR","Target"
"11933","LICENSED_LS","6700 NE 162nd Ave. Suite 500","Vancouver","WA","Safeway"
"1013282","LICENSED_LS","205 Three Rivers Dr","Kelso","WA","Target"
"17669","LICENSED_LS","411 Three Rivers Drive","Kelso","WA","Safeway"
"14470","LICENSED_LS","1227 15th Ave","Longview","WA","Safeway"
"13676","LICENSED_LS","3184 Ocean Beach Hwy","Longview","WA","Fred Meyer"
"8282","LICENSED_LS","2930 Ocean Beach Hwy","Longview","WA","Safeway"
"1030148","LICENSED_LS","1307 East North Avenue","Belton","MO","Hy-Vee"
"1025410","LICENSED_LS","1106 E North Ave","Belton","MO","Target"
"1017475","LICENSED_LS","8051 W. 160th St.","Overland Park","KS",""
"1020269","LICENSED_LS","900 W FOXWOOD DR","Raymore","MO",""
"113736","LICENSED_LS","8101 W 151st","Overland Park","KS","Target"
"7389","LICENSED_LS","15970 S Mur Len Rd","Olathe","KS",""
"1006841","LICENSED_LS","14955 W. 151st","Olathe","KS","Hy-Vee"
"91343","LICENSED_LS","20255 W 154th St","Olathe","KS","Target"
"12801","LICENSED_LS","1201 W 136th St","Kansas City","MO","Target"
"1028304","LICENSED_LS","660 E Main St","Gardner","KS",""
"1028444","LICENSED_LS","8900 W 135th St","Overland Park","KS","Hy-Vee"
"1011686","LICENSED_LS","2497 SE Burnside Road","Gresham","OR","Fred Meyer"
"14860","LICENSED_LS","25691 SE Stark","Troutdale","OR","Safeway"
"12602","LICENSED_LS","1001 SW Highland Dr","Gresham","OR","Safeway"
"13127","LICENSED_LS","22855 NE Park Lane","Wood Village","OR","Fred Meyer"
"18168","LICENSED_LS","20151 SE 212th","Damascus","OR","Safeway"
"1016362","LICENSED_LS","17005 SE Sunnyside Rd","Happy Valley","OR","Fred Meyer"
"1007539","LICENSED_LS","800 NE 3rd","Camas","WA","Safeway"
"18522","LICENSED_LS","12032 SE Sunnyside Road","Clackamas","OR","Safeway"
"14545","LICENSED_LS","3307 Evergreen Way","Washougal","WA","Safeway"
"9329","LICENSED_LS","8955 SE 82nd Ave","Portland","OR","Fred Meyer"
"8709800","LICENSED_LS","12100 SE 82nd Ave","Clackamas","OR",""
"7668","LICENSED_LS","9000 E Sunnyside Rd","Clackamas","OR","Target"
"14161","LICENSED_LS","16625 362nd Ave","Sandy","OR","Fred Meyer"
"7669","LICENSED_LS","4515 SE Woodstock","Portland","OR","Safeway"
"1018689","LICENSED_LS","16301 SE 82ND DRIVE","Clackamas","OR","Fred Meyer"
"8705","LICENSED_LS","15570 SW Pacific Hwy","Tigard","OR","Safeway"
"17319","LICENSED_LS","20685 Roy Rodgers Rd","Sherwood","OR","Safeway"
"14103","LICENSED_LS","3300 Portland Road Suite 100","Newberg","OR","Fred Meyer"
"8311","LICENSED_LS","2490 N Hwy 99","McMinnville","OR","Safeway"
"11098","LICENSED_LS","21365 SW Baler Way","Sherwood","OR","Target"
"1005567","LICENSED_LS","900 SE Baker St","McMinnville","OR",""
"1022467","LICENSED_LS","7555 SW Barbur Blvd","Portland","OR","Fred Meyer"
"12764","LICENSED_LS","1030 SW Jefferson","Portland","OR","Safeway"
"1006154","LICENSED_LS","8145 SW Barbur Blvd","Portland","OR","Safeway"
"18277","LICENSED_LS","1303 NW Lovejoy St","Portland","OR","Safeway"
"17393","LICENSED_LS","4320 SE King Rd","Milwaukie","OR","Safeway"
"16141","LICENSED_LS","11565 SW Pacific Hwy","Tigard","OR","Fred Meyer"
"13730","LICENSED_LS","700 S Greeley Hwy","Cheyenne","WY","Safeway"
"12423","LICENSED_LS","3355 E. Pershing Blvd.","Cheyenne","WY","Albertsons"
"1013678","LICENSED_LS","3702 Dell Range Blvd","Cheyenne","WY","King Soopers"
"1025489","LICENSED_LS","1708 Dell Range Blvd","Cheyenne","WY","Target"
"12389","LICENSED_LS","5800 Yellowstone Rd.","Cheyenne","WY","Albertsons"
"1026431","LICENSED_LS","528 N Main Sreet","Mountain Home","ID","Albertsons"
"1015517","LICENSED_LS","14700 SE McLoughlin Blvd","Milwaukie","OR","Fred Meyer"
"14430","LICENSED_LS","14840 SE Webster Rd","Milwaukie","OR","Safeway"
"17150","LICENSED_LS","95 82nd Dr","Gladstone","OR","Safeway"
"13297","LICENSED_LS","16199 Boones Ferry Rd.","Lake Oswego","OR","Albertsons"
"11137","LICENSED_LS","22000 Salamo Rd.","West Linn","OR","Safeway"
"1034240","LICENSED_LS","19200 SW Martinazzi","Tualatin","OR","Fred Meyer"
"1033801","LICENSED_LS","937 E. Main Street","Burley","ID",""
"1017504","LICENSED_LS","3501 Olton Road","Plainview","TX",""
"7965","LICENSED_LS","17539 Vierra Canyon","Prunedale","CA","Safeway"
"1044334","MALL","2000 Northridge Mall","Salinas","CA","Northridge Mall - Salinas"
"11070","LICENSED_LS","1640 N Main St","Salinas","CA","Target"
"18284","LICENSED_LS","1546 N Main St","Salinas","CA","Safeway"
"9339","LICENSED_LS","1516 Constitution Blvd","Salinas","CA","Safeway"
"8647","LICENSED_LS","591 Tres Pinos Road","Hollister","CA","Safeway"
"18401","LICENSED_LS","1790 Airline Hwy","Hollister","CA","Target"
"1018638","LICENSED_LS","150 MAIN ST","Salinas","CA",""
"1026066","LICENSED_LS","411 Central Ave, Building C","Salinas","CA",""
"1013283","LICENSED_LS","6705 Camino Arroyo","Gilroy","CA","Target"
"7808","LICENSED_LS","450 E Romie Lane","Salinas","CA",""
"15004","LICENSED_LS","905 1st St","Gilroy","CA","Safeway"
"7746","LICENSED_LS","1415 Main St","Watsonville","CA","Target"
"12576","LICENSED_LS","2010 Freedom Blvd","Freedom","CA","Safeway"
"1030981","LICENSED_LS","3118 Inter-Garrison Rd., Bldg. 552","Seaside","CA",""
"6492","LICENSED_LS","133 General Stilwell Dr","Marina","CA","Target"
"11728","LICENSED_LS","235 Tennant Station","Morgan Hill","CA","Safeway"
"7152","LICENSED_LS","2040 California Ave","Sand City","CA","Target"
"9372","LICENSED_LS","840 E. Dunne Ave.","Morgan Hill","CA","Safeway"
"15007","LICENSED_LS","16 Rancho Del Mar","Aptos","CA","Safeway"
"1018562","LICENSED_LS","902 W STATE ST","Hastings","MI",""
"7882","LICENSED_LS","9375 Cherry Valley Ave SE","Caledonia","MI",""
"1018629","LICENSED_LS","5500 44th St. SE","Grand Rapids","MI",""
"16424","LICENSED_LS","6425 28th St SE, Cascade Center","Grand Rapids","MI",""
"9536","LICENSED_LS","1925 Marketplace Dr","Caledonia","MI","Target"
"9538","LICENSED_LS","5120 28th Ave SE","Grand Rapids","MI","Target"
"14466","LICENSED_LS","1801 Marketplace Dr","Caledonia","MI",""
"13845","LICENSED_LS","5531 28th St SE","Grand Rapids","MI",""
"1025024","LICENSED_LS","444 Ada Dr.","Ada","MI",""
"1031824","LICENSED_LS","3195 28th St. SE","Grand Rapids","MI",""
"1055022","LICENSED_LS","2863 Ambassador Caffery Parkway","LaFayette","LA","Albertsons"
"18370","LICENSED_LS","11290 Donner Pass Rd","Truckee","CA","Safeway"
"8791500","LICENSED_LS","100 River Road","Tahoe City","CA","Safeway"
"13095","LICENSED_LS","7815 N Lake Blvd","Kings Beach","CA","Safeway"
"1053086","LICENSED_LS","930 Tahoe Blvd","Incline Village","NV",""
"18060","LICENSED_LS","815 Canyon Del Rey","Del Rey Oaks","CA","Safeway"
"10331","LICENSED_LS","Crmel Center & Rio Road","Carmel","CA","Safeway"
"89778","LICENSED_LS","1825 41st Ave","Capitola","CA","Target"
"7633","LICENSED_LS","1061 Cochrane Rd","Morgan Hill","CA","Target"
"8761600","LICENSED_LS","809 Bay Ave","Capitola","CA",""
"10398","LICENSED_LS","2720 41st Ave","Soquel","CA","Safeway"
"1040446","LICENSED_LS","270 Mount Herman Road","Scotts Valley","CA","Target"
"10911","LICENSED_LS","2203 Mission St","Santa Cruz","CA","Safeway"
"1006770","LICENSED_LS","5670 Cottle Rd","San Jose","CA","Safeway"
"1008951","LICENSED_LS","5630 Cottle Rd","San Jose","CA","Target"
"12673","MALL","967 Blossom Hill Road, Oakridge Mall","San Jose","CA","Blossom Hill & Winfield"
"14176","LICENSED_LS","879 Blossom Hill Rd","San Jose","CA","Target"
"8854400","LICENSED_LS","650 N 800 E","Logan","UT",""
"8966000","LICENSED_LS","1300 Main Street, #100","Logan","UT","Target"
"1018148","LICENSED_LS","4420 N. 175 East","Logan","UT",""
"1052553","LICENSED_LS","37 N Main St","Logan","UT",""
"1025618","LICENSED_LS","1500 Pinecrest Ave","Stevens Point","WI",""
"1026634","LICENSED_LS","2707 Schofield Ave","Schofield","WI","Target"
"1040086","LICENSED_LS","2806 Schofield Ave","Schofield","WI",""
"8561","LICENSED_LS","1735 Virginia Ave","North Bend","OR","Safeway"
"1011532","LICENSED_LS","230 East Johnson","Coos Bay","OR","Safeway"
"15056","LICENSED_LS","179 Branham Ln","San Jose","CA","Safeway"
"9563","LICENSED_LS","4950 Almaden Expy","San Jose","CA","Safeway"
"12647","LICENSED_LS","3155 Silver Creek Rd","San Jose","CA","Target"
"9719","LICENSED_LS","1663 Branham Ln","San Jose","CA","Safeway"
"65899","LICENSED_LS","470 N Santa Cruz Ave","Los Gatos","CA","Safeway"
"1021524","LICENSED_LS","1811 Hillsdale Ave","San Jose","CA","Target"
"9450","LICENSED_LS","2341 Winchester Blvd","Campbell","CA","Safeway"
"8048","LICENSED_LS","1530 Hamilton Ave.","San Jose","CA","Safeway"
"1056001","LICENSED_LS","107 Highway 80 E","Clinton","MS","Kroger"
"16340","LICENSED_LS","6365 I-55 N","Jackson","MS","Target"
"1054327","LICENSED_LS","1070 Highway 51","Madison","MS","Kroger"
"16245","LICENSED_LS","170 Promenade Blvd","Flowood","MS","Target"
"18616","LICENSED_LS","2210 Trooper Drive","Fort Riley","KS",""
"1022323","LICENSED_LS","800 Commons Pl","Manhattan","KS","Target"
"87608","LICENSED_LS","1101 Westloop Pl","Manhattan","KS",""
"1032491","LICENSED_LS","601 Third Place","Manhattan","KS","Hy-Vee"
"1006811","LICENSED_LS","1421 S Beglis","Sulphur","LA","Kroger"
"1009817","LICENSED_LS","2550 Golden Nugget Blvd","Lake Charles","LA",""
"1054940","LICENSED_LS","4060 Ryan St","South lake Charles","LA","Albertsons"
"1006836","LICENSED_LS","1165 Main St.","Lander","WY","Safeway"
"8276","LICENSED_LS","2324 Pine Ridge Rd","Naples","FL","Target"
"1031878","LICENSED_LS","2004 Tamiami Trail N.","Naples","FL",""
"7647","LICENSED_LS","2415 Tarpon Bay Blvd","Naples","FL","Target"
"8692700","LICENSED_LS","8076 Mediterranean Dr, 111","Estero","FL",""
"6544","LICENSED_LS","8040 Mediterranean Dr","Estero","FL","Target"
"1056073","LICENSED_LS","10801 Corkscrew Rd.","Estero","FL",""
"18027","LICENSED_LS","10501 FGCU Blvd. S.","Fort Myers","FL",""
"8421","LICENSED_LS","10000 Gulf Ctr Dr","Fort Myers","FL","Target"
"8861700","LICENSED_LS","11000 Terminal Access Rd","Fort Myers","FL",""
"1043880","LICENSED_LS","11000 Terminal Access Rd.","Fort Myers","FL",""
"1020398","LICENSED_LS","11000 Terminal Access Rd","Fort Myers","FL",""
"7710","LICENSED_LS","15880 San Carlos Blvd","Fort Myers","FL","Target"
"9447","LICENSED_LS","13711 S Tamiami Trail","Fort Myers","FL","Target"
"1022302","LICENSED_LS","1850 Adams St.","Mankato","MN","Target"
"15984","LICENSED_LS","2010 Adams St","Mankato","MN","Hy-Vee"
"1040270","LICENSED_LS","7 Centennial Student Union","Mankato","MN",""
"1028706","LICENSED_LS","1002 Old Minnesota Ave","St Peter","MN","Hy-Vee"
"1007777","LICENSED_LS","2034 S Hwy 53","La Grange","KY","Kroger"
"1044398","LICENSED_LS","2835 S. Highway 393","Buckner","KY","Kroger"
"1013707","LICENSED_LS","311 Boone Station Rd","Shelbyville","KY","Kroger"
"1056000","LICENSED_LS","10010 Ballardsville Road","Louisville","KY","Kroger"
"9780","LICENSED_LS","4101 Towne Center Dr","Louisville","KY","Target"
"1018141","LICENSED_LS","9440 Brownsboro Rd","Louisville","KY","Kroger"
"1055464","LICENSED_LS","5929 Timber Ridge Drive","Prospect","KY","Kroger"
"10999","LICENSED_LS","12975 Shelbyville Rd","Louisville","KY","Target"
"1014179","LICENSED_LS","305 Ivey Ln","Pinehurst","NC","Harris Teeter"
"1032212","LICENSED_LS","11109 US Hwy 15-501","Aberdeen","NC","Harris Teeter"
"8651700","LICENSED_LS","305 Carolina Green Pkwy","Southern Pines","NC","Target"
"1028601","LICENSED_LS","400 Mill Creek Rd.","Carthage","NC","Harris Teeter"
"12418","LICENSED_LS","695 Highway 101","Warrenton","OR","Fred Meyer"
"11512","LICENSED_LS","401 S Roosevelt","Seaside","OR","Safeway"
"1019116","LICENSED_LS","5502 Point Fosdick","Gig Harbor","WA","Fred Meyer"
"1014345","LICENSED_LS","4831 Point Fosdick Dr NW","Gig Harbor","WA","Safeway"
"1013284","LICENSED_LS","11400 51st Ave NW","Gig Harbor","WA","Target"
"11356","LICENSED_LS","11330 51st Ave NW","Gig Harbor","WA","Safeway"
"10825","LICENSED_LS","3842 Bridgeport Way W.","Tacoma","WA","Safeway"
"90143","LICENSED_LS","8611 Steilacoom Blvd SW","Lakewood","WA","Safeway"
"1023821","LICENSED_LS","23961 NE SR-3","Belfair","WA","Safeway"
"7896","LICENSED_LS","1243 Marvin Rd NE","Olympia","WA","Safeway"
"11082","LICENSED_LS","6305 Bridgeport Way W","University Place","WA","Fred Meyer"
"7142","LICENSED_LS","600 Franklin Street","Shelton","WA","Safeway"
"1020381","LICENSED_LS","413 Lilly Rd Ne","Olympia","WA",""
"10369","LICENSED_LS","2637 North Pearl Street","Tacoma","WA","Safeway"
"16604","LICENSED_LS","4230 Martin Way E","Olympia","WA","Safeway"
"13471","LICENSED_LS","1908 East 4th Ave.","Olympia","WA",""
"1009525","LICENSED_LS","665 Sleater Kinney Rd","Lacey","WA","Target"
"14874","LICENSED_LS","3520 Pacific Ave SE","Olympia","WA","Albertsons"
"17675","LICENSED_LS","700 Sleater Kinney Rd SE","Lacey","WA","Fred Meyer"
"18094","LICENSED_LS","4505 S 19th St","Tacoma","WA","Fred Meyer"
"16404","LICENSED_LS","10223 Gravelly Lake Dr SW","Lakewood","WA","Safeway"
"19291","LICENSED_LS","2411 N Proctor","Tacoma","WA","Safeway"
"1028251","LICENSED_LS","Bldg 5280 Division Drive","JBLM","WA",""
"1009523","LICENSED_LS","5618 Lakewood Town Ctr Blvd SW","Lakewood","WA","Target"
"1009595","LICENSED_LS","2925 Harrison Ave NW","Olympia","WA","Target"
"12776","LICENSED_LS","3215 Harrison Ave","Olympia","WA","Safeway"
"1016395","LICENSED_LS","3320 S 23rd Street","Tacoma","WA","Target"
"1032822","LICENSED_LS","707 Talmadge Street","Kearney","NE",""
"1022617","LICENSED_LS","1015 W 27th St","Kearney","NE",""
"17524","LICENSED_LS","4800 3rd Ave","Kearney","NE","Target"
"1022814","LICENSED_LS","550 CHESTNUT ST","Terre Haute","IN",""
"6946","LICENSED_LS","1163 N US-31","Petoskey","MI",""
"1007579","LICENSED_LS","430 N Lake St","Boyne City","MI",""
"1052714","LICENSED_LS","133 FM 314","Van","TX",""
"1025476","LICENSED_LS","1250 N Port Washington Rd","Grafton","WI","Target"
"8875","LICENSED_LS","4085 State Hwy 28","Sheboygan","WI","Target"
"1025022","LICENSED_LS","924 N Taylor Dr","Sheboygan","WI",""
"1031870","LICENSED_LS","5701 N Lydell Ave","Glendale","WI","Target"
"18371","LICENSED_LS","5610 Lake Isabella Blvd","Lake Isabella","CA","Vons"
"1015512","LICENSED_LS","15805 PACIFIC AVE S","Tacoma","WA","Safeway"
"10828","LICENSED_LS","5616 176th E","Puyallup","WA","Safeway"
"13082","LICENSED_LS","1109 Yelm Ave E","Yelm","WA","Safeway"
"17445","LICENSED_LS","11501 CANYON RD E","Puyallup","WA","Safeway"
"18472","LICENSED_LS","11012 Canyon Road E.","Puyallup","WA","Albertsons"
"13995","LICENSED_LS","1302 S 38th St","Tacoma","WA","Safeway"
"13998","LICENSED_LS","10105 224th St E","Graham","WA","Safeway"
"7229","LICENSED_LS","17404 Meridian E","Puyallup","WA","Fred Meyer"
"10706","LICENSED_LS","10302 156th St E","Puyallup","WA","Target"
"12894","LICENSED_LS","13308 Meridian E","Puyallup","WA","Safeway"
"1017761","LICENSED_LS","1313 Cooper Point Road SW","Olympia","WA",""
"11377","LICENSED_LS","555 Trosper Rd SW","Tumwater","WA","Fred Meyer"
"16096","LICENSED_LS","520 Cleveland","Tumwater","WA","Safeway"
"13081","LICENSED_LS","4700 Yelm Rd SE","Lacey","WA","Safeway"
"1053791","LICENSED_LS","4775 Whitman Lane SE","Lacey","WA",""
"7597","LICENSED_LS","20500 Old Hwy 99 SW","Centralia","WA",""
"7179","LICENSED_LS","1129 Harrison Ave","Centralia","WA","Safeway"
"18171","LICENSED_LS","1900 SE Sedgwick Rd","Port Orchard","WA","Fred Meyer"
"15774","LICENSED_LS","370 SW Sedgewick Road","Port Orchard","WA","Safeway"
"1014779","LICENSED_LS","3355 Bethel Rd SE","Port Orchard","WA","Safeway"
"17964","LICENSED_LS","17847 1st Ave S","Burien","WA",""
"9788","LICENSED_LS","138 SW 148th St","Burien","WA","Safeway"
"1014365","LICENSED_LS","2800 SW Barton St","Seattle","WA","Target"
"7113","LICENSED_LS","2500 SW Barton","Seattle","WA",""
"1007567","LICENSED_LS","14300 1st Ave S","Burien","WA","Fred Meyer"
"1014980","LICENSED_LS","12725 1st Ave S","Burien","WA","Safeway"
"1020701","LICENSED_LS","17801 International Blvd","SeaTac","WA",""
"1020178","LICENSED_LS","17801 International Blvd","SeaTac","WA",""
"1021400","LICENSED_LS","17801 International Blvd","SeaTac","WA",""
"10913","LICENSED_LS","4550 42nd Ave SW","Seattle","WA",""
"13861","LICENSED_LS","17801 International Blvd","SeaTac","WA",""
"1024029","LICENSED_LS","17801 International Blvd","SeaTac","WA",""
"1024030","LICENSED_LS","17801 International Blvd","SeaTac","WA",""
"8880","LICENSED_LS","21401 Pacific Hwy S","Des Moines","WA","Safeway"
"8315","LICENSED_LS","27035 Pacific Hwy S","Des Moines","WA","Safeway"
"6356","LICENSED_LS","25250 Pacific Highway South","Kent","WA","Fred Meyer"
"65674","LICENSED_LS","2622 California Ave SW","Seattle","WA","Safeway"
"12621","LICENSED_LS","4011 S 164th","SeaTac","WA","Safeway"
"1015633","LICENSED_LS","5050 State Hwy 303 NE","Bremerton","WA","Fred Meyer"
"11526","LICENSED_LS","2890 NW Bucklin Hill Rd","Silverdale","WA","Safeway"
"1017668","LICENSED_LS","3201 NW Randall Way","Silverdale","WA","Target"
"1029965","LICENSED_LS","1800 NW MYHRE RD","SILVERDALE","WA",""
"9191","LICENSED_LS","1401 NE McWilliams Rd","Bremerton","WA","Safeway"
"1013659","LICENSED_LS","200 Running Hill Rd","South Portland","ME","Target"
"68159","LICENSED_LS","1001 Westbrook St","Portland","ME",""
"1021888","LICENSED_LS","904 East Main Street","Marshall","MN","Hy-Vee"
"8533700","LICENSED_LS","60 Hampton Village Plaza","St Louis","MO",""
"8482","LICENSED_LS","4255 Hampton Ave","St. Louis","MO","Target"
"1020288","LICENSED_LS","4250 Rusty Rd","St. Louis","MO","Target"
"1054881","LICENSED_LS","900 S. Grand Blvd","Saint Louis","MO","Target"
"1021185","LICENSED_LS","4573 Parkview Place","St. Louis","MO",""
"1009604","LICENSED_LS","3640 W Pine Mall Blvd","St. Louis","MO",""
"1022173","LICENSED_LS","1 GOVERNMENT DRIVE, Gate 5","St. Louis","MO",""
"1011368","LICENSED_LS","7036 Clayton Ave","St. Louis","MO",""
"9121000","LICENSED_LS","6 Cardinal Way","St. Louis","MO",""
"7393","LICENSED_LS","1 South Broadway","St. Louis","MO",""
"18668","LICENSED_LS","315 Chestnut St","St. Louis","MO",""
"13010","LICENSED_LS","800 Washington Ave","St. Louis","MO",""
"10929","LICENSED_LS","25 Brentwood Promenade Court","Brentwood","MO","Target"
"1040815","LICENSED_LS","999 North 2nd Street","St. Louis","MO",""
"1020287","LICENSED_LS","1042 S Kirkwood Rd","Kirkwood","MO","Target"
"1023377","LICENSED_LS","197 Gravois Bluffs Plaza Dr.","Fenton","MO","Target"
"8941300","LICENSED_LS","8645 Olive Blvd","Saint Louis","MO","Target"
"1032169","LICENSED_LS","80 West County Center","Des Peres","MO",""
"1005917","LICENSED_LS","3849 Vogel Rd","Arnold","MO","Target"
"11781","LICENSED_LS","110 E 3rd St","Port Angeles","WA","Safeway"
"18348","LICENSED_LS","2709 E. HIGHWAY 101","Port Angeles","WA","Safeway"
"8303","LICENSED_LS","37500 E US Hwy 40","Steamboat Springs","CO","Safeway"
"8476","LICENSED_LS","1825 Central Park Plaza","Steamboat Springs","CO",""
"8510","LICENSED_LS","215 Whitesell St NW","Orting","WA","Safeway"
"1009527","LICENSED_LS","3310 S Meridian","Puyallup","WA","Target"
"20011","LICENSED_LS","401 15th Ave SE","Puyallup","WA",""
"1030080","LICENSED_LS","2614 E Pioneer Way","Puyallup","WA","Safeway"
"11500","LICENSED_LS","1100 North Meridian","Puyallup","WA","Fred Meyer"
"7163","LICENSED_LS","4101 49th Ave N.E.","Tacoma","WA",""
"14230","LICENSED_LS","1207 S 320th St","Federal Way","WA","Safeway"
"11591","LICENSED_LS","2201 SeaTac Mall Blvd","Federal Way","WA","Target"
"13703","LICENSED_LS","210 Washington Ave S","Kent","WA","Safeway"
"10023","LICENSED_LS","900 E MERIDIAN SUITE 12","Milton","WA","Safeway"
"19254","LICENSED_LS","3900 S Othello St","Seattle","WA","Safeway"
"7819","LICENSED_LS","2707 Rainier Avenue South","Seattle","WA",""
"1009888","LICENSED_LS","3820 Rainier Avenue South","Seattle","WA","Safeway"
"89776","LICENSED_LS","1401 2nd Ave","Seattle","WA","Target"
"16120","LICENSED_LS","9262 Rainier Ave S","Seattle","WA","Safeway"
"1022375","LICENSED_LS","1400 6th Ave","Seattle","WA",""
"9170600","LICENSED_LS","601 Broadway","Seattle","WA",""
"7327","LICENSED_LS","550 17th Ave","Seattle","WA",""
"14203","LICENSED_LS","1401 Broadway","Seattle","WA",""
"17981","LICENSED_LS","500 Mercer Avenue","Seattle","WA",""
"13976","LICENSED_LS","253 High School Rd NE","Bainbridge Island","WA","Safeway"
"1006634","LICENSED_LS","19245 10th Ave NE","Poulsbo","WA","Safeway"
"1031810","LICENSED_LS","NV 160 - #161","Kayenta","AZ",""
"8483","LICENSED_LS","6143 US Hwy 98, Suite 80","Hattiesburg","MS","Target"
"6508","LICENSED_LS","5601 Belleville Crossing St","Belleville","IL","Target"
"7717","LICENSED_LS","4701 North Illinois","Fairview Heights","IL","Target"
"1020281","LICENSED_LS","207 WEST WINTERS STREET","Scott AFB","IL",""
"1020292","LICENSED_LS","3400 Green Mountcrossing Dr","Shiloh","IL","Target"
"8789500","LICENSED_LS","907 East Highway 50","O'Fallon","IL",""
"9116200","LICENSED_LS","4639 House Springs Center","House Springs","MO",""
"1026204","LICENSED_LS","15025 Manchester Rd","Ballwin","MO","Target"
"7729","LICENSED_LS","1272 Town & Country Crossing","Chesterfield","MO","Target"
"1022596","LICENSED_LS","610 Maryville University Drive","St. Louis","MO",""
"1005933","LICENSED_LS","40 THF Blvd","Chesterfield","MO","Target"
"12968","LICENSED_LS","Morris Univ Ctr Campus Box #1","Edwardsville","IL",""
"1021769","LICENSED_LS","2350 Troy Rd","Edwardsville","IL","Target"
"8533800","LICENSED_LS","13987 New Halls Ferry Rd","Florissant","MO",""
"1054840","LICENSED_LS","10701 Lambert International Blvd","St. Louis","MO",""
"1020556","LICENSED_LS","10701 Lambert International Blvd","St. Louis","MO",""
"14340","LICENSED_LS","10701 Lambert International Blvd","St. Louis","MO",""
"1030058","LICENSED_LS","111 Westport Plaza Drive, 123","St. Louis","MO",""
"20219","LICENSED_LS","12275 St Charles Rock Rd","Bridgeton","MO","Target"
"1019321","LICENSED_LS","209 S KINGSHIGHWAY","St. Charles","MO",""
"1031529","LICENSED_LS","3881 Mexico Rd","Saint Charles","MO","Target"
"11247","LICENSED_LS","10701 Lambert International Blvd","St. Louis","MO",""
"9235","LICENSED_LS","10701 Lambert International Blvd","St. Louis","MO",""
"14524","LICENSED_LS","10701 Lambert International Blvd, Host Marriott/Starbucks Coffee","St. Louis","MO",""
"1006270","LICENSED_LS","2300 Highway K","O'Fallon","MO","Target"
"1025790","LICENSED_LS","301 Veterans Pkwy","Normal","IL","Target"
"1011605","LICENSED_LS","1403 N Veterans Pkwy","Bloomington","IL","Hy-Vee"
"1026758","LICENSED_LS","1 State Farm Plaza","Bloomington","IL",""
"1019726","LICENSED_LS","200 BROADWAY AVE","Normal","IL",""
"1024710","LICENSED_LS","200 N University St","Normal","IL",""
"8887","MALL","506 Southcenter Mall, Southcenter Mall","Tukwila","WA","Southcenter Mall Center"
"6451","LICENSED_LS","1215 Landing Way","Renton","WA","Target"
"14278","LICENSED_LS","1201 E Valley Ave","Sumner","WA","Fred Meyer"
"11592","LICENSED_LS","9400 192nd Ave E","Bonney Lake","WA","Target"
"1016566","LICENSED_LS","20904 SR 410 - E","Bonney Lake","WA","Fred Meyer"
"1022337","LICENSED_LS","1406 Lake Tapps Parkwy E.","Auburn","WA",""
"12711","LICENSED_LS","4010 A St SE","Auburn","WA","Safeway"
"11127","LICENSED_LS","417 Broadway E","Seattle","WA",""
"12134","LICENSED_LS","1410 E John St","Seattle","WA","Safeway"
"20036","LICENSED_LS","2201 E Madison","Seattle","WA","Safeway"
"1033539","LICENSED_LS","2100 Queen Anne Ave North","Seattle","WA","Safeway"
"8345","LICENSED_LS","7823 SE 28th","Mercer Island","WA",""
"1031562","LICENSED_LS","3980 15TH AVE NE","SEATTLE","WA",""
"1019647","LICENSED_LS","4000 15th Ave. NE","Seattle","WA",""
"1025632","LICENSED_LS","915 NW 45th Street","Seattle","WA","Fred Meyer"
"18751","LICENSED_LS","1801 N 45th St","Seattle","WA",""
"18750","LICENSED_LS","2237 NW 58th ST","Seattle","WA",""
"18365","LICENSED_LS","1423 NW Market St","Seattle","WA","Safeway"
"8389","LICENSED_LS","7955 Hwy N","Dardenne Prarie","MO","Target"
"6531","LICENSED_LS","1883 Wentzville Pkwy","Wentzville","MO","Target"
"1054166","LICENSED_LS","151 Market Street","Alamosa","CO",""
"18571","LICENSED_LS","1301 Main St","Alamosa","CO","Safeway"
"1011975","LICENSED_LS","301 N Santa Claus Lane","North Pole","AK","Safeway"
"7551","LICENSED_LS","Bldg # 3703B","Fort Wainwright","AK",""
"8402","LICENSED_LS","18855 N Market Pl Dr","Aurora","OH","Target"
"1009616","LICENSED_LS","34310 Aurora Rd","Solon","OH",""
"1005231","LICENSED_LS","1285 Som Center Rd","Mayfield Heights","OH","Target"
"13689","LICENSED_LS","25105 Cedar Road","Lyndhurst","OH","Giant Eagle"
"8400","LICENSED_LS","1144 SR-303","Streetsboro","OH","Target"
"6537","LICENSED_LS","9669 Mentor Ave","Painesville","OH","Target"
"1005898","LICENSED_LS","36195 Euclid Ave","Willoughby","OH","Target"
"1033802","LICENSED_LS","1201 Mentor Ave","Painesville","OH","Giant Eagle"
"12332","LICENSED_LS","8282 Golden Link Blvd","Northfield","OH","Target"
"8317","LICENSED_LS","1677 E 115th Street","Cleveland","OH",""
"1021745","LICENSED_LS","475 Terrace Drive","Kent","OH",""
"1020208","LICENSED_LS","1125 RISMAN DR","Kent","OH",""
"1021905","LICENSED_LS","2049 East 100th","Cleveland","OH",""
"18006","LICENSED_LS","4200 Kent Rd","Stow","OH","Target"
"1005290","LICENSED_LS","3130 Main Avenue","Durango","CO",""
"1012899","LICENSED_LS","165 County Center Dr","Pagosa Springs","CO",""
"1011595","LICENSED_LS","6 Town Plaza","Durango","CO",""
"12224","LICENSED_LS","311 West College Drive","Durango","CO","Albertsons"
"1013658","LICENSED_LS","5555 Youngstown Warren Road","Niles","OH","Target"
"1015067","LICENSED_LS","4700 Belmont Ave","Youngstown","OH","Giant Eagle"
"1007548","LICENSED_LS","417 Boardman Poland Rd","Boardman","OH","Target"
"1010398","LICENSED_LS","2687 State Rd","Cuyahoga Falls","OH",""
"7475","LICENSED_LS","449 Howe Ave","Cuyahoga Falls","OH","Target"
"1012102","LICENSED_LS","4343 E Royalton Rd","Broadview Heights","OH","Giant Eagle"
"17760","LICENSED_LS","2000 Edgerton Road","Broadview Heights","OH",""
"17761","LICENSED_LS","10037 Broadview Road","Broadview Heights","OH",""
"1032978","LICENSED_LS","532 W Market St, House Three Thirty","Akron","OH",""
"1017742","LICENSED_LS","2801 West Market","Fairlawn","OH","Target"
"1027482","LICENSED_LS","141 N Forge St","Akron","OH",""
"1015710","LICENSED_LS","315 BUCHTEL COMMONS RDH","Akron","OH",""
"1024909","LICENSED_LS","1203 E Market St","Akron","OH",""
"17545","LICENSED_LS","6850 Ridge Rd","Parma","OH","Target"
"1039890","LICENSED_LS","2121 Euclid Ave","Cleveland","OH",""
"1021733","LICENSED_LS","1 ST CLAIR AVE NE","Cleveland","OH",""
"1042937","LICENSED_LS","100 Public Square","Cleveland","OH",""
"17378","LICENSED_LS","3465 Steelyard Dr","Cleveland","OH","Target"
"7512","LICENSED_LS","3100 W 117th St","Cleveland","OH","Target"
"1028010","LICENSED_LS","1313 N. 1st Street","Hamilton","MT","Albertsons"
"10877","LICENSED_LS","1291 Sanguinettie Rd","Sonora","CA","Safeway"
"17416","LICENSED_LS","12110 Industry Blvd","Jackson","CA","Safeway"
"12922","LICENSED_LS","500 W University","Denton","TX","Kroger"
"8738900","LICENSED_LS","Rayzor Ranch, 3120 Heritage Trl","Denton","TX","Target"
"1016334","LICENSED_LS","2321 W. University Dr.","Denton","TX","Albertsons"
"1014175","LICENSED_LS","307 Administration Drive","Denton","TX",""
"1026269","LICENSED_LS","1501 W CHESTNUT ST.","Denton","TX",""
"16327","LICENSED_LS","1592 N SR-288 Loop","Denton","TX","Kroger"
"8810500","LICENSED_LS","1413 W Chapman Drive, Tom Thumb Sanger 361","Sanger","TX",""
"10110","LICENSED_LS","1801 S Loop 288","Denton","TX","Target"
"7769","LICENSED_LS","5021 Teasley Lane","Denton","TX","Kroger"
"8963500","LICENSED_LS","26550 E. University Dr.","Aubrey","TX","Target"
"1016937","LICENSED_LS","4351 FM 2181","Corinth","TX","Albertsons"
"8810700","LICENSED_LS","1046 Market Way, Tom Thumb Argyle 12","Argyle","TX",""
"1011961","LICENSED_LS","3400 FM 407 E","Bartonville","TX","Kroger"
"16258","LICENSED_LS","5959 Long Prairie Rd","Flower Mound","TX","Target"
"8452","LICENSED_LS","2301 Justin Rd","Flower Mound","TX",""
"1019160","LICENSED_LS","4650 W University Dr","Prosper","TX","Kroger"
"92615","LICENSED_LS","4301 Cross Timbers","Flower Mound","TX",""
"68458","LICENSED_LS","2671 Little Elm Park","Little Elm","TX","Kroger"
"1026265","LICENSED_LS","3800 Long Prarie Road","Flower Mound","TX",""
"9659","LICENSED_LS","2709 Cross Timbers Rd","Flower Mound","TX","Kroger"
"10472","LICENSED_LS","745 Cross Timbers Rd","Flower Mound","TX",""
"1005706","LICENSED_LS","5550 FM 423","Frisco","TX",""
"1023393","LICENSED_LS","11999 Dallas Pkwy","Frisco","TX",""
"6441","LICENSED_LS","4884 Eldorado Pkwy","Frisco","TX","Target"
"10498","LICENSED_LS","13 Market Dr","Eagle","CO",""
"12676","LICENSED_LS","0072 Beaver Creek Pl","Avon","CO",""
"7518","LICENSED_LS","600 Grandview Crossing Dr","Gibsonia","PA","Target"
"1043359","LICENSED_LS","9100 Babcock Blvd","Pittsburgh","PA",""
"1007832","LICENSED_LS","155 Town Center Dr","Wexford","PA",""
"1022039","LICENSED_LS","206 Seven Fields Blvd.","Seven Fields","PA","Giant Eagle"
"6552","LICENSED_LS","2261 Freeport Rd","Pittsburgh","PA","Target"
"10163","LICENSED_LS","4801 McKnight Rd","Pittsburgh","PA","Target"
"1017740","LICENSED_LS","1717 Route 228","Cranberry","PA","Target"
"8033","LICENSED_LS","20111 Hwy 19","Cranberry Twp","PA","Giant Eagle"
"7067","LICENSED_LS","1279 Camp Horne Rd","Pittsburgh","PA","Target"
"16963","LICENSED_LS","PA Turnpike East Milepost 49.3","Verona","PA",""
"12544","LICENSED_LS","200 Tarentum Bridge Rd","New Kensington","PA","Giant Eagle"
"16650","LICENSED_LS","910 Freeport Rd","Pittsburgh","PA",""
"1021536","LICENSED_LS","4401 Penn Avenue","Pittsburgh","PA",""
"63177","LICENSED_LS","6231 Penn Ave","Pittsburgh","PA","Target"
"1007280","LICENSED_LS","5550 Centre Ave","Pittsburgh","PA",""
"19132","LICENSED_LS","200 Lothrop St","Pittsburgh","PA",""
"1045372","LICENSED_LS","777 Casino Drive","Pittsburgh","PA",""
"1038506","LICENSED_LS","510 Market St.","Pittsburgh","PA",""
"1054540","LICENSED_LS","500 Ross Street","Pittsburgh","PA",""
"9668","LICENSED_LS","1611 North Blue Lakes Blvd","Twin Falls","ID","Target"
"1011754","LICENSED_LS","4620 SH 121","Lewisville","TX","Kroger"
"10838","LICENSED_LS","4760 State Highway 121","Lewisville","TX","Target"
"14553","LICENSED_LS","4112 N Josey","Carrollton","TX",""
"1021566","LICENSED_LS","8181 COMMUNICATIONS PARKWAY","Plano","TX",""
"9386","LICENSED_LS","725 Hebron Pkwy","Lewisville","TX","Target"
"1027551","LICENSED_LS","4343 FRISCO GREEN AVE.","FRISCO","TX",""
"1020434","LICENSED_LS","7900 WINDROSE AVENUE","Plano","TX",""
"1024366","LICENSED_LS","7121 BISHOP ROAD, 7121 BISHOP RD.","Plano","TX",""
"1007607","LICENSED_LS","3305 N. Dallas Pkwy","Plano","TX","Kroger"
"8951","LICENSED_LS","3201 Preston Rd","Frisco","TX","Target"
"9318","MALL","2601 Preston Rd., Stonebriar Mall, #2058","Frisco","TX","Stonebriar Centre"
"1023168","LICENSED_LS","2609 Preston Road","Frisco","TX",""
"8802600","LICENSED_LS","8036 DOMINION PKWY","PLANO","TX",""
"9106","LICENSED_LS","2200 Dallas Pkwy","Plano","TX","Target"
"8456","LICENSED_LS","4848 Preston Rd","Frisco","TX",""
"6575","LICENSED_LS","1075 W FM-3040","Lewisville","TX",""
"89570","LICENSED_LS","12600 N. Beach st.","Fort Worth","TX","Kroger"
"1054974","LICENSED_LS","101 Trophy Lake Drive","Trophy Club","TX",""
"19439","LICENSED_LS","3300 Texas Sage Trl","Fort Worth","TX","Kroger"
"1013394","LICENSED_LS","8917 Tehama Ridge Parkway","Fort Worth","TX","Target"
"6849","LICENSED_LS","1000 East Keller Pkwy","Keller","TX",""
"1019162","LICENSED_LS","4750 W. Bailey Boswell Rd","Fort Worth","TX","Kroger"
"1015403","LICENSED_LS","5241 N Tarrant Pkwy","Fort Worth","TX","Kroger"
"1055017","LICENSED_LS","1201 N Saginaw Blvd","Saginaw","TX","Albertsons"
"1018267","LICENSED_LS","1653 Basswood Blvd","Fort Worth","TX","Kroger"
"9105","LICENSED_LS","8000 Denton Hwy","Watauga","TX","Target"
"6850","LICENSED_LS","100 West South Lake Blvd","Southlake","TX",""
"1023688","LICENSED_LS","206 N Grand","Gainesville","TX",""
"1014526","LICENSED_LS","1250 N Preston Rd","Prosper","TX","Kroger"
"1052687","LICENSED_LS","401 Gates Pkwy","Prosper","TX","Target"
"1055217","LICENSED_LS","11401 Coit Rd","Frisco","TX",""
"1024372","LICENSED_LS","1801 Lake Forest Dr.","McKinney","TX","Kroger"
"1017522","LICENSED_LS","6800 W. Virginia Pkwy","McKinney","TX","Albertsons"
"1005380","LICENSED_LS","12221 Custer Road","Frisco","TX","Kroger"
"1014906","LICENSED_LS","100 East Taylor Street","Sherman","TX","Albertsons"
"1039486","LICENSED_LS","2655 Shasta Way","Klamath Falls","OR","Fred Meyer"
"1013702","LICENSED_LS","5500 S 6th St","Klamath Falls","OR","Safeway"
"1040972","LICENSED_LS","4810 Old William Penn Highway","Export","PA",""
"1038312","LICENSED_LS","4004 Monroeville Blvd","Monroeville","PA","Target"
"12893","LICENSED_LS","4010 Monroville Blvd","Monroeville","PA","Giant Eagle"
"7070","LICENSED_LS","8931 Rte 30","Irwin","PA","Target"
"1021530","LICENSED_LS","6206 State Rte 30","Greensburg","PA","Target"
"1007498","LICENSED_LS","360 E Waterfront Dr","West Homestead","PA","Target"
"1026523","LICENSED_LS","1717 Lebanon Church Rd","West Mifflin","PA","Target"
"1038201","LICENSED_LS","9901 Mountain View Dr","West Mifflin","PA","Giant Eagle"
"12133","LICENSED_LS","1000 Locust Street","Pittsburgh","PA",""
"1043494","LICENSED_LS","600 Towne Square Way","Pittsburgh","PA","Giant Eagle"
"1007549","LICENSED_LS","600 Chauvet Dr","Fayette","PA","Target"
"1007123","LICENSED_LS","100 Settlers Ridge Center Dr","Pittsburgh","PA",""
"1042918","LICENSED_LS","1800 McKees Rocks Road","McKees Rocks","PA","Giant Eagle"
"1014066","LICENSED_LS","1000 Airport Blvd","Pittsburgh","PA",""
"1040072","LICENSED_LS","3239 Washington Pike","Bridgeville","PA","Giant Eagle"
"114073","LICENSED_LS","201 South Hills Village","Pittsburgh","PA","Target"
"1007124","LICENSED_LS","7000 Oxford Dr","Bethel Park","PA",""
"1006371","LICENSED_LS","2840 Washingotn Blvd","McMurray","PA",""
"7068","LICENSED_LS","87 Wagner Rd","Monaca","PA","Target"
"89860","LICENSED_LS","1 Morrow Way 101 Smith Student Center","Slippery Rock","PA",""
"1055289","LICENSED_LS","14922 Olympic Drive","Clearlake","CA","Safeway"
"1045042","LICENSED_LS","1129 Napo Way","Lakeport","CA",""
"11018","LICENSED_LS","1071 11th Street","Lakeport","CA","Safeway"
"1025879","LICENSED_LS","1929 Preston Road","Plano","TX",""
"16838","LICENSED_LS","16731 Coit Rd","Dallas","TX","Target"
"1026084","LICENSED_LS","3901 W. 15TH ST.","Plano","TX",""
"14419","LICENSED_LS","1380 W Campbell Rd","Richardson","TX",""
"18281","LICENSED_LS","14999 Preston Rd","Dallas","TX",""
"1018388","LICENSED_LS","3730 Belt Line Rd","Addison","TX","Target"
"1020286","LICENSED_LS","800 W. CAMPBELL ROAD","Richardson","TX",""
"9114100","LICENSED_LS","800 W. Campbell Road","Richardson","TX",""
"7112","LICENSED_LS","3100 Independence Pkwy","Plano","TX",""
"13728","LICENSED_LS","14280 Marsh Lane","Addison","TX",""
"16779","MALL","5223 Alpha Rd, Galleria North","Dallas","TX","Noel and Alpha"
"15279","MALL","13350 Dallas Pkwy, Dallas Galleria, Suite 2505","Dallas","TX","Dallas Galleria"
"1018271","LICENSED_LS","13131 Montfort Drive","Dallas","TX","Target"
"6428","LICENSED_LS","2925 Custer Road","Plano","TX","Kroger"
"16234","LICENSED_LS","8532 Davis Blvd","North Richland Hills","TX","Target"
"1011626","LICENSED_LS","9150 N Tarrant Pkwy","North Richland Hills","TX","Kroger"
"1033611","LICENSED_LS","2102 E. State Highway 114","Southlake","TX",""
"1026209","LICENSED_LS","5605 Colleyville Blvd.","Colleyville","TX",""
"1009004","LICENSED_LS","302 S. Park Blvd.","Grapevine","TX",""
"12497","LICENSED_LS","612 Grapevine Hwy","Hurst","TX",""
"13745","LICENSED_LS","1101 Ira E Woods Ave","Grapevine","TX","Target"
"1026202","LICENSED_LS","480 Northwest Parkway","Azle","TX","Albertsons"
"9628","LICENSED_LS","6604 Lake Worth Blvd","Lake Worth","TX","Target"
"7736","LICENSED_LS","751 Alta Mere Dr","Fort Worth","TX","Target"
"1025350","LICENSED_LS","700 N Denton Tap Road","Coppell","TX",""
"1009005","LICENSED_LS","106 N Denton Tap Rd","Coppell","TX",""
"6405","LICENSED_LS","1400 East Highway 26","Grapevine","TX",""
"1007509","LICENSED_LS","3200 E Airfield Dr","Dallas","TX",""
"1012109","LICENSED_LS","3200 E Airfield Dr","Dallas","TX",""
"1021235","LICENSED_LS","International Parkway DFW","DFW Airport","TX",""
"1022548","LICENSED_LS","3200 E Airfield Dr.","DFW Airport","TX",""
"1022552","LICENSED_LS","3301 S 22nd Ave","DFW Airport","TX",""
"94952","LICENSED_LS","3200 E Airfield Dr","Dallas","TX",""
"1023723","LICENSED_LS","3301 S 22nd Ave","DFW Airport","TX",""
"1026525","LICENSED_LS","3301 S 22nd Ave","DFW Airport","TX",""
"1015669","LICENSED_LS","7845 N MacArthur Blvd","Irving","TX","Target"
"1010297","LICENSED_LS","3200 E Airfield Dr","Dallas","TX",""
"1025358","LICENSED_LS","3200 E Airfield Dr","DFW Airport","TX",""
"1006765","LICENSED_LS","7505 N MacArthur Blvd","Irving","TX","Kroger"
"1045277","LICENSED_LS","9617 Coit Rd","Plano","TX","Kroger"
"10105","LICENSED_LS","8900 State Hwy 121","McKinney","TX","Target"
"1019468","LICENSED_LS","6100 El Dorado Parkway","McKinney","TX",""
"7877","LICENSED_LS","PA turnpike Westbound Mile marker 77.6","Hunker","PA",""
"1023437","LICENSED_LS","335 Washington Rd","Washington","PA","Target"
"12945","LICENSED_LS","331 Washington Rd","Washington","PA","Giant Eagle"
"66228","LICENSED_LS","100 St. Thomas Dr","Weirton","WV","Kroger"
"1022099","LICENSED_LS","264 South Hollywood Blvd","Steubenville","OH","Kroger"
"1009535","LICENSED_LS","11th Street","Indiana","PA",""
"8825100","LICENSED_LS","7777 FOREST LANE","DALLAS","TX",""
"14691","LICENSED_LS","9140 Forest Lane","Dallas","TX","Kroger"
"13224","LICENSED_LS","630 S Plano Rd","Richardson","TX","Target"
"1005294","LICENSED_LS","8698 Skillman St","Dallas","TX",""
"18092","LICENSED_LS","3757 Forest Lane","Dallas","TX",""
"14836","LICENSED_LS","120 W Parker Rd","Plano","TX","Target"
"10402","LICENSED_LS","1320 W. Mcdermott Drive","Allen","TX","Kroger"
"1014884","LICENSED_LS","985 W Bethany Dr","Allen","TX",""
"14492","LICENSED_LS","200 New Albany Plaza","New Albany","IN","Kroger"
"8437","LICENSED_LS","1125 Veterans Pkwy","Clarksville","IN","Target"
"1022066","LICENSED_LS","1027 Jeffersonville Commons","Jeffersonville","IN","Kroger"
"8544300","LICENSED_LS","311 S 4th St","Louisville","KY",""
"14142","LICENSED_LS","280 W Jefferson St","Louisville","KY",""
"1015631","LICENSED_LS","555 Floyd Street","Louisville","KY",""
"1015625","LICENSED_LS","2301 S. 3rd Street","Louisville","KY",""
"1019376","LICENSED_LS","2100 S. Floyd Street","Louisville","KY",""
"10998","LICENSED_LS","4174 Westport Rd","St. Matthews","KY","Target"
"1018087","LICENSED_LS","3165 SOUTH SECOND ST","Louisville","KY","Kroger"
"12923","LICENSED_LS","4010 N MacArthur Blvd","Irving","TX",""
"10835","LICENSED_LS","150 E Stacy Road Bldg 2400","Allen","TX","Target"
"6442","LICENSED_LS","2025 N Central Expy","McKinney","TX","Target"
"1011923","LICENSED_LS","4000 Glade Road","Colleyville","TX",""
"8906","LICENSED_LS","1401 W Glade Rd","Euless","TX","Target"
"1028693","LICENSED_LS","1060 N Main","Euless","TX","Kroger"
"8789200","LICENSED_LS","10210 Memorial Pkwy NE","Huntsville","AL","Food City"
"8761200","LICENSED_LS","150 Old Gurley Rd. N.E.","Huntsville","AL","Food City"
"1053025","LICENSED_LS","707 Monroe Street SW","Huntsville","AL",""
"1045392","LICENSED_LS","20 Town Center Drive","Huntsville","AL",""
"1054550","LICENSED_LS","245 Governors Dr","Huntsville","AL",""
"1052599","LICENSED_LS","101 SIVLEY RD","HUNTSVILLE","AL",""
"19357","LICENSED_LS","7090 University Dr","Huntsville","AL","Kroger"
"16408","LICENSED_LS","6275 University Dr","Huntsville","AL","Target"
"8761500","LICENSED_LS","3608 Governors Dr SW","Huntsville","AL","Food City"
"9720","LICENSED_LS","1153 Butte House Rd","Yuba City","CA","Target"
"7298","LICENSED_LS","18455 County Rd 102","Woodland","CA","Target"
"8812100","LICENSED_LS","6900 AIRPORT BLVD","Sacramento","CA",""
"8734700","LICENSED_LS","6900 AIRPORT BLVD","Sacramento","CA",""
"8799800","LICENSED_LS","6900 AIRPORT BLVD","Sacramento","CA",""
"7055","LICENSED_LS","655 Cheshire Rd","Lanesborough","MA","Target"
"1013703","LICENSED_LS","555 Hubbard Ave","Pittsfield","MA",""
"1032109","LICENSED_LS","625 3rd Ave Ext","East Greenbush","NY","Target"
"1011484","LICENSED_LS","214 Northside Dr","Bennington","VT",""
"1007252","LICENSED_LS","873 New Loudon Rd","Latham","NY",""
"1007600","LICENSED_LS","475 Albany-Shaker Rd","Albany","NY",""
"12328","LICENSED_LS","675 Troy Schenectady Rd","Latham","NY","Target"
"1011298","LICENSED_LS","329 Glenmont Rd","Glenmont","NY",""
"9985","LICENSED_LS","737 Albany-Shaker Road","Albany","NY",""
"1017202","LICENSED_LS","1400 Washington Avenue","Albany","NY",""
"20058","LICENSED_LS","1440 Central Ave","Albany","NY","Target"
"15970","LICENSED_LS","680F W Washington","Sequim","WA","Safeway"
"91295","LICENSED_LS","744 N Main Street","Heber City","UT",""
"12370","LICENSED_LS","1760 Park Ave","Park City","UT",""
"1005153","LICENSED_LS","1725 West Uinta Way","Park City","UT",""
"15987","LICENSED_LS","3151 W Kilby Rd","Park City","UT",""
"9826","LICENSED_LS","5230 Campbell Blvd","Baltimore","MD","Target"
"11554","LICENSED_LS","9645 Belair Rd.","Perry Hall","MD","Safeway"
"13078","LICENSED_LS","8858 Waltham Wood Rd","Parkville","MD","Safeway"
"1055415","LICENSED_LS","1955 E Joppa Rd","Baltimore","MD","Giant"
"9534","LICENSED_LS","1330 Martin Blvd","Middle River","MD","Target"
"10627","LICENSED_LS","1238 Putty Hill Ave","Towson","MD","Target"
"19103","LICENSED_LS","1017 York Rd","Towson","MD","Safeway"
"19115","LICENSED_LS","4501 N Charles St","Baltimore","MD",""
"1045411","LICENSED_LS","401 N. Broadway","Baltimore","MD",""
"1045400","LICENSED_LS","601 N. Caroline St., Outpatient Center","Baltimore","MD",""
"1007562","LICENSED_LS","3779 Boston St","Baltimore","MD","Harris Teeter"
"1006058","LICENSED_LS","3559 Boston St","Baltimore","MD","Target"
"11997","LICENSED_LS","2610 Boston Street","Baltimore","MD","Safeway"
"1005926","LICENSED_LS","9901 York Rd","Cockeysville","MD","Target"
"13927","LICENSED_LS","3499 Sweet Air Rd.","Phoenix","MD","Safeway"
"1014634","LICENSED_LS","1801 Whetstone Way","Baltimore","MD","Harris Teeter"
"8666700","LICENSED_LS","101 Performance Dr.","Baltimore","MD",""
"9123","LICENSED_LS","403 Constant Friendship Blvd","Abingdon","MD","Target"
"8340","LICENSED_LS","580 Marketplace Dr","Bel Air","MD","Target"
"1019929","LICENSED_LS","1737 Reisterstown Rd","Pikesville","MD","Target"
"1011922","LICENSED_LS","1703 Fremont Dr","Canon City","CO",""
"1009964","LICENSED_LS","1283 Roughrider Blvd","Dickinson","ND",""
"1017461","LICENSED_LS","4211 Mountain Rd","Pasadena","MD","Safeway"
"1017745","LICENSED_LS","611 Railroad Avenue","Centreville","MD",""
"6843","LICENSED_LS","1925 Main St","Chester","MD","Safeway"
"1033323","LICENSED_LS","200 Kent Manor Drive","Stevensville","MD","Target"
"15070","LICENSED_LS","575 Ritchie Hwy","Severna Park","MD","Giant"
"18273","LICENSED_LS","1451 Ritchie Hwy","Arnold","MD","Safeway"
"1018248","LICENSED_LS","143 Ritchie Hwy","Severna Park","MD","Harris Teeter"
"16298","LICENSED_LS","6717 Ritchie Hwy","Glen Burnie","MD","Target"
"1020158","LICENSED_LS","6626 N. Ritchie Hwy.","Glen Burnie","MD","Giant"
"12401","LICENSED_LS","540 Benfield Rd.","Severna Park","MD","Safeway"
"10201","LICENSED_LS","7951 Nolpark Ct","Glen Burnie","MD","Target"
"8758900","LICENSED_LS","7000 Arundel Mills Circle","Hanover","MD",""
"1013989","LICENSED_LS","BWI Airport","Baltimore","MD",""
"17727","LICENSED_LS","Third floor Terminal Bldg","Baltimore","MD",""
"1016416","LICENSED_LS","BWI Airport","Baltimore","MD",""
"12567","LICENSED_LS","7643 Arundel Mills Blvd","Hanover","MD","Safeway"
"18717","LICENSED_LS","1000 Hilltop Circle","Baltimore","MD",""
"1053334","LICENSED_LS","4622 Wilkens Ave","Baltimore","MD","Giant"
"12506","LICENSED_LS","6111 Dobbin Rd","Columbia","MD","Target"
"12762","LICENSED_LS","4390 Montgomery Rd","Ellicott City","MD","Target"
"1007604","LICENSED_LS","2799 Rose St","Fort Meade","MD",""
"10562","LICENSED_LS","8620 Gilford Rd.","Columbia","MD","Harris Teeter"
"17324","LICENSED_LS","10901 Little Patuxent Parkway","Columbia","MD",""
"6465","LICENSED_LS","3343 Corridor Marketplace","Laurel","MD","Target"
"1040494","LICENSED_LS","5755 Cedar Lane","Columbia","MD",""
"1009884","LICENSED_LS","14701 Baltimore Ave","Laurel","MD","Harris Teeter"
"1021134","LICENSED_LS","8184 Westside Blvd.","Fulton","MD","Harris Teeter"
"13075","LICENSED_LS","225 Brier Hill Dr, Greenbriar Shopping Center","Bel Air","MD","Safeway"
"8554400","LICENSED_LS","I-95","Aberdeen","MD",""
"1024314","LICENSED_LS","24 Rising Sun Town Center","Rising Sun","MD",""
"16175","LICENSED_LS","10335 Reisterstown Rd.","Owings Mills","MD","Safeway"
"1032009","LICENSED_LS","10101 Grand Central Ave.","Owings Mills","MD",""
"1025935","LICENSED_LS","10210 Mill Run Circle","Owings Mills","MD","Giant"
"1007649","LICENSED_LS","200 Malcolm Drive","Westminster","MD","Target"
"8849","LICENSED_LS","444 Western Maryland College Dr","Westminster","MD","Safeway"
"1011091","LICENSED_LS","1320 Londontown Blvd","Eldersburg","MD",""
"1014507","LICENSED_LS","1217 S Main Street","Maryville","MO","Hy-Vee"
"1005571","LICENSED_LS","800 University Dr","Maryville","MO",""
"1026759","LICENSED_LS","340 Carroll Ave","Dekalb","IL",""
"11009","LICENSED_LS","2555 Sycamore Rd","DeKalb","IL","Target"
"1028329","LICENSED_LS","541 Puri Parkway","Sycamore","IL",""
"1017276","LICENSED_LS","220 W Peace Road","Sycamore","IL",""
"52016","LICENSED_LS","200 Vintage Way","Novato","CA","Target"
"12210","LICENSED_LS","900 Diablo Ave.","Novato","CA","Safeway"
"10829","LICENSED_LS","5720 Nave Drive","Novato","CA","Safeway"
"7795","LICENSED_LS","950 Las Gallinas","San Rafael","CA","Safeway"
"15789","LICENSED_LS","838 Sir Francis Drake Blvd.","San Anselmo","CA","Safeway"
"7012","LICENSED_LS","700 B Street","San Rafael","CA","Safeway"
"1006016","LICENSED_LS","125 Shoreline Pkwy","San Rafael","CA","Target"
"1005434","LICENSED_LS","401 Kenilworth Dr","Petaluma","CA","Target"
"89877","LICENSED_LS","389 S McDowell Blvd","Petaluma","CA","Safeway"
"8966","LICENSED_LS","270 Bon Air Shopping Center, Bon Air Shopping Center","Greenbrae","CA",""
"16967","LICENSED_LS","477 W Napa","Sonoma","CA","Safeway"
"12406","LICENSED_LS","137 Corte Madera Town Center","Corte Madera","CA","Safeway"
"11370","LICENSED_LS","1400 Fitzgerald Dr","Pinole","CA","Target"
"1029291","LICENSED_LS","4080 San Pablo Avenue","Hercules","CA","Safeway"
"8471","LICENSED_LS","110 Strawberry Village","Mill Valley","CA","Safeway"
"1009349","LICENSED_LS","904 Admiral Callaghan Ln","Vallejo","CA","Target"
"7294","LICENSED_LS","4500 Macdonald Ave","Richmond","CA","Target"
"7947","LICENSED_LS","122 Robies Way","Vallejo","CA","Safeway"
"65667","LICENSED_LS","11450 San Pablo Ave","El Cerrito","CA","Safeway"
"8837200","LICENSED_LS","James Madison University, 880 Madison Drive","Harrisonburg","VA",""
"113821","LICENSED_LS","1251 Carrier Drive","Harrisonburg","VA",""
"1009608","LICENSED_LS","1681 Carrier Drive","Harrisonburg","VA",""
"8524","LICENSED_LS","1995 E Market St","Harrisonburg","VA","Target"
"1016221","LICENSED_LS","2035 E. Market St.","Harrisonburg","VA",""
"87042","LICENSED_LS","2384 Brandermill Blvd","Gambrills","MD","Target"
"13067","LICENSED_LS","2644 Chapel Lake Dr.","Gambrills","MD","Safeway"
"1040365","LICENSED_LS","1649 Crofton Center","Crofton","MD","Giant"
"10693","LICENSED_LS","1911 Towne Centre Blvd","Annapolis","MD","Target"
"13085","LICENSED_LS","2635 Housely Rd","Annapolis","MD","Safeway"
"1043369","LICENSED_LS","Annapolis Mall, 2002 Annapolis Mall","Annapolis","MD",""
"1016225","LICENSED_LS","15501 ANNAPOLIS RD","Bowie","MD","Harris Teeter"
"1033703","LICENSED_LS","12028 Cherry Hill Rd","Silver Spring","MD","Giant"
"10935","LICENSED_LS","12000 Cherry Hill Rd","Silver Spring","MD","Target"
"11357","LICENSED_LS","15449 New Hampshire Ave.","Silver Spring","MD","Safeway"
"17637","LICENSED_LS","6050 Daybreak Cir","Clarksville","MD","Giant"
"20307","LICENSED_LS","6100 Greenbelt Rd","Greenbelt","MD","Target"
"6398","LICENSED_LS","12410 Fairwood Prky","Bowie","MD","Safeway"
"1041962","LICENSED_LS","11075 Resort Rd","Ellicott City","MD","Harris Teeter"
"1040793","LICENSED_LS","2014 Champions Gateway NW, 1","Canton","OH",""
"8496","LICENSED_LS","1980 Lincoln Way","Massillon","OH","Target"
"7680","LICENSED_LS","5584 Dressler Rd NW","North Canton","OH","Target"
"1017377","LICENSED_LS","6493 STRIP AVENUE NW","North Canton","OH","Giant Eagle"
"8225","LICENSED_LS","3000 E Highland Dr, Suite A","Jonesboro","AR","Target"
"1016156","LICENSED_LS","105 N Caraway Rd","Jonesboro","AR",""
"91750","LICENSED_LS","1444 Shattuck Place","Berkeley","CA","Safeway"
"11587","LICENSED_LS","1057 Eastshore Hwy","Albany","CA","Target"
"1020440","LICENSED_LS","1414 University Ave","Berkeley","CA","Target"
"1008909","LICENSED_LS","6130 College Avenue","Oakland","CA","Safeway"
"20033","LICENSED_LS","1555 40th St","Emeryville","CA","Target"
"11331","LICENSED_LS","3540 Mt. Diablo Blvd.","Lafayette","CA","Safeway"
"10806","LICENSED_LS","3550 Fruitvale Ave","Oakland","CA","Safeway"
"17472","LICENSED_LS","6688 Alhambra Ave","Martinez","CA","Safeway"
"14956","MALL","1544 Palos Verdes Mall, Palos Verdes Mall, Suite 44","Walnut Creek","CA","Geary & Camino Verde"
"1006018","LICENSED_LS","2700 Fifth St","Alameda","CA","Target"
"1008910","LICENSED_LS","2600 5th Street","Alameda","CA","Safeway"
"8332","LICENSED_LS","1355 Moraga Way","Moraga","CA","Safeway"
"8631","LICENSED_LS","50 Solano Square","Benicia","CA","Safeway"
"9976","LICENSED_LS","600 Patterson Blvd.","Pleasant Hill","CA","Safeway"
"1017811","LICENSED_LS","180 DONAHUE STREET","Sausalito","CA","Target"
"17332","LICENSED_LS","2350 Noriega Street","San Francisco","CA","Safeway"
"1006015","LICENSED_LS","2675 Geary Blvd","San Francisco","CA","Target"
"11894","LICENSED_LS","2435 California Street","San Francisco","CA",""
"1019235","LICENSED_LS","233 Winston Dr","San Francisco","CA","Target"
"11053","LICENSED_LS","2020 Market St.","San Francisco","CA","Safeway"
"10624","LICENSED_LS","170 O'Farrell St","San Francisco","CA",""
"92309","LICENSED_LS","789 Mission Street","San Francisco","CA","Target"
"113720","LICENSED_LS","205 Soscol Ave","Napa","CA","Target"
"18570","LICENSED_LS","3375 Jefferson Square","Napa","CA","Safeway"
"16832","LICENSED_LS","4000 Bel Aire Plaza","Napa","CA","Target"
"1022354","LICENSED_LS","5051 Business Center Dr","Fairfield","CA","Safeway"
"1026087","LICENSED_LS","2059 Cadenasso Dr","Fairfield","CA","Target"
"9621","LICENSED_LS","2401 Waterman Blvd","Fairfield","CA","Safeway"
"15053","MALL","1450 Travis Boulevard, Solano Mall, P-1","Fairfield","CA","Solano Town Center at Travis B"
"14185","LICENSED_LS","3000 Harbison Dr","Vacaville","CA","Target"
"6700","LICENSED_LS","461 Skymaster Circle","Travis AFB","CA",""
"16804","LICENSED_LS","475 Rohnert Park Expy W","Rohnert Park","CA","Target"
"9841","LICENSED_LS","6340 Commerce Blvd","Rohnert Park","CA","Safeway"
"1007508","LICENSED_LS","630 Park Ct","Rohnert Park","CA",""
"9633","LICENSED_LS","1980 Santa Rosa Ave","Santa Rosa","CA","Target"
"16933","LICENSED_LS","406 N. Main St.","Sebastopol","CA","Safeway"
"1021044","LICENSED_LS","1211 W College Ave","Santa Rosa","CA","Safeway"
"7954","LICENSED_LS","1799 Marlow Road","Santa Rosa","CA","Safeway"
"18596","LICENSED_LS","2751 Fourth St","Santa Rosa","CA","Safeway"
"1007501","LICENSED_LS","950 Coddingtown Ctr","Santa Rosa","CA","Target"
"14235","LICENSED_LS","2210 Mendocino Ave","Santa Rosa","CA","Safeway"
"8468","LICENSED_LS","100 Calistoga Rd","Santa Rosa","CA","Safeway"
"17734","LICENSED_LS","16405 River Rd","Guerneville","CA","Safeway"
"6443","LICENSED_LS","3092 N Eastman Rd, Ste 100","Longview","TX","Target"
"8792600","LICENSED_LS","3121 N Eastman Rd","Longview","TX",""
"9927","LICENSED_LS","Hwy 285 & Light Ln","Conifer","CO","Safeway"
"8029","LICENSED_LS","25637 Conifer Road","Conifer","CO","King Soopers"
"113321","LICENSED_LS","8126 S Wadsworth Blvd","Littleton","CO","King Soopers"
"16148","LICENSED_LS","2205 Wildcat Reserve Pkwy","Highlands Ranch","CO","King Soopers"
"8085","LICENSED_LS","3851 S. Hwy #74","Evergreen","CO","Safeway"
"1009041","LICENSED_LS","6760 Pierce Street","Littleton","CO","King Soopers"
"8895","LICENSED_LS","9390 W Cross Dr","Littleton","CO","Target"
"11006","LICENSED_LS","1265 SGT Jon Stiles Dr","Highlands Ranch","CO","Target"
"13066","LICENSED_LS","9255 S Broadway","Highlands Ranch","CO","Safeway"
"6857","LICENSED_LS","181 W Mineral Ave","Littleton","CO","Safeway"
"13683","LICENSED_LS","4000 Red Cedar Drive","Highlands Ranch","CO","King Soopers"
"12814","LICENSED_LS","1950 E County Line Rd","Highlands Ranch","CO","Target"
"8072","LICENSED_LS","9551 S University","Highlands Ranch","CO","King Soopers"
"16975","LICENSED_LS","1173 Bergen Pkwy","Evergreen","CO","King Soopers"
"1005287","LICENSED_LS","5050 S Federal Blvd","Englewood","CO","King Soopers"
"1018127","LICENSED_LS","5544 Promenade Pkwy","Castle Rock","CO","King Soopers"
"1012056","LICENSED_LS","7575 S University Blvd","Centennial","CO","King Soopers"
"1007479","LICENSED_LS","100 W Littleton Blvd","Littleton","CO","King Soopers"
"9283","LICENSED_LS","3100 S Sheridan","Denver","CO","King Soopers"
"13071","LICENSED_LS","880 Perry St.","Castle Rock","CO","Safeway"
"13125","LICENSED_LS","1545 S Kipling Parkway","Lakewood","CO","King Soopers"
"8659","LICENSED_LS","13111 W Alameda Pkwy","Lakewood","CO","Safeway"
"1006162","LICENSED_LS","5010 Founders Parkway","Castle Rock","CO","Target"
"18809","LICENSED_LS","8200 S Holly","Littleton","CO","King Soopers"
"8451","LICENSED_LS","3965 Dowlen","Beaumont","TX","Kroger"
"14201","LICENSED_LS","5850 Eastex Fwy","Beaumont","TX","Target"
"1017209","LICENSED_LS","121 Redbird Lane","Beaumont","TX",""
"8873","LICENSED_LS","3100 Hwy 365 Ste 90","Port Arthur","TX","Target"
"1013817","LICENSED_LS","4010 Battleground Ave","Greensboro","NC","Harris Teeter"
"10146","LICENSED_LS","1628 Highwoods Blvd","Greensboro","NC","Target"
"1013576","LICENSED_LS","401 Pisgah Church Rd","Greensboro","NC","Harris Teeter"
"1016307","LICENSED_LS","1000 Ted Johnson Pkwy","Greensboro","NC",""
"1016484","LICENSED_LS","1000 Ted Johnson Pkwy","Greensboro","NC",""
"1022064","LICENSED_LS","2701 Lawndale Dr","Greensboro","NC","Target"
"1013340","LICENSED_LS","2639 Lawndale Dr","Greensboro","NC","Harris Teeter"
"12184","LICENSED_LS","701 Frances King St","Greensboro","NC","Harris Teeter"
"8391","LICENSED_LS","1024 S Main St","Kernersville","NC","Target"
"18636","LICENSED_LS","971 S Main St","Kernersville","NC","Harris Teeter"
"1032318","LICENSED_LS","3330 West Friendly Avenue","Greensboro","NC","Harris Teeter"
"89297","LICENSED_LS","1212 Bridford Pkwy","Greensboro","NC","Target"
"63123","LICENSED_LS","1601 E Market St","Greensboro","NC",""
"87155","LICENSED_LS","5420 University Pkwy","Winston-Salem","NC","Target"
"1029368","LICENSED_LS","1589 Skeet Club Rd","High Point","NC","Harris Teeter"
"1016274","LICENSED_LS","1501 W 5th Street","Marysville","OH","Kroger"
"1055972","LICENSED_LS","12116 Sycamore Trace","Plain City","OH","Kroger"
"13716","LICENSED_LS","7100 Hospital Drive","Dublin","OH","Kroger"
"14225","LICENSED_LS","6700 Perimeter Loop Rd","Dublin","OH",""
"8873000","LICENSED_LS","7525 Guard Well St","Powell","OH","Kroger"
"10491","LICENSED_LS","3975 W Powell Rd","Powell","OH","Kroger"
"1040580","LICENSED_LS","4000 West Powell Road","Powell","OH",""
"17021","LICENSED_LS","801 North Houck Road","Delaware","OH","Kroger"
"1009048","LICENSED_LS","10560 Sawmill Rd","Powell","OH","Target"
"7161","LICENSED_LS","7625 SAWMILL RD","Dublin","OH","Kroger"
"18310","LICENSED_LS","6000 Sawmill Rd","Dublin","OH","Target"
"1024017","LICENSED_LS","4656 Cemetery Road","Hilliard","OH","Kroger"
"1038546","LICENSED_LS","4001 Britton Parkway","Hilliard","OH",""
"9544","LICENSED_LS","4211 Trueman Blvd","Hilliard","OH","Target"
"14156","LICENSED_LS","4747 Sawmill Rd","Columbus","OH",""
"18728","LICENSED_LS","6417 Columbus Pike","Lewis Center","OH","Kroger"
"6538","LICENSED_LS","1970 Hililard Rome Rd","Columbus","OH","Target"
"13130","LICENSED_LS","1111 Polaris Parkway","Columbus","OH",""
"1013937","LICENSED_LS","1177 Polaris Parkway","Columbus","OH","Kroger"
"15985","LICENSED_LS","199 Graceland Blvd","Columbus","OH","Kroger"
"9543","LICENSED_LS","55 Graceland Blvd","Columbus","OH","Target"
"1007830","LICENSED_LS","3061 Kingsdale Ctr","Columbus","OH",""
"1019401","LICENSED_LS","1485 Polaris Pkwy","Columbus","OH","Target"
"10020","LICENSED_LS","5800 W. Broad Street","Galloway","OH","Kroger"
"1010022","LICENSED_LS","3535 Olentangy River Rd","Columbus","OH",""
"1021522","LICENSED_LS","595 SHELBURNE RD.","Burlington","VT",""
"1023405","LICENSED_LS","155 Dorset Street South","South Burlington","VT","Target"
"1053909","LICENSED_LS","90 Center Rd","Essex Junction","VT",""
"91306","LICENSED_LS","1320 Broadway Plaza","Walnut Creek","CA",""
"6459","LICENSED_LS","1871 N Main St","Walnut Creek","CA","Target"
"12743","LICENSED_LS","600 S. Broadway","Walnut Creek","CA","Safeway"
"18532","LICENSED_LS","200 Alamo Plaza","Alamo","CA","Safeway"
"14590","LICENSED_LS","2227 South Shore Center","Alameda","CA","Safeway"
"9525","LICENSED_LS","1499 Washington Ave","San Leandro","CA","Safeway"
"11888","LICENSED_LS","710 Bancroft Rd","Walnut Creek","CA","Safeway"
"12356","LICENSED_LS","298 King Street","San Francisco","CA","Safeway"
"11472","LICENSED_LS","2300 16th St. Unit 203","San Francisco","CA","Safeway"
"52078","LICENSED_LS","560 Contra Costa Blvd","Pleasant Hill","CA","Target"
"86952","LICENSED_LS","707 Contra Costa Blvd","Pleasant Hill","CA","Safeway"
"15005","LICENSED_LS","2600 Willow Pass Rd","Concord","CA","Safeway"
"17774","LICENSED_LS","4309 Clayton Rd","Concord","CA","Safeway"
"10653","LICENSED_LS","3316 SE 6th Ave","Aberdeen","SD","Target"
"9836","LICENSED_LS","607 Omache Rd","Omak","WA","Safeway"
"13089","LICENSED_LS","624 Hwy 105","Monument","CO","Safeway"
"114023","LICENSED_LS","1070 W Baptist Rd","Colorado Springs","CO","King Soopers"
"13094","LICENSED_LS","1101 E Hwy 24","Woodland Park","CO","Safeway"
"8075","LICENSED_LS","750 Ridge Road","Castle Rock","CO","King Soopers"
"8576400","LICENSED_LS","2731 North Gate Blvd","Colorado Springs","CO","King Soopers"
"15129","LICENSED_LS","840 Village Center Blvd","Colorado Springs","CO","Safeway"
"11253","LICENSED_LS","8750 N Union Blvd","Colorado Springs","CO","Safeway"
"7620","LICENSED_LS","9225 North Union Blvd","Colorado Springs","CO","King Soopers"
"7641","LICENSED_LS","9670 Promenent Point","Colorado Springs","CO","Target"
"113320","LICENSED_LS","3570 Hartsel Drive","Colorado Springs","CO","King Soopers"
"1026347","LICENSED_LS","10101 Ridge Gate Pkwy","Lone Tree","CO",""
"8475","LICENSED_LS","10001 Commons St","Lone Tree","CO","Target"
"18026","LICENSED_LS","12959 So Parker rd","Parker","CO","King Soopers"
"11934","LICENSED_LS","9229 E. Lincoln Ave","Lone Tree","CO","Safeway"
"7709","LICENSED_LS","3650 Riverpoint Pkwy","Sheridan","CO","Target"
"1044135","LICENSED_LS","500 E. Hampden Ave, E Hampden and S Pearl St Englewood, 120","Englewood","CO",""
"9256","LICENSED_LS","6000 S Holly","Greenwood Village","CO","King Soopers"
"12955","LICENSED_LS","8673 S Quebec","Highlands Ranch","CO","King Soopers"
"113242","LICENSED_LS","3495 S University Blvd.","Englewood","CO","King Soopers"
"1022931","LICENSED_LS","6350 S Fiddlers Green Circle","Greenwood Village","CO",""
"1029966","LICENSED_LS","2055 E. Evans Avenue","Denver","CO",""
"1026339","LICENSED_LS","401 E. Main St.","Black Hawk","CO",""
"12992","LICENSED_LS","15173 HWY 119","Black Hawk","CO",""
"1012538","LICENSED_LS","1200 16th Street","Golden","CO",""
"17625","LICENSED_LS","14500 W Colfax Ave, Unit B1","Lakewood","CO","Target"
"1016585","LICENSED_LS","12043 W Alameda Pkwy","Lakewood","CO","King Soopers"
"14402","LICENSED_LS","3400 Yongfield","Wheat Ridge","CO","King Soopers"
"1019102","LICENSED_LS","1717 Olentangy River Rd","Columbus","OH","Target"
"1007614","LICENSED_LS","840 W 3rd Av","Columbus","OH",""
"9224000","LICENSED_LS","W. 11th Ave and Neil Ave","Columbus","OH",""
"1022426","LICENSED_LS","1892 N. High St","Columbus","OH","Target"
"1025582","LICENSED_LS","1350 NORTH HIGH STREET","Columbus","OH","Kroger"
"1018989","LICENSED_LS","1585 Georgesville Square Drive","Columbus","OH","Kroger"
"1015274","LICENSED_LS","400 N High St","Columbus","OH",""
"1016814","LICENSED_LS","50 West Broad Street","Columbus","OH",""
"1023923","LICENSED_LS","2989 Derr Rd","Springfield","OH","Kroger"
"13896","LICENSED_LS","1428 Marion Waldo Rd","Marion","OH","Kroger"
"1028466","LICENSED_LS","131 State Route 3","Sunbury","OH","Kroger"
"16657","LICENSED_LS","7345 US Hwy 3","Westerville","OH","Kroger"
"13931","LICENSED_LS","650 N State St","Westerville","OH",""
"1014073","LICENSED_LS","55 W Schrock Rd","Westerville","OH","Kroger"
"14881","LICENSED_LS","2505 San Ramon Valley Road","San Ramon","CA","Safeway"
"1039675","LICENSED_LS","15555 E 14th St, Ste 400","San Leandro","CA","Target"
"6725","LICENSED_LS","20629 Redwood Rd.","Castro Valley","CA","Safeway"
"9249","LICENSED_LS","2610 Bishop Dr","San Ramon","CA","Target"
"7957","LICENSED_LS","699 Lewelling Blvd","San Leandro","CA","Safeway"
"10502","LICENSED_LS","22280 Foothill Blvd.","Hayward","CA","Safeway"
"9404","LICENSED_LS","5290 Diamond Heights Blvd","San Francisco","CA","Safeway"
"65861","LICENSED_LS","601 Westlake Center","Daly City","CA","Safeway"
"18807","LICENSED_LS","5001 Junipero Serra Blvd","Colma","CA","Target"
"1015441","LICENSED_LS","2800 Ygnacio Valley Road","Walnut Creek","CA","Safeway"
"14043","LICENSED_LS","5431 Clayton Rd","Clayton","CA","Safeway"
"12759","LICENSED_LS","6767 S Clinton St","Englewood","CO","Target"
"91365","LICENSED_LS","17031 Lincoln Ave","Parker","CO","King Soopers"
"10079","LICENSED_LS","11150 S Twenty Mile Rd","Parker","CO","Target"
"16899","LICENSED_LS","11051 S Parker Road","Parker","CO","Safeway"
"7958","LICENSED_LS","2750 S Colorado Blvd","Denver","CO","King Soopers"
"16586","MALL","2700 S. Colorado Blvd., University Hills Mall","Denver","CO","University Hills"
"1031104","LICENSED_LS","2490 S Colorado Blvd.","Denver","CO","Target"
"1005435","LICENSED_LS","7777 E. Hampden Ave","Denver","CO","Target"
"1056030","LICENSED_LS","4201 E. Arkansas Ave","Denver","CO","King Soopers"
"9271","LICENSED_LS","4910 S. Yosemite","Greenwood Village","CO","King Soopers"
"19317","LICENSED_LS","4600 Leetsdale Dr","Glendale","CO","King Soopers"
"12815","LICENSED_LS","4301 E Virginia Ave","Glendale","CO","Target"
"13097","LICENSED_LS","1677 S Havana","Aurora","CO","Safeway"
"8560600","LICENSED_LS","15 S Steele St, Cherry Creek Mall","Denver","CO",""
"1026232","LICENSED_LS","1400 S Havana St","Aurora","CO","Target"
"11111","LICENSED_LS","323 S Broadway","Denver","CO","Safeway"
"1025922","LICENSED_LS","3050 S. Peoria St","Aurora","CO","King Soopers"
"17644","LICENSED_LS","200 Quebec St, #400","Denver","CO","Safeway"
"12391","LICENSED_LS","560 Corona St.","Denver","CO","Safeway"
"1015641","LICENSED_LS","2250 E. Main St.","Bexley","OH",""
"6540","LICENSED_LS","4144 Buckeye Pkwy","Grove City","OH","Target"
"1022902","LICENSED_LS","2474 Stringtown Road","Grove City","OH","Kroger"
"14669","LICENSED_LS","3955 E Broad St","Whitehall","OH","Target"
"10586","LICENSED_LS","5965 Hoover Rd","Grove City","OH","Kroger"
"7511","LICENSED_LS","4600 International Gateway","Columbus","OH",""
"1016499","LICENSED_LS","4600 International Gateway","Columbus","OH",""
"18249","LICENSED_LS","4600 International Gateway","Columbus","OH",""
"1016279","LICENSED_LS","1745 Morse Road","Columbus","OH","Kroger"
"7220","LICENSED_LS","4600 International Gateway","Columbus","OH",""
"17689","LICENSED_LS","5991 Sunbury Rd","Westerville","OH","Kroger"
"18311","LICENSED_LS","4199 Morse Crossing","Columbus","OH","Target"
"1030057","LICENSED_LS","4141 Easton Loop East","Columbus","OH",""
"1024010","LICENSED_LS","3415 Vision Dr","Columbus","OH",""
"12982","LICENSED_LS","3 Limited Pkwy","Columbus","OH",""
"8009","LICENSED_LS","7984 W Alameda Ave","Lakewood","CO","King Soopers"
"20030","LICENSED_LS","456 S Vance St","Lakewood","CO","Target"
"6495","LICENSED_LS","1985 Sheridan Blvd","Edgewater","CO","Target"
"8473","LICENSED_LS","5071 Kipling St","Wheat Ridge","CO","Target"
"1005285","LICENSED_LS","5301 W 38th Ave","Wheat Ridge","CO","King Soopers"
"8884","LICENSED_LS","7544 Girard Ave","La Jolla","CA",""
"1038332","LICENSED_LS","4315 Mission Blvd","San Diego","CA","Ralphs"
"11256","LICENSED_LS","1702 Garnet St","San Diego","CA","Vons"
"1010196","LICENSED_LS","9500 Gilman Dr","La Jolla","CA",""
"1005349","LICENSED_LS","8657 Villa La Jolla Dr","La Jolla","CA","Ralphs"
"7278","LICENSED_LS","7788 Regents Rd","San Diego","CA","Vons"
"15133","LICENSED_LS","3645 Midway Dr","San Diego","CA","Vons"
"14339","LICENSED_LS","4725 Clairemont Dr","San Diego","CA","Vons"
"1053075","LICENSED_LS","3345 Sports Arena Blvd","San Diego","CA","Ralphs"
"6815","LICENSED_LS","2495 Truxton Rd #100","San Diego","CA","Vons"
"65858","LICENSED_LS","3245 Sports Arena Blvd","San Diego","CA","Target"
"14022","LICENSED_LS","3850 Valley Center Dr.","San Diego","CA",""
"1005893","LICENSED_LS","3707 N Harbor Drive","San Diego","CA",""
"10677","LICENSED_LS","5454 Balboa Ave","San Diego","CA","Target"
"8648","LICENSED_LS","5555 Balboa Ave","San Diego","CA","Vons"
"20134","LICENSED_LS","453 Sante Fe Dr","Encinitas","CA","Vons"
"68157","LICENSED_LS","2002 Rogers Rd","San Diego","CA",""
"87271","LICENSED_LS","515 W Washington St","San Diego","CA",""
"9414","LICENSED_LS","700 Hwy 101","Florence","OR","Safeway"
"1009295","LICENSED_LS","680 Bacons Bridge Rd","Summerville","SC","Harris Teeter"
"18047","LICENSED_LS","465 W Mariposa Rd","Nogales","AZ","Safeway"
"7311","LICENSED_LS","6412 S Parker Rd","Aurora","CO","King Soopers"
"10683","LICENSED_LS","15700 E Briarwood Cir","Aurora","CO","Target"
"1044399","LICENSED_LS","4271 S. Buckley Road","Aurora","CO","King Soopers"
"1013536","LICENSED_LS","17761 Cottonwood Dr","Parker","CO","King Soopers"
"14771","LICENSED_LS","18730 E Hampden Ave","Aurora","CO","Safeway"
"114082","LICENSED_LS","18211 E. Hampden Avenue","Aurora","CO","King Soopers"
"1020090","LICENSED_LS","6011 Groveport Rd","Groveport","OH","Kroger"
"1026902","LICENSED_LS","6580 E. Main ST","Reynoldsburg","OH","Kroger"
"10382","LICENSED_LS","Hamilton Road & Rocky Fork Blvd","Gahanna","OH","Kroger"
"10832","LICENSED_LS","2437 Taylor Park Drive","Reynoldsburg","OH","Target"
"1006567","LICENSED_LS","7000 E Broad St","Columbus","OH","Kroger"
"1026659","LICENSED_LS","6030 North Hamilton Rd","Westerville","OH","Target"
"14101","LICENSED_LS","5161 Hampstead Village Sq","New Albany","OH","Kroger"
"12431","LICENSED_LS","333 West Harbor Drive","San Diego","CA",""
"1026413","LICENSED_LS","901 Bayfront Court","San Diego","CA",""
"14044","LICENSED_LS","111 West Harbor Drive","San Diego","CA",""
"16412","LICENSED_LS","111 W Harbor Dr","San Diego","CA",""
"18650","LICENSED_LS","1 Park Blvd","San Diego","CA",""
"1013901","LICENSED_LS","101 G St","San Diego","CA","Ralphs"
"113976","LICENSED_LS","655 14th St.","San Diego","CA","Albertsons"
"18706","LICENSED_LS","3515 Brinser St, Building 45","San Diego","CA",""
"10903","LICENSED_LS","2260 Callagan Hwy. Bldg. 3187","San Diego","CA",""
"1014103","LICENSED_LS","1020 University Ave.","San Diego","CA","Ralphs"
"63174","LICENSED_LS","1288 Camino Del Rio N","San Diego","CA","Target"
"20220","LICENSED_LS","1010 N El Camino Real","Encinitas","CA","Target"
"1011148","LICENSED_LS","3439 Via Montebello","Carlsbad","CA",""
"16438","LICENSED_LS","6951 El Camino Real","Carlsbad","CA","Vons"
"1006255","LICENSED_LS","7140 Ave Encinas","Carlsbad","CA","Ralphs"
"1016223","LICENSED_LS","7895 HIGHLAND VILLAGE PL","San Diego","CA","Vons"
"1009787","LICENSED_LS","17170 Camino Del Sur","San Diego","CA","Target"
"1006803","LICENSED_LS","40525 4S Commons Dr","San Diego","CA","Ralphs"
"9990","LICENSED_LS","3150 Business Park Dr","Vista","CA","Target"
"15044","LICENSED_LS","8310 Mira Mesa Blvd","San Diego","CA","Vons"
"1026765","LICENSED_LS","1929 W. San Marcos Blvd.","San Marcos","CA","Albertsons"
"66376","LICENSED_LS","8251 Mira Mesa Blvd","San Diego","CA","Target"
"1009567","LICENSED_LS","San Jacinto Rd Bldg 202850","Camp Pendleton","CA",""
"16099","LICENSED_LS","14200 E Ellsworth Ave","Aurora","CO","Target"
"87559","LICENSED_LS","2810 Quebec St.","Denver","CO","King Soopers"
"1018744","LICENSED_LS","10406 Martin Luther King Blvd","Denver","CO","King Soopers"
"15744","LICENSED_LS","1155 E. 9th Ave., Capitol Hill Center","Denver","CO","King Soopers"
"8477","LICENSED_LS","7930 Northfield Blvd","Denver","CO","Target"
"14601","LICENSED_LS","1700 Broadway","Denver","CO",""
"20098","LICENSED_LS","1420 Stout St","Denver","CO",""
"6919","LICENSED_LS","1031 14th St","Denver","CO",""
"1012629","LICENSED_LS","900 Auraria Parkway","Denver","CO",""
"15621","LICENSED_LS","1701 California Street","Denver","CO",""
"16394","LICENSED_LS","757 E 20th Ave","Denver","CO","Safeway"
"1030325","LICENSED_LS","1991 Wazee Street, 120","Denver","CO",""
"1010325","LICENSED_LS","1950 Chestnut Pl","Denver","CO","King Soopers"
"1007314","LICENSED_LS","2660 Federal Blvd","Denver","CO","Safeway"
"18087","LICENSED_LS","3445 Freedom Dr","Springfield","IL","Target"
"1021121","LICENSED_LS","One University Plaza","Springfield","IL",""
"1017998","LICENSED_LS","847 S KALAMAZOO ST","Paw Paw","MI",""
"1053848","LICENSED_LS","56151 South M-51","Dowagiac","MI",""
"16654","LICENSED_LS","2121 S Cleveland","St. Joseph","MI",""
"1022355","LICENSED_LS","1240 Broadway","Chula Vista","CA","Target"
"1027034","LICENSED_LS","720 3rd Ave.","Chula Vista","CA","Albertsons"
"1006056","LICENSED_LS","620 DENNERY RD","San Diego","CA","Vons"
"7295","LICENSED_LS","3060 Plaza Bonita Rd","National City","CA","Target"
"1016609","LICENSED_LS","659 East Palomar St","Chula Vista","CA","Ralphs"
"8649","LICENSED_LS","4404 Bonita Rd","Bonita","CA","Vons"
"1030782","LICENSED_LS","2760 Gonsalves Ave","San Diego","CA",""
"1013188","LICENSED_LS","8001 Othello Avenue","San Diego","CA","Target"
"1013681","LICENSED_LS","306 Twin Oaks Valley Rd","San Marcos","CA","Ralphs"
"13940","LICENSED_LS","595 Campus View Drive","San Marcos","CA",""
"8674900","LICENSED_LS","2185 Citracada Pkwy","Escondido","CA",""
"1009001","LICENSED_LS","151 Woodland Pkwy","San Marcos","CA","Albertsons"
"10745","LICENSED_LS","1570 W Valley Parkway","Escondido","CA","Albertsons"
"66229","LICENSED_LS","1280 Auto Park Way","Escondido","CA","Target"
"14392","LICENSED_LS","1000 W El Norte Pkwy","Escondido","CA","Vons"
"9751","LICENSED_LS","351 W Felicita Ave","Escondido","CA","Vons"
"18119","LICENSED_LS","1751 University Dr","Vista","CA","Target"
"91892","LICENSED_LS","280 East Via Rancho Pkwy","Escondido","CA","Target"
"11330","LICENSED_LS","1601 S Melrose Dr","Vista","CA","Albertsons"
"11354","LICENSED_LS","1509 E Valley Parkway","Escondido","CA","Albertsons"
"1009002","LICENSED_LS","11986 BERNARDO PLAZA DR","San Diego","CA","Vons"
"16652","LICENSED_LS","2560 El Camino Real","Carlsbad","CA","Vons"
"1019880","LICENSED_LS","2255 S El Camino Real","Oceanside","CA","Target"
"16329","LICENSED_LS","3450 Marron Rd","Oceanside","CA","Albertsons"
"13939","LICENSED_LS","845 College Blvd","Oceanside","CA","Vons"
"14476","LICENSED_LS","4145 30th St","San Diego","CA","Vons"
"1007305","LICENSED_LS","5680 Mission Center Dr","San Diego","CA","Ralphs"
"1015713","LICENSED_LS","250 SOUTH MAIN STREET","Richfield","UT",""
"1054155","LICENSED_LS","841 E. Highway 287","Bowie","TX",""
"1016077","LICENSED_LS","10730 Memorial Dr # B","Fort Drum","NY",""
"17377","LICENSED_LS","21855 Towne Center Dr","Watertown","NY","Target"
"15121","LICENSED_LS","800 Lakeway Dr","Bellingham","WA","Fred Meyer"
"1007893","LICENSED_LS","1275 E Sunset Dr","Bellingham","WA","Safeway"
"66381","LICENSED_LS","156 E College Way","Bellingham","WA",""
"1023074","LICENSED_LS","2814 Meridian","Bellingham","WA",""
"1006842","LICENSED_LS","1225 W Bakerview Rd","Bellingham","WA","Fred Meyer"
"7271","LICENSED_LS","920 S Burlington Blvd","Burlington","WA","Fred Meyer"
"14720","LICENSED_LS","199 Cascade Mall Dr","Burlington","WA","Target"
"14493","LICENSED_LS","315 E College","Mt. Vernon","WA","Safeway"
"1021165","LICENSED_LS","1815 Main Street","Ferndale","WA",""
"17097","LICENSED_LS","8071 GUIDE MERIDIAN RD. #101","Lynden","WA","Safeway"
"9745","LICENSED_LS","911 11th St","Anacortes","WA","Safeway"
"1011528","LICENSED_LS","101 Braddock Rd","Frostburg","MD",""
"8403","LICENSED_LS","120 Matthew Dr","Uniontown","PA","Target"
"10342","LICENSED_LS","860 Mankato Ave","Winona","MN","Target"
"9748","LICENSED_LS","3550 Murphy Canyon Rd","San Diego","CA","Vons"
"18344","LICENSED_LS","6555 Mission Gorge Rd","San Diego","CA","Vons"
"12977","LICENSED_LS","5500 Campenile Dr","San Diego","CA",""
"14116","LICENSED_LS","5500 Campenile Dr","San Diego","CA",""
"1015332","LICENSED_LS","12475 Rancho Bernardo Rd","San Diego","CA","Albertsons"
"89236","LICENSED_LS","14823 Pomerado Rd","Poway","CA","Target"
"1006856","LICENSED_LS","3011 Alta View Dr","San Diego","CA","Ralphs"
"1010295","LICENSED_LS","3424 College Ave","San Diego","CA","Target"
"11326","LICENSED_LS","7090 Broadway","Lemon Grove","CA","Albertsons"
"18658","LICENSED_LS","5131 College Ave","San Diego","CA",""
"18701","LICENSED_LS","6155 El Cajon Blvd.","San Diego","CA","Vons"
"113726","LICENSED_LS","3857 State Route 31","Clay","NY","Target"
"1021043","LICENSED_LS","715 H Avenue","Sheppard AFB","TX",""
"1016694","LICENSED_LS","4590 Kell Blvd","Wichita Falls","TX",""
"12106","LICENSED_LS","4317 Kemp Blvd","Wichita Falls","TX","Target"
"8995300","LICENSED_LS","403 Main St","Billings","MT","Target"
"88908","LICENSED_LS","670 Main St.","Billings","MT","Albertsons"
"91142","LICENSED_LS","511 Central Avenue","Billings","MT","Albertsons"
"12588","LICENSED_LS","2601 Central Ave","Billings","MT","Target"
"91135","LICENSED_LS","3137 Grand Ave","Billings","MT","Albertsons"
"1044134","LICENSED_LS","5317 Grand Ave","Billings","MT","Albertsons"
"1054479","LICENSED_LS","205 South First Ave","Laurel","MT","Albertsons"
"1019739","LICENSED_LS","29675 The Old North Rd","Castaic","CA","Ralphs"
"1026767","LICENSED_LS","23850 W Copper Hill Rd.","Valencia","CA","Albertsons"
"1020142","LICENSED_LS","27760 N. McBean Parkway","Valencia","CA","Ralphs"
"13714","LICENSED_LS","24425 W. Magic Mountain Pkwy","Valencia","CA","Target"
"12833","LICENSED_LS","27631 W Bouquet Canyon Rd","Saugus","CA","Albertsons"
"13109","LICENSED_LS","25850 N. The Old Road","Valencia","CA","Vons"
"1030081","LICENSED_LS","24160 Lyons Ave","Newhall","CA","Vons"
"10857","LICENSED_LS","19105 Golden Valley Rd","Santa Clarita","CA","Target"
"1005710","LICENSED_LS","16550 W Soledad Canyon Rd","Santa Clarita","CA","Vons"
"18419","LICENSED_LS","2938 Tapo Canyon Road","Simi Valley","CA","Vons"
"1017652","LICENSED_LS","2907 Cochran Street","Simi Valley","CA","Target"
"15743","LICENSED_LS","1855 E. Cochran St.","Simi Valley","CA","Vons"
"19217","LICENSED_LS","51 East Tierra Rejada Rd","Simi Valley","CA","Target"
"1011554","LICENSED_LS","800 New Los Angelese Ave","Moorpark","CA","Target"
"10853","LICENSED_LS","2404 Promenade Blvd","Rogers","AR","Target"
"1022315","LICENSED_LS","3545 N Shiloh Dr","Fayetteville","AR","Target"
"1032812","LICENSED_LS","464 Campus Drive, ARKU","Fayetteville","AR",""
"7000","LICENSED_LS","1021 West Dickson Street","Fayetteville","AR",""
"1052804","LICENSED_LS","272 N State Highway 259A","Hochatown","OK",""
"1039785","LICENSED_LS","300 Olsen Blvd","College Station","TX",""
"1005929","LICENSED_LS","306 UNIVERSITY DR, NORTHGATE RESIDENT HALL","College Station","TX",""
"1015615","LICENSED_LS","546 Coke Street","College Station","TX",""
"1008711","LICENSED_LS","4000 Spence St","College Station","TX",""
"1022614","LICENSED_LS","125 Spence Street","College Station","TX",""
"12104","LICENSED_LS","2100 Texas Ave S","College Station","TX","Target"
"8011","LICENSED_LS","3535 Longmire Dr","College Station","TX","Kroger"
"7968","LICENSED_LS","NE Corner of Hwy 6 & Booneville Road","Bryan","TX","Kroger"
"7737","LICENSED_LS","3061 Wildflower Dr","Bryan","TX","Target"
"1052100","LICENSED_LS","1656 South Market Street","Hearne","TX",""
"11935","LICENSED_LS","400 Bridge St","Clarkston","WA","Albertsons"
"14124","LICENSED_LS","430 SE Bishop Blvd","Pullman","WA","Safeway"
"1019343","LICENSED_LS","1270 NE Washington St.","Pullman","WA",""
"1032052","LICENSED_LS","2132 West Pullman RD","Moscow","ID","Target"
"7450","LICENSED_LS","1320 Blaine St","Moscow","ID","Safeway"
"1055865","LICENSED_LS","3220 Old Glory Rd.","TYLER","TX",""
"1055531","LICENSED_LS","100 Rice Rd","Tyler","TX",""
"1007650","LICENSED_LS","7003 S Broadway Ave","Tyler","TX","Target"
"1052443","LICENSED_LS","6991 Old Jacksonville Hwy","Tyler","TX",""
"1054154","LICENSED_LS","16243 US-271","Tyler","TX",""
"1055526","LICENSED_LS","521 S Main St","Lindale","TX",""
"9108700","LICENSED_LS","5609 W Saginaw Hwy","Lansing","MI","Target"
"1018945","LICENSED_LS","1215 E. Michigan Ave","Lansing","MI",""
"1019207","LICENSED_LS","500 S. Harrison Rd","East Lansing","MI",""
"1045288","LICENSED_LS","366 W. Circle Dr","East Lansing","MI",""
"1039659","LICENSED_LS","2900 Hannah Boulevard","East Lansing","MI",""
"13964","LICENSED_LS","1350 W Lake Lansing Rd","East Lansing","MI",""
"1055220","LICENSED_LS","1411 S Main St","Eaton Rapids","MI",""
"87046","LICENSED_LS","4890 Marsh Rd","Okemos","MI","Target"
"10969","LICENSED_LS","151 W Grand River Ave","Williamston","MI",""
"11450","LICENSED_LS","1907 Seward Hwy","Seward","AK","Safeway"
"10339","LICENSED_LS","4570 Klahanie Dr SE","Issaquah","WA",""
"1014720","LICENSED_LS","630 228th Ave NE","Sammamish","WA","Safeway"
"8019","LICENSED_LS","2902 228th Ave SE","Sammamish","WA",""
"1006087","LICENSED_LS","1451 Highlands Dr NE","Issaquah","WA","Safeway"
"8314","LICENSED_LS","23475 NE Novelty Hill Rd","Redmond","WA",""
"62909","LICENSED_LS","751 NE Blakely Dr","Issaquah","WA",""
"11593","LICENSED_LS","755 NW Gilman Blvd","Issaquah","WA","Target"
"8322","LICENSED_LS","460 E North Bend Way","North Bend","WA",""
"1006642","LICENSED_LS","460 SW Mt SI Blvd","North Bend","WA","Safeway"
"7265","LICENSED_LS","17700 NE 76th St","Redmond","WA","Target"
"7821","LICENSED_LS","15800 Redmond Way NE","Redmond","WA",""
"8316","LICENSED_LS","2041 148th NE","Bellevue","WA","Fred Meyer"
"18315","LICENSED_LS","1510 145th Pl SE","Bellevue","WA",""
"1042723","LICENSED_LS","46600 SE North Bend Way","North Bend","WA",""
"9006","LICENSED_LS","19150 NE Woodinville-Duvall Rd","Woodinville","WA","Safeway"
"1028676","LICENSED_LS","3655 131st Ave SE","Bellevue","WA",""
"1017838","LICENSED_LS","3550 FACTORIA BLVD SE","Bellevue","WA",""
"1005920","LICENSED_LS","4053 Factoria Square Mall SE","Bellevue","WA","Target"
"1029248","LICENSED_LS","272 116th Ave NE","Bellevue","WA","Target"
"8944","LICENSED_LS","12519 NE 85th St.","Kirkland","WA","Safeway"
"68893","LICENSED_LS","6940 Coal Creek Pkwy SE","Newcastle","WA",""
"8207","LICENSED_LS","6911 Coal Creek Pkwy SE","Newcastle","WA","Safeway"
"1039413","LICENSED_LS","1005 W. Coulter Avenue","Powell","WY","Albertsons"
"1013612","LICENSED_LS","223 IH 45 S","Huntsville","TX","Kroger"
"1027908","LICENSED_LS","1802 AVENUE I","Huntsville","TX",""
"90218","LICENSED_LS","1800 Bobby K Marks Dr","Huntsville","TX",""
"10004","LICENSED_LS","259 Interstate 45 S","Huntsville","TX","Target"
"1018253","LICENSED_LS","1138 West 3 Mile Road","Sault Ste. Marie","MI",""
"16953","LICENSED_LS","7308 Main St","Mackinac Island","MI",""
"1011765","LICENSED_LS","358 George W Liles Pkwy","Concord","NC","Harris Teeter"
"10148","LICENSED_LS","6150 Bayfield Pkwy","Concord","NC","Target"
"6738","LICENSED_LS","9900-Suite 124 Poplar Tent Rd","Concord","NC","Harris Teeter"
"8758000","LICENSED_LS","8111 Concord Mills Blvd","Concord","NC",""
"1013853","LICENSED_LS","12190 University City Blvd","Harrisburg","NC","Harris Teeter"
"1015714","LICENSED_LS","5810 Highland Shoppes Dr","Charlotte","NC","Harris Teeter"
"1013859","LICENSED_LS","21720 Catawba Ave","Cornelius","NC","Harris Teeter"
"6668","LICENSED_LS","431 Peninsula Drive","Davidson","NC","Harris Teeter"
"1018322","LICENSED_LS","9641 BROOKDALE DR","Harrisburg","NC","Harris Teeter"
"10922","LICENSED_LS","9201 University City Blvd, Popp Martin Student Union","Charlotte","NC",""
"1040482","LICENSED_LS","9201 University Blvd., Atkins Library","Charlotte","NC",""
"10006","LICENSED_LS","9801 Sam Furr Rd","Huntersville","NC","Target"
"10358","LICENSED_LS","8600 University City Blvd","Charlotte","NC","Harris Teeter"
"1039479","LICENSED_LS","8120 University City Blvd","Charlotte","NC","Target"
"10781","LICENSED_LS","134 Town Center Drive","Mooresville","NC","Harris Teeter"
"11238","LICENSED_LS","594 River Hwy","Mooresville","NC","Target"
"14440","LICENSED_LS","19815 N Cove Rd","Cornelius","NC","Harris Teeter"
"7023","LICENSED_LS","7715 Regency Park Dr","Huntersville","NC","Harris Teeter"
"6980","LICENSED_LS","118 Argus Lane","Mooresville","NC","Harris Teeter"
"7738","LICENSED_LS","9841 Northlake Ctr Pkwy","Charlotte","NC","Target"
"1009887","LICENSED_LS","7036 Brighton Park Dr","Mint Hill","NC","Harris Teeter"
"1005162","LICENSED_LS","1704 Central Ave","Charlotte","NC","Harris Teeter"
"1052744","LICENSED_LS","8706 Vallance Rd.","LeRoy","NY",""
"7722","LICENSED_LS","4300 Veterens Memorial Dr","Batavia","NY","Target"
"18587","LICENSED_LS","3181 Chili Ave","Rochester","NY","Target"
"19305","LICENSED_LS","1 College Circle","Geneseo","NY",""
"1021773","LICENSED_LS","2325 Marketplace Dr","Henrietta","NY","Target"
"6739","LICENSED_LS","University of Rochester 201 Wilson Commo","Rochester","NY",""
"1042942","LICENSED_LS","3507 Mt. Read Boulevard","Rochester","NY",""
"8782000","LICENSED_LS","100 Chestnut Street","Rochester","NY",""
"1025789","LICENSED_LS","26520 Maple Valley Black Diamond Rd SE","Maple Valley","WA","Fred Meyer"
"12571","LICENSED_LS","26916 Maple Valley Hwy","Maple Valley","WA","Safeway"
"6895","LICENSED_LS","22131 SE 237th","Maple Valley","WA",""
"16406","LICENSED_LS","152 Roosevelt Ave E","Enumclaw","WA","Safeway"
"7820","LICENSED_LS","17051 SE 272nd St","Covington","WA","Safeway"
"1007575","LICENSED_LS","1009 Monroe St","Enumclaw","WA",""
"1014925","LICENSED_LS","16735 SE 272nd Street","Covington","WA","Fred Meyer"
"13072","LICENSED_LS","17230 140th Ave SE","Renton","WA","Safeway"
"9901","LICENSED_LS","20830 108th Ave SE","Kent","WA","Safeway"
"1009487","LICENSED_LS","4800 NE 4th St","Renton","WA",""
"18172","LICENSED_LS","13304 S. E. 240th","Kent","WA",""
"15122","LICENSED_LS","26301 104th Ave SE","Kent","WA","Target"
"16321","LICENSED_LS","13101 SE Kent Kangley Rd","Kent","WA","Safeway"
"17923","LICENSED_LS","19651 SR-2","Monroe","WA","Safeway"
"10421","LICENSED_LS","18805 State Route 2","Monroe","WA","Fred Meyer"
"1029654","LICENSED_LS","17520 SR-9","Snohomish","WA","Safeway"
"1016738","LICENSED_LS","1301 Ave D","Snohomish","WA",""
"1013586","LICENSED_LS","21045 Bothell-Everett Highway","Bothell","WA","Fred Meyer"
"1020282","LICENSED_LS","13950 NE 178th Pl","Woodinville","WA","Target"
"1028820","LICENSED_LS","22833 Bothell Everett Highway","Bothell","WA",""
"68814","LICENSED_LS","24040 Bothell-Everett Hwy","Bothell","WA","Safeway"
"8171","LICENSED_LS","18921 Bothell Way N.E.","Bothell","WA",""
"15902","LICENSED_LS","14444 124th Ave NE","Kirkland","WA","Safeway"
"7006","LICENSED_LS","5802 134th Pl SE","Everett","WA","Safeway"
"18129","LICENSED_LS","3322 132nd St SE","Bothell","WA","Safeway"
"13996","LICENSED_LS","6850 NE Bothell Way","Kenmore","WA","Safeway"
"68158","LICENSED_LS","18305 Alderwood Mall Pkwy","Lynnwood","WA","Target"
"1013434","LICENSED_LS","12906 Bothell-Everett Highway","Everett","WA","Fred Meyer"
"17963","MALL","3000 184th St SW, Alderwood Mall, 3516","Lynnwood","WA","Alderwood Mall Kiosk"
"9827","LICENSED_LS","2902 164th St SW","Lynnwood","WA","Fred Meyer"
"63080","LICENSED_LS","12221 120th Ave NE","Kirkland","WA","Fred Meyer"
"17962","LICENSED_LS","4301 212th Street SW","Mountlake Terrace","WA","Safeway"
"6691","LICENSED_LS","22803 44th Avenue W","Mountlake Terrace","WA",""
"9579","LICENSED_LS","14130 Juanita Dr NE","Kirkland","WA",""
"18787","LICENSED_LS","11031 19th Ave SE","Everett","WA","Safeway"
"1013313","LICENSED_LS","4615 196th St SW","Lynnwood","WA","Fred Meyer"
"16403","LICENSED_LS","14826 Hwy 99","Lynnwood","WA","Safeway"
"13763","LICENSED_LS","19500 Highway 99","Lynnwood","WA","Safeway"
"1009518","LICENSED_LS","405 SE Everett Mall Wy","Everett","WA","Target"
"9753","LICENSED_LS","2401 E Kansas Ave","Garden City","KS","Target"
"1019377","LICENSED_LS","220 N Camden Rd","Wingate","NC",""
"1027954","LICENSED_LS","201 West Trade Street","Charlotte","NC",""
"8702000","LICENSED_LS","125 S Brevard","Charlotte","NC",""
"8017","LICENSED_LS","501 S College St","Charlotte","NC",""
"6532","LICENSED_LS","900 Metropolitan Ave","Charlotte","NC","Target"
"1011833","LICENSED_LS","4701 Smith Farm Rd.","Charlotte","NC","Harris Teeter"
"1032130","LICENSED_LS","1227 East Blvd.","Charlotte","NC","Harris Teeter"
"1020648","LICENSED_LS","4150 Clemmons Rd.","Clemmons","NC","Harris Teeter"
"1021647","LICENSED_LS","722 Sullivan Rd.","Statesville","NC","Ingles"
"1028944","LICENSED_LS","801 Auburn Way N","Auburn","WA","Fred Meyer"
"14135","LICENSED_LS","101 Auburn Way N","Auburn","WA","Safeway"
"1025723","LICENSED_LS","425 Urban Plaza, 100","Kirkland","WA",""
"10986","LICENSED_LS","2636 Bellevue Way NE","Bellevue","WA",""
"8532","LICENSED_LS","11100 Roosevelt Way NE","Seattle","WA",""
"18754","LICENSED_LS","1531 NE 145th St","Seattle","WA",""
"18608","LICENSED_LS","302 NE Northgate Way","Seattle","WA","Target"
"20152","LICENSED_LS","7300 Roosevelt Way NE","Seattle","WA","Safeway"
"17979","LICENSED_LS","17202 15th Ave NE","Shoreline","WA","Safeway"
"7751","LICENSED_LS","2746 NE 45th Street","Seattle","WA",""
"113974","LICENSED_LS","100 NW 85th Ave","Seattle","WA","Fred Meyer"
"1033269","LICENSED_LS","9999 Holman Road","Seattle","WA",""
"17980","LICENSED_LS","8340 15th Ave NW","Seattle","WA","Safeway"
"6567","LICENSED_LS","56th & Bickford Road","Snohomish","WA","Fred Meyer"
"1009526","LICENSED_LS","9601 Market Pl","Lake Stevens","WA","Target"
"1022903","LICENSED_LS","8915 Market Place NE","Lake Stevens","WA",""
"13099","LICENSED_LS","717 SR-9 NE","Lake Stevens","WA","Safeway"
"1053820","LICENSED_LS","4919 Evergreen Way","Everett","WA",""
"8209","LICENSED_LS","4128 Rucker Ave","Everett","WA","Safeway"
"1025049","LICENSED_LS","2615 Broadway","Everett","WA",""
"18523","LICENSED_LS","12811 Beverly Park Rd","Lynnwood","WA","Safeway"
"14631","LICENSED_LS","11700 Mukilteo Speedway","Mukilteo","WA",""
"6386","LICENSED_LS","7500-B 196th SW","Lynnwood","WA",""
"14764","LICENSED_LS","22828 100th Ave W","Edmonds","WA",""
"11038","LICENSED_LS","300 Bellevue Way NE","Bellevue","WA","Safeway"
"8877600","LICENSED_LS","3404 W 13th Street","Grand Island","NE","Target"
"1031574","LICENSED_LS","534 S Main St","Ada","OH",""
"10471","LICENSED_LS","730 West Market Street","Lima","OH",""
"19255","LICENSED_LS","1811 Matthews Township Pkwy","Matthews","NC","Harris Teeter"
"18404","LICENSED_LS","1900 Matthews Township Pkwy","Matthews","NC","Target"
"1006258","LICENSED_LS","1015 Providence Rd","Charlotte","NC","Harris Teeter"
"1007552","LICENSED_LS","5501 Josh Birmingham Pkwy","Charlotte","NC",""
"1016961","LICENSED_LS","5501 Josh Birmingham Pkwy","Charlotte","NC",""
"1019024","LICENSED_LS","2717 South Blvd","Charlotte","NC","Harris Teeter"
"13153","LICENSED_LS","5502 Josh Birmingham Parkway, Charlotte/Douglas Int'l Airport","Charlotte","NC",""
"1021837","LICENSED_LS","5501 RC Josh Birmingham Pkwy","Charlotte","NC",""
"13165","LICENSED_LS","5501 Josh Birmingham Parkway, Host Marriott/Starbucks Coffee","Charlotte","NC",""
"8689200","LICENSED_LS","5434 New Fashion Way","Charlotte","NC",""
"1016777","LICENSED_LS","4821 Berewick Town Center Dr.","Charlotte","NC","Harris Teeter"
"1020266","LICENSED_LS","905 South Point Rd.","Belmont","NC","Harris Teeter"
"1033533","LICENSED_LS","8538 Park Road","Charlotte","NC","Harris Teeter"
"8021","LICENSED_LS","10116 NE 8th St","Bellevue","WA",""
"11780","LICENSED_LS","1258 State Ave","Marysville","WA","Safeway"
"1031361","LICENSED_LS","2901 University Avenue","Grand Forks","ND",""
"16158","LICENSED_LS","3601 32nd Ave S","Grand Forks","ND","Target"
"14951","MALL","2530 Steven B. Tanger, Tanger Outlet Mall","Gonzales","LA","I-10 & Hwy 30"
"1021513","LICENSED_LS","9960 BLUEBONNET BLVD","Baton Rouge","LA","Albertsons"
"13424","LICENSED_LS","6885 Siegen Ln","Baton Rouge","LA","Target"
"1029245","LICENSED_LS","955-A East Stuart Drive","Galax","VA","Food City"
"1055281","LICENSED_LS","1201 East Main St","Pulaski","VA","Food City"
"8556","LICENSED_LS","4370 Venture Dr","Peru","IL","Target"
"1006787","LICENSED_LS","1651 Midtown Rd","Peru","IL","Hy-Vee"
"14289","LICENSED_LS","2065 Idaho St","Elko","NV",""
"1026079","LICENSED_LS","2582 Idaho Street","Elko","NV","Albertsons"
"1026682","LICENSED_LS","1 Terminal Drive","Kenner","LA",""
"1025114","LICENSED_LS","1 Terminal Drive","Kenner","LA",""
"1025197","LICENSED_LS","1 Terminal Drive","Kenner","LA",""
"65465","LICENSED_LS","1401 W Esplanade Ave","Kenner","LA","Target"
"1016358","LICENSED_LS","4500 Veterens Memorial Blvd","Metairie","LA","Target"
"8816900","LICENSED_LS","717 Clearview Pkwy","Metairie","LA",""
"90335","LICENSED_LS","300 E McConnell Dr","Flagstaff","AZ",""
"1009082","LICENSED_LS","201 N Switzer Canyon Dr","Flagstaff","AZ",""
"1011530","LICENSED_LS","2700 S Woodlands Village Blvd","Flagstaff","AZ",""
"9514","LICENSED_LS","1650 S Milton Rd","Flagstaff","AZ","Target"
"9381","LICENSED_LS","1201 S Plaza Way","Flagstaff","AZ","Safeway"
"9961","LICENSED_LS","4910 N US-89","Flagstaff","AZ","Safeway"
"9962","LICENSED_LS","1500 East Cedar Ave","Flagstaff","AZ","Safeway"
"1011563","LICENSED_LS","160 Coffee Pot Drive","Sedona","AZ",""
"14157","LICENSED_LS","2300 SR-89A","Sedona","AZ","Safeway"
"11561","LICENSED_LS","220 S Elizabeth Street","Elizabeth","CO","Safeway"
"14666","LICENSED_LS","7400 S Gartrell Rd","Aurora","CO","Target"
"1007470","LICENSED_LS","25701 E Smoky Hill Rd","Aurora","CO","King Soopers"
"12934","LICENSED_LS","6100 S Gun Club Rd","Aurora","CO","Safeway"
"1009810","LICENSED_LS","19711 E Smokey Hill Rd.","Centennial","CO","King Soopers"
"1053535","LICENSED_LS","28093 Thompson Plaza S","Williamson","KY","Food City"
"15976","LICENSED_LS","7655 McLaughlin Road","Falcon","CO","Safeway"
"1031554","LICENSED_LS","7530 Falcon Marketplace","Peyton","CO","King Soopers"
"16734","LICENSED_LS","7055 Austin Bluffs Parkway","Colorado Springs","CO","Safeway"
"1041982","LICENSED_LS","5240 N Academy Blvd","Colorado Springs","CO","Target"
"12679","LICENSED_LS","3250 Centennial Blvd","Colorado Springs","CO","King Soopers"
"91366","LICENSED_LS","3650 Austin Bluff Pkwy","Colorado Springs","CO","King Soopers"
"7446","LICENSED_LS","1045 1st St.","Bennett","CO","King Soopers"
"1056004","LICENSED_LS","18605 Green Valley Ranch Blvd","Denver","CO","King Soopers"
"18118","LICENSED_LS","HMSHost 8500 Pena Blvd.","Denver","CO",""
"1056126","LICENSED_LS","8500 Pena Blvd","Denver","CO",""
"1055694","LICENSED_LS","8500 Pena Blvd","Denver","CO",""
"1054633","LICENSED_LS","8500 Pena Blvd","Denver","CO",""
"1054994","LICENSED_LS","16455 E 40th Cir","Aurora","CO",""
"1026200","LICENSED_LS","50 Morton Blvd","Hazard","KY","Food City"
"1045286","LICENSED_LS","251 Medical Plaza Lane","Whitesburg","KY","Food City"
"1023396","LICENSED_LS","148 John Hunn Brown Rd","Dover","DE","Target"
"8388","LICENSED_LS","735 W Stadium Blvd","Jefferson City","MO","Target"
"6468","LICENSED_LS","3721 W Truman Blvd","Jefferson City","MO","Hy-Vee"
"1014918","LICENSED_LS","350 West US 31 Bypass","Bowling Green","KY","Kroger"
"1005565","LICENSED_LS","1906 College Heights Blvd","Bowling Green","KY",""
"18355","LICENSED_LS","990 Hwy 395 South","Hermiston","OR","Safeway"
"91330","LICENSED_LS","5140 W Baseline Rd","Laveen","AZ",""
"7926","LICENSED_LS","1334 East Chandler Blvd","Phoenix","AZ","Safeway"
"8825400","LICENSED_LS","845 W Southern Ave","Phoenix","AZ","Food City"
"18622","LICENSED_LS","3616 E Ray Rd","Phoenix","AZ",""
"1006091","LICENSED_LS","3949 E Chandler Blvd","Phoenix","AZ",""
"16893","LICENSED_LS","4005 East Chandler Boulevard","Phoenix","AZ","Safeway"
"10361","LICENSED_LS","6202 S 16th St","Phoenix","AZ","Safeway"
"16911","LICENSED_LS","2140 E Baseline","Phoenix","AZ","Target"
"1020305","LICENSED_LS","4734 E Ray Rd","Phoenix","AZ","Target"
"7256","LICENSED_LS","9830 W Lower Buckeye","Phoenix","AZ","Target"
"1014664","LICENSED_LS","4855 E Warner Rd","Phoenix","AZ",""
"14359","LICENSED_LS","4747 E Elliot Rd","Phoenix","AZ","Safeway"
"8843500","LICENSED_LS","3442 W Van Buren St","Phoenix","AZ","Food City"
"8827100","LICENSED_LS","4239 W. McDowell Rd","Phoenix","AZ","Food City"
"1026708","LICENSED_LS","100 E Jefferson St","Phoenix","AZ",""
"1017153","LICENSED_LS","100 North 1st Street","Phoenix","AZ",""
"10771","LICENSED_LS","120 E Taylor Street","Phoenix","AZ",""
"9783","LICENSED_LS","7409 W Virginia Ave","Phoenix","AZ","Target"
"1006158","LICENSED_LS","9900 S Rural Rd","Tempe","AZ",""
"1024041","LICENSED_LS","3400 E Sky Harbor Blvd","Phoenix","AZ",""
"7277","LICENSED_LS","340 East McDowell Rd","Phoenix","AZ","Safeway"
"1027519","LICENSED_LS","3400 E Sky Harbor Blvd","Phoenix","AZ",""
"18369","LICENSED_LS","550 N Jefferson Ave","Lebanon","MO",""
"16622","LICENSED_LS","3800 W 44th Ave","Denver","CO","Safeway"
"1007527","LICENSED_LS","20797 N John Wayne Pkwy","Maricopa","AZ",""
"17816","LICENSED_LS","21044 N John Wayne Parkway","Maricopa","AZ",""
"15935","LICENSED_LS","4970 S Alma School Rd","Chandler","AZ","Safeway"
"1007199","LICENSED_LS","985 E. Riggs Road","Chandler","AZ",""
"63176","LICENSED_LS","3777 S Arizona Ave","Chandler","AZ","Target"
"16607","LICENSED_LS","2935 E Riggs Road","Chandler","AZ","Albertsons"
"17794","LICENSED_LS","4940 S Gilbert Rd","Chandler","AZ",""
"1007108","LICENSED_LS","2010 S Alma School Rd","Chandler","AZ",""
"1016309","LICENSED_LS","Gilbert & Ocotillo","Chandler","AZ",""
"1005909","LICENSED_LS","3425 W Frye Rd","Chandler","AZ","Target"
"1022522","LICENSED_LS","3107 West Chandler Blvd.","Chandler","AZ",""
"1037727","LICENSED_LS","1955 W. Frye Road","Chandler","AZ",""
"18620","LICENSED_LS","1159 W Chandler Blvd","Chandler","AZ","Safeway"
"10956","LICENSED_LS","2858 North Pinal Avenue","Casa Grande","AZ",""
"12213","LICENSED_LS","3931 S Gilbert Rd","Gilbert","AZ","Target"
"18818","LICENSED_LS","6470 S Higley Rd","Gilbert","AZ",""
"8941800","LICENSED_LS","3960 S Val Vista Dr","Gilbert","AZ","Safeway"
"1007171","LICENSED_LS","87 E Williams Field Rd","Gilbert","AZ",""
"8236","LICENSED_LS","1060 E Ray Rd","Chandler","AZ","Safeway"
"19253","LICENSED_LS","9890 S Estrella Pkwy","Goodyear","AZ","Safeway"
"18798","LICENSED_LS","16380 W Yuma Rd","Goodyear","AZ",""
"10672","LICENSED_LS","995 South Cotton Lane","Goodyear","AZ","Target"
"1054763","LICENSED_LS","4625 S. Miller Rd.","Buckeye","AZ",""
"13855","LICENSED_LS","440 N Estrella Pkwy","Goodyear","AZ","Safeway"
"9516","LICENSED_LS","4515 E Thomas Rd","Phoenix","AZ","Target"
"1015414","LICENSED_LS","300 E. Rio Salado Parkway","Tempe","AZ",""
"89161","LICENSED_LS","4505 E Thomas Rd","Phoenix","AZ",""
"1052087","LICENSED_LS","2785 North Scottsdale Road","Scottsdale","AZ","Albertsons"
"1016160","LICENSED_LS","100 W UNIVERSITY DR","Tempe","AZ",""
"87279","LICENSED_LS","3400 E Sky Harbor Blvd","Phoenix","AZ",""
"113440","LICENSED_LS","7770 E Mcdowell Rd","Scottsdale","AZ",""
"11842","LICENSED_LS","340 E University Dr","Tempe","AZ",""
"87277","LICENSED_LS","3400 E Sky Harbor Blvd","Phoenix","AZ",""
"88255","LICENSED_LS","3400 E Sky Harbor Blvd, #3440","Phoenix","AZ",""
"1015623","LICENSED_LS","601 Tyler Mall","Tempe","AZ",""
"14144","LICENSED_LS","1290 S Normal","Tempe","AZ",""
"12981","LICENSED_LS","College of Business 1st Floor","Tempe","AZ",""
"18418","LICENSED_LS","4750 E Indian School Rd","Phoenix","AZ","Safeway"
"1028883","LICENSED_LS","711 E. Lemon St","Tempe","AZ",""
"10366","LICENSED_LS","1800 E Rio Salado Pkwy","Tempe","AZ","Target"
"17792","LICENSED_LS","8035 E. Indian School Rd","Scottsdale","AZ",""
"9279","LICENSED_LS","7920 E Chaparral Rd","Scottsdale","AZ","Safeway"
"1009081","LICENSED_LS","3255 S Rural Rd","Tempe","AZ",""
"15602","LICENSED_LS","3132 E Camelback Road","Phoenix","AZ","Safeway"
"10772","LICENSED_LS","5402 E Lincoln Dr","Scottsdale","AZ",""
"18621","LICENSED_LS","1960 W Main St","Mesa","AZ","Safeway"
"1005913","LICENSED_LS","2410 East Camelback Road","Phoenix","AZ",""
"1026638","LICENSED_LS","1818 E Baseline Rd","Tempe","AZ","Target"
"17094","LICENSED_LS","4724 N. 20th Street","Phoenix","AZ",""
"1023256","LICENSED_LS","1515 North Litchfield Road","Goodyear","AZ","Target"
"15741","LICENSED_LS","14175 W Indian Sch R","Goodyear","AZ","Safeway"
"1015514","LICENSED_LS","1575 N Dysart Rd","Avondale","AZ",""
"1015496","LICENSED_LS","13710 W Camelback Rd","Litchfield Park","AZ",""
"17095","LICENSED_LS","5115 N Dysart Rd Ste 150","Litchfield Park","AZ",""
"14967","LICENSED_LS","7123 N. 138th Ave., Luke AFB, Building 1540","Glendale","AZ",""
"1030665","LICENSED_LS","19676 W. Indian School Rd","Buckeye","AZ",""
"8945600","LICENSED_LS","Papago FWY & North Verrado Way","Buckeye","AZ","Target"
"1055939","LICENSED_LS","8200 N. Sarival Ave","Waddell","AZ",""
"1032436","LICENSED_LS","9020 W Thomas Rd","Phoenix","AZ","Food City"
"1053948","LICENSED_LS","17124 W Peoria Ave","Surprise","AZ","Safeway"
"14143","LICENSED_LS","10641 W Olive Ave","Peoria","AZ","Safeway"
"18644","LICENSED_LS","4811 N 83rd Ave","Phoenix","AZ","Safeway"
"8803800","LICENSED_LS","16371 Cactus Rd","Surprise","AZ",""
"1055845","LICENSED_LS","9431 W Northern Ave","Glendale","AZ",""
"1006664","LICENSED_LS","1300 S. Watson Rd.","Buckeye","AZ",""
"9109400","LICENSED_LS","9350 W Northern Ave","Glendale","AZ","Target"
"6996","LICENSED_LS","15367 W Waddell Rd","Surprise","AZ",""
"8051","LICENSED_LS","9925 State Ave","Marysville","WA","Fred Meyer"
"9821","MALL","10600 Quil Ceda Blvd, Seattle Premium Outlets, 332","Tulalip","WA","Seattle Premium Outlets - Nort"
"10115","LICENSED_LS","16818 Twin Lakes Ave","Marysville","WA","Target"
"9415","LICENSED_LS","3532 172nd Street","Arlington","WA","Safeway"
"10724","LICENSED_LS","900 Asp Ave.","Norman","OK",""
"10161","LICENSED_LS","1400 24th Ave NW","Norman","OK","Target"
"12687","LICENSED_LS","1637 N Trekel Rd","Casa Grande","AZ","Safeway"
"8943300","LICENSED_LS","951 N Promenade Pkwy","Casa Grande","AZ","Target"
"17203","LICENSED_LS","23760 S Power Rd","Queen Creek","AZ",""
"18645","LICENSED_LS","1449 N Arizona Blvd","Coolidge","AZ","Safeway"
"1032833","LICENSED_LS","25105 S. Ellsworth Rd","Queen Creek","AZ",""
"7621","LICENSED_LS","542 E. Hunt Highway","Queen Creek","AZ",""
"14713","LICENSED_LS","18495 E Queen Creek Rd","Queen Creek","AZ","Safeway"
"10467","LICENSED_LS","21398 S Ellsworth Loop Rd","Queen Creek","AZ","Target"
"1009141","LICENSED_LS","3261 E Pecos Rd","Gilbert","AZ",""
"8823200","LICENSED_LS","22983 E Riggs Rd","Queen Creek","AZ","Safeway"
"6912","LICENSED_LS","1225 West Guadalupe","Mesa","AZ","Safeway"
"11367","LICENSED_LS","1230 S Longmore Ave","Mesa","AZ","Target"
"17620","LICENSED_LS","861 E Warner","Gilbert","AZ","Albertsons"
"1012951","LICENSED_LS","855 W Warner Rd","Gilbert","AZ",""
"116410","LICENSED_LS","1845 E Baseline Rd","Gilbert","AZ",""
"1006820","LICENSED_LS","1835 E Guadalupe Rd","Tempe","AZ",""
"12439","LICENSED_LS","1515 E Elliott Rd","Tempe","AZ","Safeway"
"11359","LICENSED_LS","90 S Val Vista Dr","Gilbert","AZ","Safeway"
"1019399","LICENSED_LS","714 S. Val Vista","Gilbert","AZ",""
"1023374","LICENSED_LS","1515 East Warner Road","Gilbert","AZ","Target"
"8738800","LICENSED_LS","14101 N Prasada Gateway","Surprise","AZ","Target"
"10942","LICENSED_LS","15215 N Cotton Lane","Surprise","AZ",""
"1006362","LICENSED_LS","10660 W Grand Ave","Sun City","AZ",""
"9726","LICENSED_LS","13828 W Waddell Rd","Surprise","AZ","Safeway"
"10731","LICENSED_LS","10926 W Bell Rd","Sun City","AZ","Safeway"
"1006710","LICENSED_LS","13982 W. Waddell","Surprise","AZ",""
"1011738","LICENSED_LS","8055 W Bell Road","Peoria","AZ","Target"
"1023713","LICENSED_LS","7600 W Arrowhead Towne Center","Glendale","AZ",""
"9390","LICENSED_LS","5040 W. Cactus","Glendale","AZ","Albertsons"
"1038074","LICENSED_LS","13731 W Bell Rd","Surprise","AZ","Target"
"18206","LICENSED_LS","10404 N 43rd Ave","Glendale","AZ","Target"
"10937","LICENSED_LS","6611 W Bell Rd","Glendale","AZ",""
"7617","LICENSED_LS","15510 W. Bell Road","Surprise","AZ",""
"1018763","LICENSED_LS","14551 W Grand Avenue","Surprise","AZ","Albertsons"
"10362","LICENSED_LS","13503 Camino Del Sol","Sun City West","AZ","Safeway"
"1006843","LICENSED_LS","19403 N RH Johnson Blvd","Sun City West","AZ",""
"1038528","LICENSED_LS","16388 N. Pat Tillman Blvd","Surprise","AZ",""
"8062","LICENSED_LS","350 W. Thomas Rd.","Phoenix","AZ",""
"8787200","LICENSED_LS","9500 East Via de Ventura, D100","Scottsdale","AZ",""
"1043514","LICENSED_LS","9500 East Via de Ventura Suite, A100","Scottsdale","AZ",""
"1006179","LICENSED_LS","9000 E. Indian Bend Road","Scottsdale","AZ","Target"
"1006010","LICENSED_LS","8900 E Via Linda LN","Scottsdale","AZ",""
"1014726","LICENSED_LS","11475 E Via Linda","Scottsdale","AZ","Albertsons"
"17991","LICENSED_LS","10450 N. 90th Street","Scottsdale","AZ",""
"1028462","LICENSED_LS","6965 N Hayden","Scottsdale","AZ","Albertsons"
"14509","LICENSED_LS","10773 N Scottsdale Rd","Scottsdale","AZ","Safeway"
"12200","LICENSED_LS","14696 N Frank Lloyd Wright Blvd","Scottsdale","AZ","Safeway"
"11843","LICENSED_LS","15444 N Frank Lloyd Wright Blvd","Scottsdale","AZ","Target"
"1011120","LICENSED_LS","10111 East Bell Rd","Scottsdale","AZ",""
"1005797","LICENSED_LS","1935 North Stapley Drive","Mesa","AZ",""
"8879","LICENSED_LS","6501 E Greenway Pkwy #4","Scottsdale","AZ","Safeway"
"1006181","LICENSED_LS","16825 E. Shea Boulevard","Fountain Hills","AZ","Target"
"1006819","LICENSED_LS","6321 E. Greenway Road","Scottsdale","AZ",""
"19122","LICENSED_LS","4707 E Shea Blvd","Phoenix","AZ",""
"13877","LICENSED_LS","810 E Glendale Ave","Phoenix","AZ","Safeway"
"1005925","LICENSED_LS","1815 W Glendale Ave","Phoenix","AZ",""
"18208","LICENSED_LS","5715 N 19th Ave","Phoenix","AZ","Target"
"1019167","LICENSED_LS","1625 E Camelback Rd","Phoenix","AZ","Target"
"14883","LICENSED_LS","520 W Osborn","Phoenix","AZ","Safeway"
"9970","LICENSED_LS","12602 N Paradise Village Pkwy","Phoenix","AZ","Target"
"7035","LICENSED_LS","4025 E. Thunderbird Road","Phoenix","AZ",""
"1006794","LICENSED_LS","4204 West Cactus Rd","Phoenix","AZ",""
"18209","LICENSED_LS","16806 N 7th St","Phoenix","AZ","Target"
"13250","LICENSED_LS","8196 SR 104 & Hansville Road","Kingston","WA","Safeway"
"11619","LICENSED_LS","20500 Olympic Pl","Arlington","WA","Safeway"
"1013190","LICENSED_LS","26603 72nd Ave NW","Stanwood","WA",""
"7526","LICENSED_LS","27008 92nd Ave NW","Stanwood","WA",""
"1030210","LICENSED_LS","1450 SW Erie Street","Oak Harbor","WA","Safeway"
"14608","LICENSED_LS","31565 State Route 20, #1","Oak Harbor","WA",""
"6953","LICENSED_LS","442 W Sims Way","Port Townsend","WA","Safeway"
"18077","LICENSED_LS","1890 Irondale Road","Port Hadlock-Irondale","WA",""
"6643","LICENSED_LS","99 S Higley Rd","Gilbert","AZ",""
"1029337","LICENSED_LS","4075 E Williams Field Rd","Gilbert","AZ",""
"9576","LICENSED_LS","5137 E Baseline Rd","Gilbert","AZ","Safeway"
"9515","LICENSED_LS","3622 E Southern Ave","Mesa","AZ","Safeway"
"1026476","LICENSED_LS","441 N Val Vista","Mesa","AZ","Albertsons"
"1006174","LICENSED_LS","4440 E Main St","Mesa","AZ",""
"1018577","LICENSED_LS","1122 N. Higley Rd","Mesa","AZ",""
"1028616","LICENSED_LS","1455 N. Higley Road","Gilbert","AZ",""
"7777","LICENSED_LS","5941 East McKellips Rd","Mesa","AZ",""
"1005915","LICENSED_LS","1525 S Power Rd","Mesa","AZ","Target"
"9445","LICENSED_LS","1855 N Power Rd","Mesa","AZ","Safeway"
"8543","LICENSED_LS","4701 W. Thunderbird Road","Glendale","AZ",""
"1017315","LICENSED_LS","4747 E Greenway Road","Phoenix","AZ","Safeway"
"1006268","LICENSED_LS","3246 E Bell Rd","Phoenix","AZ",""
"11332","LICENSED_LS","550 E Bell Rd","Phoenix","AZ","Safeway"
"1020849","LICENSED_LS","731 E. Union Hills Drive","Phoenix","AZ",""
"1009336","LICENSED_LS","21001 N Tatum Blvd Ste 20","Phoenix","AZ","Target"
"12219","LICENSED_LS","21001 North Tatum Blvd","Phoenix","AZ","Albertsons"
"1006323","LICENSED_LS","2727 W Bell Rd","Phoenix","AZ",""
"6601","LICENSED_LS","3450 West Bell","Phoenix","AZ","Safeway"
"8909500","LICENSED_LS","19829 N 27th Ave","Phoenix","AZ",""
"1014366","LICENSED_LS","2727 W Agua Fria Fwy","Phoenix","AZ","Target"
"7660","LICENSED_LS","20220 N 59th Ave","Glendale","AZ",""
"12750","LICENSED_LS","20205 N 67th Ave, 100","Glendale","AZ","Safeway"
"17817","LICENSED_LS","20351 N Lake Pleasant Rd","Peoria","AZ",""
"66380","LICENSED_LS","8375 W Deer Valley Rd","Peoria","AZ",""
"15787","LICENSED_LS","8240 W Deer Valley Rd","Peoria","AZ","Albertsons"
"1032017","LICENSED_LS","385 Market Square Dr","Maysville","KY","Kroger"
"1053082","LICENSED_LS","9006 YOSEMITE LODGE DR","Yosemite National Park","CA",""
"17642","LICENSED_LS","40044 Hwy 49","Oakhurst","CA","Vons"
"9580","LICENSED_LS","1803 George Washington Way","Richland","WA","Safeway"
"1055291","LICENSED_LS","1330 North 20th Ave","Pasco","WA","Safeway"
"1019516","LICENSED_LS","101 Wellsian Way","Richland","WA","Fred Meyer"
"6449","LICENSED_LS","2941 Queensgate Dr","Richland","WA","Target"
"1038440","LICENSED_LS","5204 West Clearwater","Kennewick","WA","Safeway"
"17163","LICENSED_LS","690 Gage Blvd.","Richland","WA","Safeway"
"1014810","LICENSED_LS","2811 W 10th Ave","Kennewick","WA","Fred Meyer"
"1044542","LICENSED_LS","2400 10th St SW","Minot","ND","Target"
"7423","LICENSED_LS","510 Grant Road","East Wenatchee","WA","Safeway"
"1005708","LICENSED_LS","11 Grant Rd.","East Wenatchee","WA","Fred Meyer"
"15123","LICENSED_LS","501 N Miller St","Wenatchee","WA","Safeway"
"8069","LICENSED_LS","400 N Ruby St","Ellensburg","WA","Safeway"
"15676","LICENSED_LS","201 South Water","Ellensburg","WA","Fred Meyer"
"7643","LICENSED_LS","3055 Columbia Blvd","Titusville","FL","Target"
"1025686","LICENSED_LS","SR 405, Mail Code DNPS, C/O DNC Parks and Resorts","Merritt Island","FL",""
"7677","LICENSED_LS","250 Crockett Blvd","Merritt Island","FL","Target"
"1028614","LICENSED_LS","12715 Pegasus Dr.","Orlando","FL",""
"16834","LICENSED_LS","325 N Alafaya Trail","Orlando","FL","Target"
"13773","LICENSED_LS","820 Oviedo Marketplace Blvd","Oviedo","FL","Target"
"8031","LICENSED_LS","4001 N Atlantic Ave","Cocoa Beach","FL",""
"8948300","LICENSED_LS","777 Coushatta Drive","Kinder","LA",""
"7753","LICENSED_LS","1606 North Ave","Spearfish","SD","Safeway"
"9118900","LICENSED_LS","2405 E Colorado Blvd STE1","Spearfish","SD",""
"1014684","LICENSED_LS","555 Lower Main Street","Deadwood","SD",""
"7727","LICENSED_LS","1100 S Market Blvd","Chehalis","WA","Safeway"
"9847","LICENSED_LS","1235 Stratford Ave.","Dixon","CA","Safeway"
"8793500","LICENSED_LS","3829 South Highway 97","Sand Springs","OK",""
"1045492","LICENSED_LS","2933 E 6th St","Tulsa","OK",""
"8804400","LICENSED_LS","7777 Airport Dr","Tulsa","OK",""
"1052221","LICENSED_LS","3915 South Peoria Avenue","Tulsa","OK",""
"114080","LICENSED_LS","1701 S Yale Ave","Tulsa","OK","Target"
"8609800","LICENSED_LS","1600 12th Ave","Ardmore","OK","Albertsons"
"11278","LICENSED_LS","600 N Guadalupe","Santa Fe","NM",""
"1006909","LICENSED_LS","2110 S Pacheco St","Santa Fe","NM",""
"15778","LICENSED_LS","3001 S St Francis Drive","Santa Fe","NM","Albertsons"
"1007532","LICENSED_LS","751 Trinity Dr, 100","Los Alamos","NM",""
"18531","LICENSED_LS","3542 Zafarano Drive","Santa Fe","NM","Albertsons"
"114077","LICENSED_LS","3550 Zafarano Dr","Santa Fe","NM","Target"
"116299","LICENSED_LS","6350 Sheridan Blvd","Arvada","CO","King Soopers"
"13984","LICENSED_LS","771 Thornton Parkway","Thornton","CO","Safeway"
"1056006","LICENSED_LS","8055 Sheridan Blvd","Arvada","CO","King Soopers"
"13253","LICENSED_LS","3840 E 104th Ave","Thornton","CO","Safeway"
"13303","LICENSED_LS","10300 Federal Blvd.","Federal Heights","CO","Safeway"
"14730","LICENSED_LS","1190 N Main St","Bishop","CA","Safeway"
"1033768","LICENSED_LS","175 Lemmon Drive","Reno","NV",""
"16190","LICENSED_LS","5150 Mae Anne Ave","Reno","NV","Safeway"
"8807900","LICENSED_LS","1630 Robb Dr","Reno","NV",""
"17312","MALL","171 Disc Dr, Sparks Galleria","Sparks","NV","Disc Dr"
"116309","LICENSED_LS","407 N Virginia St","Reno","NV",""
"1019847","LICENSED_LS","345 N. Virginia St.","Reno","NV",""
"18633","LICENSED_LS","75 Pringle Way, 103A","Reno","NV",""
"9889","LICENSED_LS","2500 East Second Avenue","Reno","NV",""
"1022722","LICENSED_LS","1255 Baring Blvd.","Sparks","NV",""
"7797","LICENSED_LS","1100 Nugget Ave","Sparks","NV",""
"13106","LICENSED_LS","2858 Vista Blvd","Sparks","NV","Safeway"
"10698","LICENSED_LS","1550 E Lincoln Way","Sparks","NV","Target"
"16128","LICENSED_LS","2130 Parkview, Parkview Center","Kalamazoo","MI",""
"1021889","LICENSED_LS","100 W Michigan Avenue","Kalamazoo","MI",""
"1037975","LICENSED_LS","1070 Arcadia Loop","Kalamazoo","MI",""
"17421","LICENSED_LS","5350 W Main St","Kalamazoo","MI","Target"
"1007512","LICENSED_LS","100 N 50th Ave","Brighton","CO","King Soopers"
"10077","LICENSED_LS","2171 Prairie Center Pkwy","Brighton","CO","Target"
"10786","LICENSED_LS","500 E Bromley Ln","Brighton","CO","King Soopers"
"11290","LICENSED_LS","1300 Dexter St","Fort Lupton","CO","Safeway"
"89296","LICENSED_LS","15051 E 104th Ave","Commerce City","CO","King Soopers"
"1022920","LICENSED_LS","8500 Pena Boulevard","Denver","CO",""
"1038347","LICENSED_LS","13525 Quebec Street","Thornton","CO","King Soopers"
"91359","LICENSED_LS","13700 Colorado Blvd","Thornton","CO","King Soopers"
"116427","LICENSED_LS","3801 East 120 Ave","Thornton","CO","King Soopers"
"13217","LICENSED_LS","1001 E 120th Ave","Thornton","CO","Target"
"1023048","LICENSED_LS","13801 Grant Street, 505","Thornton","CO",""
"9980","LICENSED_LS","14451 Orchard Pkwy","Westminster","CO","Target"
"13098","LICENSED_LS","8134 County Rd 13","Firestone","CO","Safeway"
"1016404","LICENSED_LS","1891 Highway 7","Broomfield","CO","King Soopers"
"10902","LICENSED_LS","2355 W 136th St","Broomfield","CO","King Soopers"
"8683200","LICENSED_LS","5801 Silverstone Dr.","Frederick","CO","King Soopers"
"16357","LICENSED_LS","3600 W 144th Ave","Broomfield","CO","Safeway"
"13079","LICENSED_LS","4800 E Baseline Road","Boulder","CO","Safeway"
"10775","LICENSED_LS","3600 Table Mesa Drive","Boulder","CO","King Soopers"
"8938500","LICENSED_LS","1171 West Dillon Rd","Louisville","CO","King Soopers"
"13208","LICENSED_LS","400 Marshall Rd","Superior","CO","Target"
"17688","LICENSED_LS","2798 Arapahoe Ave","Boulder","CO","Safeway"
"12675","LICENSED_LS","2800 Pearl St","Boulder","CO","Target"
"68163","LICENSED_LS","1375 E South Boulder Rd","Louisville","CO","King Soopers"
"16316","LICENSED_LS","3325 28th St","Boulder","CO","Safeway"
"12501","LICENSED_LS","1601 Coalton Rd","Superior","CO","Safeway"
"9103600","LICENSED_LS","1 West FlatIron Crossing Dr.","Broomfield","CO",""
"16567","LICENSED_LS","2900 Arapahoe Road","Erie","CO","King Soopers"
"9328","LICENSED_LS","3333 Arapahoe Rd #B","Erie","CO","Safeway"
"1007287","LICENSED_LS","6550 Lookout Road","Boulder","CO","King Soopers"
"1044368","LICENSED_LS","1150 Hwy 287","Broomfield","CO","King Soopers"
"1021914","LICENSED_LS","14967 Candelas Parkway","Arvada","CO","King Soopers"
"9829","LICENSED_LS","12167 Sheridan Blvd","Broomfield","CO","King Soopers"
"1012552","LICENSED_LS","9983 Wadsworth Pkwy","Westminster","CO","King Soopers"
"9039","LICENSED_LS","10445 Reed St","Westminster","CO","Target"
"68812","LICENSED_LS","8031 Wadsworth Blvd","Arvada","CO","King Soopers"
"15127","LICENSED_LS","7561 W 80th Ave","Arvada","CO","Safeway"
"114025","LICENSED_LS","10351 Federal Blvd","Westminster","CO","King Soopers"
"7154","LICENSED_LS","7899 Wadsworth Blvd","Arvada","CO","Target"
"20206","LICENSED_LS","15200 West 64th Ave","Arvada","CO","King Soopers"
"1017863","LICENSED_LS","905 US HWY 30 WEST","Carroll","IA","Hy-Vee"
"1022962","LICENSED_LS","201 Brock Commons","Farmville","VA",""
"18211","LICENSED_LS","2071 Monterey Rd","San Jose","CA","Target"
"1013228","LICENSED_LS","211 South 9th Street","San Jose","CA",""
"20101","LICENSED_LS","950 W Hamilton Ave","Campbell","CA","Safeway"
"7049","LICENSED_LS","533 Coleman Ave","San Jose","CA","Target"
"8992800","LICENSED_LS","4745 N Minersville Highway Unit A","Enoch","UT",""
"8655800","LICENSED_LS","9731 W 58th Avenue","Arvada","CO","King Soopers"
"1011735","LICENSED_LS","1600 Saratoga Ave","San Jose","CA","Target"
"7013","LICENSED_LS","6150 Bollinger Road","San Jose","CA","Safeway"
"7221","LICENSED_LS","20745 Stevens Creek Blvd","Cupertino","CA","Target"
"1011648","LICENSED_LS","2980 E Capitol Expressway","San Jose","CA","Safeway"
"65800","LICENSED_LS","450 N Capitol Ave","San Jose","CA","Target"
"8470","LICENSED_LS","1750 Story Road","San Jose","CA","Target"
"1014368","LICENSED_LS","2155 Morrill Ave","San Jose","CA","Target"
"1029357","LICENSED_LS","1455 Berryessa Rd","San Jose","CA","Safeway"
"17933","LICENSED_LS","Milpitas Blvd & Calaveras Blvd","Milpitas","CA","Safeway"
"1044878","MALL","1292 Great Mall Parkway","Milpitas","CA","Great Mall & McCandless"
"14005","LICENSED_LS","Mission Blvd. & Warm Springs Blvd.","Fremont","CA","Safeway"
"1045010","LICENSED_LS","43600 MISSION BLVD.","FREMONT","CA",""
"19035","LICENSED_LS","2077 Airport Blvd, Gate B22 Post Security","San Jose","CA",""
"18802","LICENSED_LS","2077 Airport Blvd, Terminal A Post Security","San Jose","CA",""
"116445","LICENSED_LS","645 San Antonio Rd.","Mountain View","CA","Safeway"
"7196","LICENSED_LS","570 N. Shoreline Blvd","Mountain View","CA","Safeway"
"7042","LICENSED_LS","525 El Camino Real","Menlo Park","CA","Safeway"
"16651","LICENSED_LS","1750 Miramonte Ave","Mountain View","CA","Safeway"
"8074","LICENSED_LS","639 Bernardo Ave","Sunnyvale","CA","Safeway"
"18705","LICENSED_LS","298 W McKinley Ave","Sunnyvale","CA","Target"
"19307","LICENSED_LS","150 E El Camino Real","Sunnyvale","CA","Safeway"
"14179","LICENSED_LS","2485 El Camino Real","Redwood City","CA","Target"
"8026","LICENSED_LS","785 E. El Camino Real","Sunnyvale","CA","Safeway"
"1039621","LICENSED_LS","4200 Great America Parkway","Santa Clara","CA",""
"1022526","LICENSED_LS","2401 Agnew Dr","Santa Clara","CA",""
"16835","LICENSED_LS","1071 El Camino Real","Redwood City","CA","Safeway"
"19212","LICENSED_LS","95 Holger Wy","San Jose","CA","Target"
"16905","LICENSED_LS","1050 Ken Pratt Blvd","Longmont","CO","Safeway"
"6460","LICENSED_LS","995 South Hover Street","Longmont","CO","King Soopers"
"9979","LICENSED_LS","551 S Hover Rd","Longmont","CO","Target"
"113921","LICENSED_LS","1611 Pace Street","Longmont","CO","King Soopers"
"11557","LICENSED_LS","1632 Hover Road","Longmont","CO","Safeway"
"8963400","LICENSED_LS","4358 City Centre Road","Firestone","CO","Target"
"13459","LICENSED_LS","6110 Firestone Blvd","Longmont","CO","King Soopers"
"17765","LICENSED_LS","2760 Homestead Road","Santa Clara","CA","Safeway"
"1009047","LICENSED_LS","2004 El Camino Real","Santa Clara","CA","Target"
"8708200","LICENSED_LS","2801 Stevens Creek Blvd","Santa Clara","CA",""
"7500","LICENSED_LS","3970 Rivermark Plaza","Santa Clara","CA","Safeway"
"16900","LICENSED_LS","39100 Argonaut Way","Fremont","CA","Safeway"
"1020299","LICENSED_LS","39201 Fremont Blvd","Fremont","CA","Target"
"87038","LICENSED_LS","43950 Pacific Commons Blvd","Fremont","CA","Target"
"9406","LICENSED_LS","5877 Jarvis Ave","Newark","CA","Safeway"
"7953","LICENSED_LS","1790 Decoto Rd","Union City","CA","Safeway"
"1014846","LICENSED_LS","2499 Whipple Rd","Hayward","CA","Target"
"20151","LICENSED_LS","25800 Carlos Bee Blvd","Hayward","CA",""
"11936","LICENSED_LS","1100 El Camino Real","Belmont","CA","Safeway"
"7618","LICENSED_LS","921 E. Hillsdale Blvd.","San Mateo","CA","Safeway"
"8629","LICENSED_LS","2220 Bridgepointe Pkwy","San Mateo","CA","Target"
"1022764","LICENSED_LS","1655 El Camino Real","San Mateo","CA","Safeway"
"68424","LICENSED_LS","1450 Howard Ave","Burlingame","CA","Safeway"
"6972","LICENSED_LS","1800 Old Bayshore Hwy","Burlingame","CA",""
"14725","LICENSED_LS","1801 West 11th St","Tracy","CA","Safeway"
"18262","LICENSED_LS","4495 1st St","Livermore","CA","Safeway"
"9518","LICENSED_LS","2800 Naglee Road","Tracy","CA","Target"
"13771","LICENSED_LS","4300 Las Positas Rd","Livermore","CA","Target"
"1037156","LICENSED_LS","19555 Mountain House Parkway","Mountain House","CA","Safeway"
"8839100","LICENSED_LS","2764 Livermore Outlets, 755","Livermore","CA",""
"8658","LICENSED_LS","1701 Santa Rita Rd","Pleasanton","CA","Safeway"
"68320","LICENSED_LS","2800 Dublin Blvd","Dublin","CA","Target"
"69558","LICENSED_LS","6790 Bernal Ave","Pleasanton","CA","Safeway"
"1039960","LICENSED_LS","1225 23rd St Rd","Greeley","CO",""
"18694","LICENSED_LS","303 Vintage Blvd","Juneau","AK","Safeway"
"17461","LICENSED_LS","8181 Old Glacier Hwy","Juneau","AK","Fred Meyer"
"1030721","LICENSED_LS","903 Elbert St.","Elberton","GA","Ingles"
"1028692","LICENSED_LS","1000 E. Franklin st","hartwell","GA","Ingles"
"8648800","LICENSED_LS","1507 N Main St","Abbeville","SC","Ingles"
"1020052","LICENSED_LS","4396 Hwy 24","Anderson","SC","Ingles"
"1020051","LICENSED_LS","1900 N. Main St.","Anderson","SC","Ingles"
"6743","LICENSED_LS","310 East Broad Street","Pataskala","OH","Kroger"
"8498","LICENSED_LS","8100 E Broad St","Reynoldsburg","OH","Target"
"1026748","LICENSED_LS","8460 E Main St","Reynoldsburg","OH","Kroger"
"1025714","LICENSED_LS","1001 Cormier Rd","Green Bay","WI","Target"
"1040125","LICENSED_LS","2395 S Oneida St, 100","Ashwaubenon, WI","WI","Hy-Vee"
"87048","LICENSED_LS","2050 Lime Kiln Rd","Green Bay","WI","Target"
"1007528","LICENSED_LS","300 A Ave","Fort Lee","VA",""
"10302","LICENSED_LS","2530 Wier Road","Chester","VA","Target"
"89077","LICENSED_LS","4601 Commonwealth Center Pkwy","Midlothian","VA","Target"
"94950","LICENSED_LS","7000 Tim Price Way","Richmond","VA","Kroger"
"8846700","LICENSED_LS","7101 Jahnke Road","Richmond","VA",""
"7463","LICENSED_LS","100 South 12th Street","Richmond","VA",""
"10705","LICENSED_LS","4521 S Laburnam Ave","Richmond","VA","Target"
"14650","LICENSED_LS","13306 A St. John's Church Road","Stony Creek","VA",""
"1031731","LICENSED_LS","1200 E Marshall St., The Gateway Building","Richmond","VA",""
"7670","LICENSED_LS","11301 Midlothian Tpke","Richmond","VA","Target"
"10921","LICENSED_LS","500 E Broad St","Richmond","VA",""
"18748","LICENSED_LS","641 N 8th St","Richmond","VA",""
"14662","LICENSED_LS","7107 Forest Hill Ave","Richmond","VA","Target"
"17282","LICENSED_LS","901 Park Avenue","Richmond","VA",""
"10633","LICENSED_LS","5401 W Broad St","Richmond","VA","Target"
"10869","LICENSED_LS","201 Perimeter Dr","Midlothian","VA","Target"
"12245","LICENSED_LS","7325 Bell Creek Rd","Mechanicsville","VA","Target"
"1018311","LICENSED_LS","301 NE Rice Road","Lee's Summit","MO","Hy-Vee"
"1013335","LICENSED_LS","1600 SE Blue Parkway","Lee's Summit","MO",""
"1019651","LICENSED_LS","1101 South 7 HWY","Blue Springs","MO",""
"16156","LICENSED_LS","1850 NW Chipman Rd","Lee's Summit","MO","Target"
"1031528","LICENSED_LS","310 SW Ward Rd","Lee's Summit","MO","Hy-Vee"
"11016","LICENSED_LS","1040 NE Coronado","Blue Springs","MO","Target"
"17913","LICENSED_LS","4545 S Noland Road","Independence","MO","Hy-Vee"
"1017813","LICENSED_LS","1191 NE McQuerry Rd","Grain Valley","MO",""
"1017287","LICENSED_LS","8779 Hillcrest Rd","Kansas City","MO",""
"1015552","LICENSED_LS","12220 S US Highway 71","Grandview","MO",""
"1052661","LICENSED_LS","5100 Cherry St., STE 148","KANSAS CITY","MO",""
"86972","LICENSED_LS","8509 State Line Rd","Kansas City","MO","Target"
"1026801","LICENSED_LS","7620 State Line Rd","Prairie Village","KS","Hy-Vee"
"1028077","LICENSED_LS","2450 Grand","Kansas City","MO",""
"1013115","LICENSED_LS","4050 W 83rd St","Prairie Village","KS",""
"1024560","LICENSED_LS","1571 MAIN STREET","Kansas City","MO",""
"1040974","LICENSED_LS","1301 Main St","Kansas City","MO",""
"14141","LICENSED_LS","11721 Roe Ave","Leawood","KS",""
"1021086","LICENSED_LS","4950 Roe Blvd","Roeland Park","KS",""
"8557500","LICENSED_LS","1987 N Lecanto Hwy","lecanto","FL","Target"
"7075","LICENSED_LS","2000 SW College Rd","Ocala","FL","Target"
"1016390","LICENSED_LS","910 HEBRON ROAD","Heath","OH","Kroger"
"1016419","LICENSED_LS","1155 North 21st Street","Newark","OH","Kroger"
"1019581","LICENSED_LS","600 E Main St","Hebron","OH","Kroger"
"1029391","LICENSED_LS","50 N 2nd Street","Newark","OH",""
"1018125","LICENSED_LS","7833 Refugee Road","Pickerington","OH","Kroger"
"12706","LICENSED_LS","1045 N Hill Rd","Pickerington","OH","Kroger"
"1020678","LICENSED_LS","1621 N Memorial Dr","Lancaster","OH","Kroger"
"1025853","LICENSED_LS","1300 River Valley Blvd","Lancaster","OH","Target"
"9413","LICENSED_LS","1141 E Main St","Lancaster","OH","Kroger"
"13958","LICENSED_LS","855 Coshocton Ave","Mt.Vernon","OH","Kroger"
"14099","LICENSED_LS","1500 Lexington Ave","Mansfield","OH","Kroger"
"1007523","LICENSED_LS","9351 Atlee Rd","Mechanicsville","VA","Kroger"
"6853","LICENSED_LS","10100 Brook Rd","Glen Allen","VA","Target"
"6445","LICENSED_LS","9001 STAPLES MILL RD","Richmond","VA","Target"
"1005379","LICENSED_LS","15075 Capital One Dr","Henrico","VA",""
"7679","LICENSED_LS","15035 Capital One Dr","Richmond","VA",""
"1007105","LICENSED_LS","11895 W Broad St","Henrico","VA","Kroger"
"1021678","LICENSED_LS","75 Spring Street","West Roxbury","MA",""
"1010364","LICENSED_LS","221 University Ave","Westwood","MA","Target"
"13474","SAME_AS_METRO_RECORD","910 Highland Ave","Needham","MA","node__6900008626 (4 m)"
"1021475","LICENSED_LS","134 Nahatan Street","Norwood","MA",""
"1009747","LICENSED_LS","1 Boylston St","Chestnut Hill","MA",""
"1054961","LICENSED_LS","4 River St","Dorchester","MA",""
"12855","SAME_AS_METRO_RECORD","470 Washington St","Brighton","MA","node__4123617192 (1 m)"
"1007184","LICENSED_LS","300 Longwood Ave","Boston","MA",""
"16697","SAME_AS_METRO_RECORD","283 Longwood Ave, Unit C","Boston","MA","node__2375516562 (14 m)"
"16003","SAME_AS_METRO_RECORD","364 Brookline Ave","Boston","MA","node__2369837832 (3 m)"
"1040206","LICENSED_LS","625 Huntington Avenue","Boston","MA",""
"1007718","SAME_AS_METRO_RECORD","1304 Commonwealth Ave","Boston","MA","node__4406334871 (3 m)"
"1009744","LICENSED_LS","33 Kilmarnock St","Boston","MA",""
"17334","SAME_AS_METRO_RECORD","142-148 Brookline Ave, Trilogy","Boston","MA","gp__ChIJI7xSP_R544kRky2466TRsaE (0 m)"
"8690200","LICENSED_LS","380 Huntington Avenue","Boston","MA",""
"1007461","LICENSED_LS","1341 Boylston St","Boston","MA","Target"
"1018482","LICENSED_LS","1065 Commonwealth Avenue","Boston","MA",""
"8559","LICENSED_LS","360 Huntington Ave","Boston","MA",""
"1054688","LICENSED_LS","305 Guest St","Allston","MA",""
"1021028","SAME_AS_METRO_RECORD","36 District Ave","Dorchester","MA","node__10219943312 (93 m)"
"1032061","LICENSED_LS","289 Hancock St","Quincy","MA","Target"
"18455","LICENSED_LS","775 Commonwealth Ave., Campus Dining Services","Boston","MA",""
"7678","LICENSED_LS","700 Commonwealth Ave","Boston","MA",""
"11890","LICENSED_LS","595 Commonwealth Ave, Campus Dining Services/Starbucks Coffee","Boston","MA",""
"9121","LICENSED_LS","7 Allstate Rd","Boston","MA","Target"
"1009746","LICENSED_LS","45 Morrissey Blvd","Dorchester","MA",""
"18665","LICENSED_LS","550 Arsenal Street","Watertown","MA","Target"
"1018481","LICENSED_LS","370 Western Avenue","Brighton","MA",""
"15880","SAME_AS_METRO_RECORD","350 Newbury St","Boston","MA","gp__ChIJGfaNNgV644kRs3H9Ig2WDJI (0 m)"
"19216","LICENSED_LS","250 Granite St","Braintree","MA","Target"
"1015348","SAME_AS_METRO_RECORD","110 Huntington Ave","Boston","MA","gp__ChIJj9c1A4l744kRDEN3Qmfli1M (0 m)"
"1029932","LICENSED_LS","511 S Holden St","Warrensburg","MO",""
"12399","LICENSED_LS","12200 Blue Valley Pkwy","Overland Park","KS","Target"
"8119","LICENSED_LS","10800 Metcalf","Overland Park","KS",""
"8153","LICENSED_LS","11930 College Blvd","Overland Park","KS",""
"18470","LICENSED_LS","15345 W 119th St","Olathe","KS","Target"
"8438","LICENSED_LS","11501 W 97th St","Overland Park","KS","Target"
"1032168","LICENSED_LS","11711 W 95th Street, Suite 133","Overland Park","KS",""
"1027564","LICENSED_LS","109 N. Blue Jay Dr.","Liberty","MO","Hy-Vee"
"9268","LICENSED_LS","9220 NE Barry Rd","Kansas City","MO","Target"
"1011650","LICENSED_LS","7117 N Prospect AVE","Gladstone","MO","Hy-Vee"
"13229","LICENSED_LS","207 NE Englewood Rd","Kansas City","MO",""
"1015717","LICENSED_LS","5330 NW 64th Street","Kansas City","MO","Hy-Vee"
"88963","LICENSED_LS","8420 N Madison Ave","Kansas City","MO","Target"
"1027284","LICENSED_LS","8301 N. Saint Clair Ave","Kansas City","MO","Hy-Vee"
"7730","LICENSED_LS","9040 NW Skyview Ave","Kansas City","MO","Target"
"86976","LICENSED_LS","6100 Broadmoor St","Mission","KS","Target"
"1027893","LICENSED_LS","13550 W 63rd St","Shawnee","KS","Hy-Vee"
"9107","LICENSED_LS","15700 Shawnee Mission Park","Shawnee Mission","KS","Target"
"10134","LICENSED_LS","10900 Stadium Pkwy","Kansas City","KS","Target"
"1007095","LICENSED_LS","265 Highland Square","Crossville","TN","Kroger"
"1025777","LICENSED_LS","1180 West Avenue","Crossville","TN","Food City"
"1040535","LICENSED_LS","141 Towne Centre Dr","Crossville","TN","Food City"
"1033266","LICENSED_LS","1545 E 10th St","Cookeville","TN","Food City"
"10851","LICENSED_LS","1000 North Dixie","Cookeville","TN",""
"6448","LICENSED_LS","11290 W Broad St","Glen Allen","VA","Target"
"10137","LICENSED_LS","375 Centre Ave","Abington","MA","Target"
"1022324","LICENSED_LS","35 Columbia Rd","Hanover","MA",""
"11010","LICENSED_LS","1167 Washington Street","Hanover","MA","Target"
"10695","LICENSED_LS","1 Hawes Way","Stoughton","MA","Target"
"1020271","LICENSED_LS","690 Depot Street","Easton","MA",""
"7651","LICENSED_LS","41 Robert Dr","South Easton","MA","Target"
"1027027","LICENSED_LS","1 Snow Road","Marshfield","MA",""
"1026760","LICENSED_LS","130 Granite Street","Quincy","MA",""
"1013490","LICENSED_LS","101 Independence Mall Way","Kingston","MA","Target"
"11011","LICENSED_LS","127 Samoset St","Plymouth","MA",""
"1022567","LICENSED_LS","750 South Main Street","Sharon","MA",""
"63180","LICENSED_LS","81 Taunton Depot Dr","Taunton","MA","Target"
"1025715","LICENSED_LS","255 East Central Street","Franklin","MA",""
"12270","LICENSED_LS","103 Taunton St","Plainville","MA","Target"
"1005902","LICENSED_LS","250 Fortune Blvd","Milford","MA","Target"
"1006019","LICENSED_LS","1205 S. Washington St.","North Attleborough","MA","Target"
"8509","LICENSED_LS","620 George Washington Hwy","Lincoln","RI","Target"
"89298","LICENSED_LS","167 W Main St","Hopkinton","MA",""
"1028428","LICENSED_LS","15 Smithfield Road","North Proidence","RI",""
"20218","LICENSED_LS","371 Putnam Pike #A-250","Smithfield","RI","Target"
"1054187","LICENSED_LS","1245 Worcester Street","Natick","MA",""
"20059","LICENSED_LS","400 Cochituate Rd","Framingham","MA","Target"
"1016434","LICENSED_LS","Mass Pike West Svc Area 7w Mm117","Framingham","MA",""
"1031725","LICENSED_LS","1 Providence Place","Providence","RI",""
"17730","LICENSED_LS","21 Atwells Avenue","Providence","RI",""
"1029201","LICENSED_LS","13400 W. 87th Parkway","Lenexa","KS","Hy-Vee"
"1016303","LICENSED_LS","2600 Ensign Hill Dr","Platte City","MO",""
"18019","LICENSED_LS","2107 S. 4th Street","Leavenworth","KS",""
"18638","LICENSED_LS","330 Kansas Avenue","Fort Leavenworth","KS",""
"1032634","LICENSED_LS","400 Ocean Avenue","Revere","MA",""
"14668","LICENSED_LS","36 Furlong Dr","Revere","MA","Target"
"1012909","LICENSED_LS","71 Loring Avenue","Salem","MA",""
"7561","SAME_AS_METRO_RECORD","430 McClellan Highway","East Boston","MA","node__13338753451 (15 m)"
"1020059","LICENSED_LS","400 Lynn Fells Pkwy","Saugus","MA","Target"
"1014612","LICENSED_LS","1 Harborside Drive","Boston","MA",""
"1025828","LICENSED_LS","1 Harborside Dr","Boston","MA",""
"1026810","LICENSED_LS","1 Harborside Dr","Boston","MA",""
"1027193","LICENSED_LS","1 Harborside Dr","Boston","MA",""
"1025878","LICENSED_LS","1 Harborside Drive","Boston","MA",""
"1022982","LICENSED_LS","1 Harborside Drive","Boston","MA",""
"1030167","LICENSED_LS","45 Transportation Way","Boston","MA",""
"16015","LICENSED_LS","Boston Logan International Airport","Boston","MA",""
"1023169","LICENSED_LS","210 Andover Street","Peabody","MA",""
"20298","LICENSED_LS","1 Mystic View Rd","Everett","MA","Target"
"1009593","LICENSED_LS","240 Independence Wy","Danvers","MA","Target"
"9315","SAME_AS_METRO_RECORD","2 Atlantic Ave, The Pilot House","Boston","MA","gp__ChIJS9lgwYlw44kRDM2mWwJforc (0 m)"
"8527300","LICENSED_LS","296 State St","Boston","MA",""
"1022752","LICENSED_LS","471 Salem St.","Medford","MA","Target"
"1022529","SAME_AS_METRO_RECORD","8 North Market Street, Suite N 2179A","Boston","MA","gp__ChIJXSfxmORx44kROFmQiqTncM4 (0 m)"
"1008869","SAME_AS_METRO_RECORD","48A Northern Avenue","Boston","MA","node__8036410780 (5 m)"
"6608","LICENSED_LS","606 Congress St","Boston","MA",""
"1009368","SAME_AS_METRO_RECORD","103 Seaport Blvd, Building L1","Boston","MA","gp__ChIJSSBB34F644kRULzJ23vgzLc (10 m)"
"1026212","LICENSED_LS","Causeway Street","Boston","MA",""
"8349","SAME_AS_METRO_RECORD","84 State St","Boston","MA","gp__ChIJ-2Skf4Zw44kRd-6OOJ6vygQ (0 m)"
"15299","SAME_AS_METRO_RECORD","1 International Pl","Boston","MA","gp__ChIJRYf4MIdw44kR8hTGssJctUU (0 m)"
"8560","LICENSED_LS","425 Summer St","Boston","MA",""
"1033077","LICENSED_LS","450 Water Street","Cambridge","MA",""
"1052430","LICENSED_LS","1 South Station","Boston","MA",""
"20031","LICENSED_LS","605 Boston Post Rd E","Marlborough","MA","Target"
"1026862","LICENSED_LS","1300 Middlesex Turnpike","Burlington","MA",""
"1006321","LICENSED_LS","423 Donald Lynch Blvd","Marlborough","MA","Target"
"1009741","LICENSED_LS","535 Trapelo Rd","Belmont","MA",""
"11012","LICENSED_LS","199 Plain St","Lowell","MA","Target"
"1009745","LICENSED_LS","699 Mt Auburn St","Cambridge","MA",""
"14891","SAME_AS_METRO_RECORD","222 Alewife Brook Pkwy","Cambridge","MA","gp__ChIJ780pyQt344kRLJTn34OCkas (0 m)"
"9530","LICENSED_LS","4401 Commercial Way","Spring Hill","FL","Target"
"9994","LICENSED_LS","3101 Aerial Way","Spring Hill","FL","Target"
"1044133","LICENSED_LS","585 Taunton Ave","East Providence","RI",""
"6402","LICENSED_LS","59 Chestnut Street","Providence","RI",""
"1013286","LICENSED_LS","79 Commerce Way","Seekonk","MA","Target"
"19099","LICENSED_LS","321 Harborside Blvd","Providence","RI",""
"65672","LICENSED_LS","579 Grand Army Hwy","Swansea","MA","Target"
"1013056","LICENSED_LS","21 Galaxy Pass","Sutton","MA",""
"116538","LICENSED_LS","2 Worchester St","Webster","MA",""
"20195","LICENSED_LS","400 Bald Hill Rd","Warwick","RI",""
"7287","LICENSED_LS","400 Bald Hill Rd","Warwick","RI","Target"
"65670","LICENSED_LS","330 Turnpike Rd","Westborough","MA","Target"
"1006600","LICENSED_LS","731 Boston Turnpike","Shrewsbury","MA",""
"1006175","LICENSED_LS","529 Lincoln Street","Worcester","MA","Target"
"1031351","LICENSED_LS","24 Boynton Street, Founders Hall","Worcester","MA",""
"1038423","LICENSED_LS","2500 Massachusetts Ave","Butte","MT","Safeway"
"1014608","SAME_AS_METRO_RECORD","749 E Broadway","South Boston","MA","node__4722621051 (10 m)"
"13505","SAME_AS_METRO_RECORD","1 Financial Ctr","Boston","MA","gp__ChIJYRrkA4Jw44kR5dG9Z5omOmo (0 m)"
"10135","SAME_AS_METRO_RECORD","125 Summer St","Boston","MA","gp__ChIJ_cJcaYJw44kRq5rMXr66aMI (0 m)"
"1024074","LICENSED_LS","450 Washington Street","Boston","MA",""
"6924","LICENSED_LS","821 Washington Street","Boston","MA",""
"1045390","SAME_AS_METRO_RECORD","176 Boylston St","Boston","MA","gp__ChIJq8rwFAB744kRmg27QTCHB9M (0 m)"
"12257","SAME_AS_METRO_RECORD","222 Cambridge St","Boston","MA","node__2700809522 (4 m)"
"12268","SAME_AS_METRO_RECORD","468 Broadway","Cambridge","MA","gp__ChIJ_YAOWkR344kRt1Tt9gdKsDg (0 m)"
"1027962","LICENSED_LS","49 White Street","Cambridge","MA",""
"9533","LICENSED_LS","86 Orchard Hill Park Dr","Leominster","MA","Target"
"1037565","SAME_AS_METRO_RECORD","1800 Main St","Tewksbury","MA","node__13137112651 (2 m)"
"1009049","LICENSED_LS","210 Ballardvale St","Wilmington","MA","Target"
"65856","LICENSED_LS","101 Commerce Way","Woburn","MA","Target"
"1007026","LICENSED_LS","84 University Ave","Lowell","MA",""
"1019163","LICENSED_LS","113 Main St","Stoneham","MA","Target"
"1045282","LICENSED_LS","259 Main St","Stoneham","MA",""
"1022461","LICENSED_LS","310 Daniel Webster Hwy","Nashua","NH","Target"
"1023259","LICENSED_LS","600 Amherst St","Nashua","NH","Target"
"1017398","SAME_AS_METRO_RECORD","64 Arlington St","Boston","MA","gp__ChIJ3Tb3ZnR644kRGKg0YZYg1E8 (0 m)"
"13567","SAME_AS_METRO_RECORD","65-66 Beacon","Boston","MA","node__1979657115 (6 m)"
"1045276","SAME_AS_METRO_RECORD","500 Boylston St, Suite 185","Boston","MA","gp__ChIJUd9xZwB744kRH30XxCNkrlQ (0 m)"
"14813","SAME_AS_METRO_RECORD","185 Dartmouth St","Boston","MA","gp__ChIJUyoW5wx644kR-9XQK_ZFFnA (11 m)"
"1009785","LICENSED_LS","53 Huntington Ave","Boston","MA",""
"12566","SAME_AS_METRO_RECORD","120 Broadway, 6 Cambridge Center","Cambridge","MA","gp__ChIJU9v-SqRw44kR0kiwGr8SYXQ (0 m)"
"1024790","LICENSED_LS","14 McGrath Highway","Somerville","MA",""
"1025830","LICENSED_LS","71 Dodge Street","Beverly","MA",""
"7652","LICENSED_LS","60 Shining Willow Way","La Plata","MD","Target"
"13819","LICENSED_LS","40 Shining Willow Hwy","La Plata","MD","Safeway"
"9953","LICENSED_LS","5976 12th St","Fort Belvoir","VA",""
"8919400","LICENSED_LS","4535 Fairway Village Pl","Waldorf","MD",""
"66232","LICENSED_LS","9300 DeWitt Loop","Fort Belvoir","VA",""
"8001","LICENSED_LS","3300 Western Pkwy","Waldorf","MD","Target"
"9177800","LICENSED_LS","2700 Potomac Mills Circle","Woodbridge","VA",""
"7969","LICENSED_LS","2460 Price William Pkwy","Woodbridge","VA","Target"
"13076","LICENSED_LS","10 King Street","Waldorf","MD","Safeway"
"8523","LICENSED_LS","4310 Fortuna Ctr Plaza","Dumfries","VA","Target"
"11228","LICENSED_LS","8646 Richmond Hwy","Alexandria","VA","Safeway"
"1005252","LICENSED_LS","9325 Gunston Rd.","Fort Belvoir","VA",""
"13100","LICENSED_LS","952 E Swan Creek Rd","Fort Washington","MD","Safeway"
"15969","LICENSED_LS","4240 Merchant Plaza","Woodbridge","VA","Safeway"
"1009832","LICENSED_LS","7500 Geoint Drive","Springfield","VA",""
"10694","LICENSED_LS","15922 S Crain Hwy","Brandywine","MD","Target"
"12205","LICENSED_LS","5980 Kingstowne Village Center","Alexandria","VA","Safeway"
"13492","MALL","6754 Richmond Hwy, Beacon Mall Shopping Center, Unit 4","Alexandria","VA","Beacon Mall"
"1024864","LICENSED_LS","6600 Richmond Hwy","Alexandria","VA","Target"
"1032129","LICENSED_LS","9580 Livingston Road","Fort Washington","MD","Giant"
"116428","LICENSED_LS","1624 Belle View Blvd","Alexandria","VA","Safeway"
"1005924","LICENSED_LS","6600 Springfield Mall","Springfield","VA","Target"
"8874","LICENSED_LS","1090 Stafford Marketplace","Stafford","VA","Target"
"6446","LICENSED_LS","53 Standstead Rd","Stafford","VA","Target"
"1029129","LICENSED_LS","6364 Old Keene Mill Rd.","Springfield","VA","Giant"
"87154","LICENSED_LS","180 Somerville Ave","Somerville","MA","Target"
"8806000","LICENSED_LS","30015 Three Notch Rd","Charlotte Hall","MD",""
"14167","LICENSED_LS","400 W Dares Beach Rd","Prince Frederick","MD","Safeway"
"1018940","LICENSED_LS","45155 First Colony Blvd","California","MD","Target"
"17959","LICENSED_LS","550 Celebrate Virginia Parkway","Fredericksburg","VA","Giant"
"8255","LICENSED_LS","1180 Carl D Silver Pkwy","Fredericksburg","VA","Target"
"8410","LICENSED_LS","9785 Jefferson Davis Hwy","Fredericksburg","VA","Target"
"1015908","LICENSED_LS","1050 W Perimeter Rd","Joint Base Andrews","MD",""
"1027016","LICENSED_LS","1811 G St","Joint Base Andrews","MD",""
"1007187","LICENSED_LS","7605 Crain Hwy","Upper Marlboro","MD","Safeway"
"16244","LICENSED_LS","3101 Donnell Dr","Forestville","MD","Target"
"13772","LICENSED_LS","2845 Alabama Ave SE","Washington","DC","Safeway"
"10987","LICENSED_LS","Bldg 4570, 195 Chappie James Blvd. SW","Washington","DC",""
"8143","LICENSED_LS","1767 King St","Alexandria","VA",""
"1015033","LICENSED_LS","3101 JEFFERSON DAVIS HWY","Alexandria","VA","Target"
"1006089","LICENSED_LS","3131 Duke St.","Alexandria","VA","Giant"
"1007134","LICENSED_LS","401 M St SE","Washington","DC","Harris Teeter"
"1028485","LICENSED_LS","415 14TH Street SE","WASHINGTON","DC","Safeway"
"8544600","LICENSED_LS","2401 Ronald Reagan Washington National, Airport Access Rd","Arlington","VA",""
"8339","LICENSED_LS","10500 Campus Way S","Largo","MD","Target"
"1044867","LICENSED_LS","2401 Smith Blvd","Arlington","VA",""
"18786","LICENSED_LS","1100 4th ST SW","Washington","DC","Safeway"
"15739","LICENSED_LS","9596 Old Keene Mill Rd.","Burke","VA","Safeway"
"1022340","LICENSED_LS","10301 New Guinea Rd","Fairfax","VA","Target"
"1018332","LICENSED_LS","10060 MARKET CIRCLE","Manassas","VA","Harris Teeter"
"1016844","LICENSED_LS","10653 Braddock Rd","Fairfax","VA","Giant"
"7672","LICENSED_LS","9525 Braddock Rd","Fairfax","VA","Safeway"
"1007358","LICENSED_LS","4400 University","Fairfax","VA",""
"10908","LICENSED_LS","4401 University Drive","Fairfax","VA",""
"1028225","LICENSED_LS","13047 Fair Lakes Shopping Center","Fairfax","VA","Target"
"8857","LICENSED_LS","12200 W Ox Road, Fairfax Town Center","Fairfax","VA","Safeway"
"12586","LICENSED_LS","9900 Sowder Village Sq","Manassas","VA","Target"
"1032189","LICENSED_LS","10864 Sudley Manor Drive","Manassas","VA","Giant"
"1018746","LICENSED_LS","3905 FAIR RIDGE DR.","Fairfax","VA","Harris Teeter"
"1028076","LICENSED_LS","9400 Fairfax Blvd.","Fairfax","VA","Giant"
"16435","LICENSED_LS","7414 Little River Turnpike","Annandale","VA","Safeway"
"1015787","LICENSED_LS","5775 Sunnybrook Dr","Sioux City","IA","Target"
"1006273","LICENSED_LS","3301 Gordon Drive","Sioux City","IA","Hy-Vee"
"1026426","LICENSED_LS","2501 Cornhusker Drive","South Sioux City","NE","Hy-Vee"
"9794","LICENSED_LS","2827 Hamilton Blvd","Sioux City","IA","Hy-Vee"
"8611900","LICENSED_LS","810 Fairmont Drive","Bowie","MD","Giant"
"1023433","LICENSED_LS","6200 Little River Turnpike","Alexandria","VA","Giant"
"18314","LICENSED_LS","10438 Bristow Center Dr","Bristow","VA","Harris Teeter"
"14277","LICENSED_LS","12821 Braemar Village Plaza","Bristow","VA","Safeway"
"12771","LICENSED_LS","13301 Gateway Center Drive","Gainesville","VA","Target"
"1013088","LICENSED_LS","13901 Heathcote Blvd","Gainesville","VA","Harris Teeter"
"8936000","LICENSED_LS","3300 Gallows Road","Falls Church","VA",""
"10509","LICENSED_LS","7235 ARLINGTON BLVD","Falls Church","VA","Giant"
"92311","LICENSED_LS","2904 DISTRICT AVE","Fairfax","VA","Target"
"1027531","LICENSED_LS","6300 Seven Corners Ctr.","Falls Church","VA","Giant"
"1015511","LICENSED_LS","301 W. BROAD ST.","Falls Church","VA","Harris Teeter"
"19123","LICENSED_LS","6118 Arlington Blvd","Falls Church","VA","Safeway"
"52013","LICENSED_LS","6100 Arlington Blvd","Falls Church","VA","Target"
"11590","LICENSED_LS","5115 Leesburg Pike","Falls Church","VA","Target"
"1031141","LICENSED_LS","4550 King Street","Alexandria","VA","Harris Teeter"
"1024020","LICENSED_LS","8000 Tysons Corner Center","McLean","VA",""
"1008804","LICENSED_LS","14391 Chantilly Crossing Ln","Chantilly","VA","Target"
"18746","LICENSED_LS","25401 Eastern Marketplace Plaza, 150","Chantilly","VA","Harris Teeter"
"1055775","LICENSED_LS","1 Saarinen Circle","Dulles","VA",""
"7932","LICENSED_LS","44844 Autopilot Dr","Sterling","VA",""
"8930900","LICENSED_LS","1 Saarinen Circle, Dulles International Airport","Dulles","VA",""
"11408","LICENSED_LS","44844 Autopilot Dr, Washington Dulless Int'l Airport","Sterling","VA",""
"8895100","LICENSED_LS","24670 Arcola Landing Drive, Building 8","Sterling","VA","Target"
"1053990","LICENSED_LS","1 Saarinen Cir","Dulles","VA",""
"1007566","LICENSED_LS","45020 Aviation Dr","Sterling","VA",""
"10367","LICENSED_LS","5581 Merchants View Square","Haymarket","VA","Giant"
"9893","LICENSED_LS","44844 Autopilot Dr","Sterling","VA",""
"8206","LICENSED_LS","42015 Village Center Plaza","Aldie","VA","Harris Teeter"
"11328","LICENSED_LS","4100 Northview Dr","Bowie","MD","Safeway"
"6977","LICENSED_LS","4600 Mitchellville Rd","Bowie","MD","Target"
"8384","LICENSED_LS","10401 Martin Luther King Hwy","Bowie","MD","Target"
"1026864","LICENSED_LS","1515 New York Avenue NE","Washington","DC","Target"
"8882100","LICENSED_LS","1 Independence Ave., SE, Longworth House Office Building","Washington","DC",""
"7219","LICENSED_LS","52 West Central Avenue","Edgewater","MD","Safeway"
"9561","LICENSED_LS","1480 Crystal Dr","Arlington","VA",""
"1030308","LICENSED_LS","Army Navy Drive & Fern Street, Room 1B - 1088","Arlington","VA",""
"1024950","LICENSED_LS","480 L'Enfant Plaza SW","Washington","DC",""
"1014488","LICENSED_LS","935 Pennsylvania Avenue NW","Washington","DC",""
"1009597","LICENSED_LS","106 McNair Rd., Bldg 450","Fort Myer","VA",""
"7767","LICENSED_LS","775 12th St. NW","Washington","DC",""
"8436","LICENSED_LS","9885 Wicker Ave","St. John","IN","Target"
"9149300","LICENSED_LS","9548 Wicker Ave","St John","IN",""
"1055257","LICENSED_LS","805 Joliet Street","Dyer","IN",""
"16655","LICENSED_LS","10451 Indianapolis Blvd","Highland","IN","Target"
"17718","MALL","1613 Southlake Mall","Merrillville","IN","Merrillville-Rte 30 & Mississi"
"1015161","LICENSED_LS","2661 E US Hwy 30","Merrillville","IN","Target"
"16828","LICENSED_LS","8005 Calumet Ave","Munster","IN","Target"
"9109000","LICENSED_LS","17605 S Halsted St","Homewood","IL","Target"
"1053533","LICENSED_LS","17300 S. Halsted","East Hazel Crest","IL",""
"8433","LICENSED_LS","7300 191st St","Tinley Park","IL","Target"
"1029388","LICENSED_LS","11730 S. Marshfield Ave.","Chicago","IL",""
"1029498","LICENSED_LS","17117 Harlem Ave","Tinley Park","IL",""
"1055223","LICENSED_LS","1655 E 95th St","Chicago","IL",""
"1009618","LICENSED_LS","3243 W 115th St","Merrionette Park","IL",""
"1028694","LICENSED_LS","21001 South La Grange Road","Frankfort","IL",""
"1019138","LICENSED_LS","2420 Laporte Ave","Valparaiso","IN","Target"
"14719","LICENSED_LS","2500 N Harrison St","Arlington","VA","Safeway"
"7898","LICENSED_LS","801 N. Glebe Rd.","Arlington","VA",""
"1053547","LICENSED_LS","624B N Glebe Rd","Arlington","VA","Harris Teeter"
"10982","LICENSED_LS","7401 Colshire Dr","McLean","VA","Safeway"
"1019538","LICENSED_LS","1680 Capital One Drive, Sbux LS","McLean","VA",""
"17920","LICENSED_LS","1454 Chain Bridge Road","McLean","VA","Giant"
"1020403","LICENSED_LS","7930 Jones Branch Dr","McLean","VA",""
"1014358","LICENSED_LS","1775 Greensboro Station Place","McLean","VA",""
"16161","LICENSED_LS","2304 Hunters Woods Plaza, Hunter Woods Village Center","Reston","VA","Safeway"
"1055021","LICENSED_LS","1908 Reston Metro Plaza","Reston","VA",""
"10740","LICENSED_LS","490 L St. NW","Washington","DC","Safeway"
"8568800","LICENSED_LS","801 Y Lew Place NW","Washington","DC",""
"1007530","LICENSED_LS","901 Mass Ave nw","Washington","DC",""
"11494","LICENSED_LS","1525 Wilson Blvd.","Arlington","VA","Safeway"
"11371","LICENSED_LS","900 23rd St NW","Washington","DC",""
"1022055","LICENSED_LS","405 Porter Vales Boulevard","Valparaiso","IN",""
"13813","LICENSED_LS","1615 N SR 50","Bourbonnais","IL","Target"
"1021977","LICENSED_LS","990 N. Kinzie Ave","Bradley","IL",""
"1024297","LICENSED_LS","1 UNIVERSITY AVE","Bourbonnais","IL",""
"1017319","LICENSED_LS","2021 E Laraway","New Lenox","IL",""
"8432","LICENSED_LS","2370 E Lincoln Hwy","New Lenox","IL","Target"
"1016963","LICENSED_LS","475 N Nelson","New Lenox","IL",""
"1013529","LICENSED_LS","747 Indian Boundary Road","Chesterton","IN",""
"1009786","LICENSED_LS","5757 S University Ave","Chicago","IL",""
"1016364","LICENSED_LS","1346 E 53rd St","Chicago","IL","Target"
"1054966","LICENSED_LS","9424 South Pulaski Road","Oak Lawn","IL",""
"17374","LICENSED_LS","4120 W 95th St","Oak Lawn","IL","Target"
"1015081","LICENSED_LS","9350 W 159TH ST","Orland Park","IL",""
"12598","LICENSED_LS","15850 S 94th Ave","Orland Park","IL","Target"
"6710","LICENSED_LS","6520 S Cicero Ave","Bedford Park","IL",""
"1032051","LICENSED_LS","200 Main Street","West Lebanon","NH","Target"
"1045239","LICENSED_LS","14768 AZ-95","Lake Havasu City","AZ",""
"1030150","LICENSED_LS","1980 McCulloch Blvd","Lake Havasu City","AZ","Albertsons"
"1006189","LICENSED_LS","80 Acoma Blvd N","Lake Havasu City","AZ",""
"17244","LICENSED_LS","3269 Maricopa Ave, Suite 120","Lake Havasu City","AZ",""
"8124","LICENSED_LS","221 W Heron St","Aberdeen","WA","Safeway"
"1052198","LICENSED_LS","110 W. Hwy 67, 101","Venus","TX",""
"1020373","LICENSED_LS","2200 FM 663","Midlothian","TX","Kroger"
"8793000","LICENSED_LS","1400 East Main Street","Midlothian","TX",""
"8995100","LICENSED_LS","4221 FM1387","Midlothian","TX",""
"68196","LICENSED_LS","3300 E Broad St","Mansfield","TX","Kroger"
"1021386","LICENSED_LS","3145 E Broad Street","Mansfield","TX",""
"18646","LICENSED_LS","980 US-287 N","Mansfield","TX",""
"14049","LICENSED_LS","1801 Highway 287 N","Mansfield","TX","Target"
"1014077","LICENSED_LS","1631 SW Wilshire Blvd","Burleson","TX","Kroger"
"11588","LICENSED_LS","200 NW John Jones Dr","Burleson","TX","Target"
"9306","LICENSED_LS","833 NE Alsbury Blvd","Burleson","TX","Albertsons"
"12244","LICENSED_LS","1316 N Hwy 77","Waxahachie","TX","Target"
"8610600","LICENSED_LS","1940 North US Hwy 77","Waxahachie","TX",""
"1020645","LICENSED_LS","6220 HIGHWAY 287","Arlington","TX","Albertsons"
"17381","LICENSED_LS","5270 State Hwy 360","Grand Prairie","TX","Target"
"12774","LICENSED_LS","739 N Hwy 67","Cedar Hill","TX","Target"
"11803","LICENSED_LS","1400 W Arbrook Blvd","Arlington","TX","Target"
"10970","LICENSED_LS","5701 W Pleasant Ridge Rd","Arlington","TX","Kroger"
"1055535","LICENSED_LS","3301 Matlock Rd.","Arlington","TX",""
"10826","LICENSED_LS","4215 S Carrier Pkwy","Grand Prairie","TX",""
"10977","LICENSED_LS","3800 Reservoir Road","Washington","DC",""
"8553","LICENSED_LS","14200 S Bell Rd","Homer Glen","IL",""
"20304","LICENSED_LS","13460 S Archer Ave","Lemont","IL","Target"
"1029121","LICENSED_LS","3857 S. Dr Martin Luther King","Chicago","IL",""
"18352","LICENSED_LS","2301 S Martin Luther King Dr","Chicago","IL",""
"11282","LICENSED_LS","2301 S Lake Shore Dr","Chicago","IL",""
"1022490","LICENSED_LS","111 E. Cermak Rd.","Chicago","IL",""
"1055288","LICENSED_LS","5320 South Pulaski","Chicago","IL",""
"7053","LICENSED_LS","1940 W 33rd St","Chicago","IL","Target"
"1019736","LICENSED_LS","261 W CERMAK RD","Chicago","IL",""
"1030447","LICENSED_LS","1615 S. Clark St.","Chicago","IL",""
"15092","LICENSED_LS","4433 S Pulaski","Chicago","IL","Target"
"18535","LICENSED_LS","1340 South Canal Street","Chicago","IL",""
"8992","LICENSED_LS","1154 S Clark Street","Chicago","IL","Target"
"1029191","LICENSED_LS","1328 S Halsted St.","Chicago","IL",""
"1023269","LICENSED_LS","9250 Joliet Road","Hodgkins","IL","Target"
"1029730","LICENSED_LS","6107 S. Archer","Chicago","IL",""
"1009617","LICENSED_LS","5545 S Brainard Ave","Countryside","IL",""
"1020297","LICENSED_LS","7601 Kingery Hwy","Willowbrook","IL","Target"
"1026083","LICENSED_LS","4700 Gilbert Ave.","Western Springs","IL",""
"1017272","LICENSED_LS","303 Holmes Avenue","Clarendon Hills","IL",""
"12386","LICENSED_LS","355 W Mound Rd","Decatur","IL","Target"
"19119","LICENSED_LS","213 E Pleasant Rd","DeSoto","TX",""
"6952","LICENSED_LS","633 West Wheatland","Duncanville","TX",""
"10520","LICENSED_LS","39739 LBJ Fwy","Dallas","TX","Target"
"1018238","LICENSED_LS","554 W Interstate 20","Grand Prairie","TX","Target"
"1027183","LICENSED_LS","7300 UNIVERSITY HILLS BLVD.","Dallas","TX",""
"1029994","LICENSED_LS","1902 W. FREEWAY ST.","GRAND PRAIRIE","TX",""
"8801000","LICENSED_LS","745 Wynnewood Village Shopping Center","Dallas","TX","Target"
"18148","LICENSED_LS","315 South Hampton","Dallas","TX",""
"15784","LICENSED_LS","5700 Overton Ridge Blvd","Fort Worth","TX","Target"
"1055518","LICENSED_LS","11550 Benbrook Blvd.","Benbrook","TX",""
"19143","LICENSED_LS","3120 S University Dr","Fort Worth","TX","Kroger"
"1019304","LICENSED_LS","2950 WEST BERRY ST, TEXAS CHRISTIAN UNIVERSITY","Fort Worth","TX",""
"1023809","LICENSED_LS","3100 S Hulen Street","Fort Worth","TX",""
"1055863","LICENSED_LS","2901 Stadium Drive","Ft. Worth","TX",""
"10523","LICENSED_LS","1400 8th St.","Fort Worth","TX",""
"1038568","LICENSED_LS","6377 Camp Bowie Blvd, TX 76116","Fort Worth","TX",""
"6404","LICENSED_LS","801 Seventh Avenue","Fort Worth","TX",""
"10844","LICENSED_LS","1300 Houston St","Fort Worth","TX",""
"1016860","LICENSED_LS","2400 W 7th St","Fort Worth","TX",""
"9170900","LICENSED_LS","2600 W. 7th St.","Ft. Worth","TX",""
"8521","LICENSED_LS","301 Carroll St","Fort Worth","TX","Target"
"10670","LICENSED_LS","1700 Garth Brooks Blvd","Yukon","OK","Target"
"1011279","LICENSED_LS","2606 Avenue L","Fort Madison","IA","Hy-Vee"
"7306","LICENSED_LS","525 S Gear Ave","West Burlington","IA","Target"
"1040293","LICENSED_LS","150 W 63rd St.","Westmont","IL",""
"17944","LICENSED_LS","645 E Boughton RD","Bolingbrook","IL",""
"8210","LICENSED_LS","2901 S Cicero Ave","Cicero","IL","Target"
"8430","LICENSED_LS","800 Broadview Village Sq","Broadview","IL","Target"
"9409","LICENSED_LS","3 Westbrook Corporate Center, Suite L150","Westchester","IL",""
"1010888","LICENSED_LS","4 East Ogden","Westmont","IL",""
"11759","LICENSED_LS","1401 W. 22nd Street","Oak Brook","IL",""
"10864","LICENSED_LS","130 S Mannheim Rd","Hillside","IL","Target"
"13209","LICENSED_LS","1 Oak Brook Mall, Oak Brook Center Mall","Oak Brook","IL",""
"20383","LICENSED_LS","155 E Brush Hill Rd","Elmhurst","IL",""
"10817","LICENSED_LS","1150 Basin St NW","Ephrata","WA","Safeway"
"1007558","LICENSED_LS","208 S Akard St","Dallas","TX",""
"1011899","LICENSED_LS","3915 E Hwy 377","Granbury","TX","Kroger"
"13821","LICENSED_LS","2611 W Park Row Dr","Arlington","TX",""
"1027883","LICENSED_LS","850 E. LOOP 820","Fort Worth","TX","Albertsons"
"1018273","LICENSED_LS","8550 East Fwy","Fort Worth","TX","Target"
"1026472","LICENSED_LS","1700 COMMERCE STREET","Dallas","TX",""
"6403","LICENSED_LS","500 N. Akard St.","Dallas","TX",""
"10556","LICENSED_LS","1717 N. Akard","Dallas","TX",""
"9170800","LICENSED_LS","600 N. Pearl St.","Dallas","TX",""
"1024312","LICENSED_LS","2380 Field Street","Dallas","TX",""
"1029219","LICENSED_LS","2727 Live Oak","Dallas","TX",""
"16353","LICENSED_LS","2050 N Stemmons Fwy","Dallas","TX",""
"1015056","LICENSED_LS","2417 N Haskell Ave","Dallas","TX","Target"
"1023702","LICENSED_LS","2350 NORTH STEMMONS FREEWAY","Dallas","TX",""
"113243","LICENSED_LS","4241 Capitol Ave","Dallas","TX","Kroger"
"1031513","LICENSED_LS","1935 MEDICAL DISTRICT DR.","DALLAS","TX",""
"88377","LICENSED_LS","4901 Maple Ave","Dallas","TX","Kroger"
"1016838","LICENSED_LS","3878 Oak Lawn Avenue","Dallas","TX",""
"1022410","LICENSED_LS","440 Nedderman Drive","Arlington","TX",""
"1045131","LICENSED_LS","1705 Nolan Ryan Expressway","Arlington","TX",""
"7774","LICENSED_LS","2755 N Collins St","Arlington","TX",""
"1038618","LICENSED_LS","2200 W Shady Grove Rd","Irving","TX","Albertsons"
"18197","LICENSED_LS","Lihue Airport, Unit 2, 3901 Mokulele Loo","Lihue","HI",""
"1007453","LICENSED_LS","4454 Nuhou St","Lihue","HI","Safeway"
"1032050","LICENSED_LS","4303 Nawiliwili RD","Lihue","HI","Target"
"11510","LICENSED_LS","2685 Mill Bay Rd","Kodiak","AK","Safeway"
"1009760","LICENSED_LS","Tank Destroyer Blvd & Clear Creek Rd","Killeen","TX",""
"1017416","LICENSED_LS","Santa Fe Ave Bldg 36065, ABC","Fort Hood","TX",""
"1013420","LICENSED_LS","118 761st Tank Battalion Ave","Fort Hood","TX",""
"87005","LICENSED_LS","601 College St","Clarksville","TN",""
"90027","LICENSED_LS","11001A Trimble Blvd","Fort Campbell","TN",""
"1039850","LICENSED_LS","2100 Lowes Drive","Clarksville","TN","Kroger"
"8673200","LICENSED_LS","2015 Needmore Road","Clarksville","TN","Kroger"
"7281","LICENSED_LS","3065 Anaconda Rd","Fort Campbell","KY",""
"1014370","LICENSED_LS","4200 54th Ave S","St. Petersburg","FL",""
"18194","LICENSED_LS","4450 Park St","St. Petersburg","FL","Target"
"8423","LICENSED_LS","7150 US 19 N","Pinellas Park","FL","Target"
"1017653","LICENSED_LS","8151 Dr Martin Luther King St N","St. Petersburg","FL","Target"
"1038442","LICENSED_LS","7350 Manatee Ave W","Bradenton","FL","Target"
"1026157","LICENSED_LS","10500 Ulmerton Road","Largo","FL","Target"
"8688300","LICENSED_LS","5509 Factory Shops Blvd, 210","Ellenton","FL",""
"1020353","LICENSED_LS","300 Pinellas Stree","Clearwater","FL",""
"12810","LICENSED_LS","2747 Gulf To Bay Blvd","Clearwater","FL","Target"
"1028347","LICENSED_LS","3108 N. Boundary Blvd., 926","Tampa","FL",""
"8763400","LICENSED_LS","805 Lighthouse Drive","Bradenton","FL","Target"
"1027081","LICENSED_LS","309 CORONADO DR.","Clearwater","FL",""
"1034227","LICENSED_LS","3625 W Gandy Blvd","Tampa","FL",""
"1015417","LICENSED_LS","400 Mandalay Ave","Clearwater","FL",""
"9957","LICENSED_LS","8223 Elliott Rd","Easton","MD","Giant"
"1015151","LICENSED_LS","28528 Marlboro Ave","Easton","MD","Harris Teeter"
"6548","LICENSED_LS","28539 Marlboro Ave","Easton","MD","Target"
"1005292","LICENSED_LS","1355 S Park St","Carrollton","GA","Kroger"
"20384","LICENSED_LS","1601 Maple Street","Carrollton","GA",""
"8808500","LICENSED_LS","2457 Whitesville Rd.","LaGrange","GA",""
"1052110","LICENSED_LS","1124 North Park St.","Carrollton","GA","Ingles"
"114074","LICENSED_LS","30 RHL Blvd","South Charleston","WV","Target"
"1038188","LICENSED_LS","1100 Fledderjohn Rd","Charleston","WV","Kroger"
"1030678","LICENSED_LS","100 Great Teays Blvd","Scott Depot","WV","Kroger"
"1024635","LICENSED_LS","3572 Teays Valley Rd","Hurricane","WV",""
"1052532","LICENSED_LS","200 Liberty Park Dr.","Hurricane","WV","Target"
"1039672","LICENSED_LS","Northeast Drive","Monroe","LA",""
"8651600","LICENSED_LS","Sarasota International Airport, 6000 Airport Cir","sarasota","FL",""
"10125","LICENSED_LS","101 N Cattleman Rd","Sarasota","FL","Target"
"1009389","LICENSED_LS","110 University Town Center Dr","Sarasota","FL",""
"90249","LICENSED_LS","5350 Fruitville Rd","Sarasota","FL","Target"
"12239","LICENSED_LS","8401 S Tamiami Trail","Sarasota","FL","Target"
"9528","LICENSED_LS","1544 N. Dale Mabry Hwy","Tampa","FL","Target"
"14300","LICENSED_LS","1 Tampa General Circle, Davis Island","Tampa","FL",""
"1010034","LICENSED_LS","820 West North A St","Tampa","FL",""
"1030052","LICENSED_LS","4146 WEST BOY SCOUT BLVD.","TAMPA","FL",""
"7764","LICENSED_LS","7627 W Courtney Campbell Causeway","Tampa","FL",""
"1021209","LICENSED_LS","601 S. HARBOR ISLAND BLVD","Tampa","FL",""
"1055867","LICENSED_LS","620 UT University Dr.","TAMPA","FL",""
"17279","LICENSED_LS","513 S Florida Ave","Tampa","FL",""
"1005914","LICENSED_LS","211 North Tampa Str","Tampa","FL",""
"1031223","LICENSED_LS","325 N. Florida Ave","Tampa","FL",""
"1014875","LICENSED_LS","4100 George J Bean Pkwy","Tampa","FL",""
"1015777","LICENSED_LS","4100 George J Bean Pkwy","Tampa","FL",""
"1031188","LICENSED_LS","901 NORTH FRANKLIN ST","TAMPA","FL",""
"1014723","LICENSED_LS","4100 George J Bean Pkwy","Tampa","FL",""
"1016254","LICENSED_LS","4100 George J Bean Pkwy","Tampa","FL",""
"1020746","LICENSED_LS","4100 George J Bean Pkwy","Tampa","FL",""
"1025388","LICENSED_LS","1155 E. Kennedy Blvd","Tampa","FL",""
"1014453","LICENSED_LS","4100 George J Bean Pkwy","Tampa","FL",""
"6500","LICENSED_LS","11627 W Hillsborough Ave","Tampa","FL","Target"
"1052851","LICENSED_LS","27001 US Highway 19 North","Clearwater","FL",""
"1005903","LICENSED_LS","900 E Lake Rd","Palm Harbor","FL","Target"
"10723","LICENSED_LS","1510 Market Ln","Norfolk","NE","Target"
"15124","LICENSED_LS","1 Snowshoe Dr","Snowshoe","WV",""
"7712","LICENSED_LS","3350 Forum Blvd","Fort Myers","FL","Target"
"6502","LICENSED_LS","10290 Bloomingdale Ave","Riverview","FL","Target"
"8782300","LICENSED_LS","459 Brandon Town Center Mall","Brandon","FL",""
"13774","LICENSED_LS","187 Brandon Town Ctr Dr","Brandon","FL","Target"
"1038282","LICENSED_LS","3800 Citibank Center","Tampa","FL",""
"14382","LICENSED_LS","4101 USF Apple Dr","Tampa","FL",""
"6462","LICENSED_LS","6295 W Waters Ave","Tampa","FL","Target"
"9108800","LICENSED_LS","13658 University Plaza St","Tampa","FL","Target"
"1053071","LICENSED_LS","7968 Citrus Park Town Center","Tampa","FL",""
"1031802","LICENSED_LS","201 SE First St, Suite 107/108","Gainesville","FL",""
"20215","LICENSED_LS","1600 SW Archer Rd","Gainesville","FL",""
"9857","LICENSED_LS","1545 W University Ave","Gainesville","FL",""
"1009590","LICENSED_LS","444 Newell Dr","Gainesville","FL",""
"6463","LICENSED_LS","686 Museum Road","Gainesville","FL",""
"1018633","LICENSED_LS","3970 SW Archer Rd","Gainesville","FL","Target"
"1022208","LICENSED_LS","1861 W Tennessee Street","Tallahassee","FL","Target"
"1007503","LICENSED_LS","110 N WOodward Ave","Tallahassee","FL",""
"1033915","LICENSED_LS","75 N WOODWARD AVENUE","TALLAHASSEE","FL",""
"1033149","LICENSED_LS","824 W Jefferson Street","Tallahassee","FL",""
"18777","LICENSED_LS","116 Honors Way","Tallahassee","FL",""
"14892","LICENSED_LS","2120 Apalachee Pkwy","Tallahassee","FL","Target"
"9527","LICENSED_LS","3751 Bradfordville Rd","Tallahassee","FL","Target"
"12983","LICENSED_LS","700 West Horton Avenue","Colby","KS",""
"6998","LICENSED_LS","215 E ROSE ST","Walla Walla","WA","Safeway"
"18283","LICENSED_LS","1600 Plaza Way","Walla Walla","WA","Safeway"
"7164","LICENSED_LS","201 Junction Rd","Madison","WI","Target"
"1045306","LICENSED_LS","261 Junction Road","Madison","WI",""
"7527","LICENSED_LS","6321 McKee Rd","Fitchburg","WI","Target"
"1039094","LICENSED_LS","2920 Fitchrona Rd","Fitchburg","WI","Hy-Vee"
"116584","LICENSED_LS","675 S Whitney Way","Madison","WI","Hy-Vee"
"1005253","LICENSED_LS","50789 Valley Plaza Drive","St. Clairsville","OH","Kroger"
"6730","MALL","67965 Mall Ring Road, Ohio Valley Mall Complex","St. Clairsville","OH","St. Clairsville, OH"
"9661","LICENSED_LS","200 Mount Dechantel Rd","Wheeling","WV","Kroger"
"10118","LICENSED_LS","300 Cabela Dr","Valley Grove","WV","Target"
"1014382","LICENSED_LS","775 Tucker Rd","Tehachapi","CA","Albertsons"
"89876","LICENSED_LS","2547 W Rosamond Blvd","Rosamond","CA","Albertsons"
"1024865","LICENSED_LS","4511 John Tyler Hwy","Williamsburg","VA","Harris Teeter"
"1019064","LICENSED_LS","4630 Monticello Avenue","Williamsburg","VA","Target"
"1015412","LICENSED_LS","6485 Centerville Rd","Williamsburg","VA","Harris Teeter"
"18747","LICENSED_LS","1470 Quarterpath Rd","Williamsburg","VA","Harris Teeter"
"7725","LICENSED_LS","200 Marquis Pkwy","Williamsburg","VA","Target"
"18749","LICENSED_LS","1382 Lee Blvd.","Fort Eustis","VA",""
"1023858","LICENSED_LS","7254 George Washington Memorial Hwy","Hayes","VA","Kroger"
"10665","LICENSED_LS","12130 Jefferson Ave","Newport","VA","Target"
"1009807","LICENSED_LS","5007 Victory Blvd","Yorktown","VA","Kroger"
"16990","LICENSED_LS","12404 Warwick Blvd","Newport News","VA","Harris Teeter"
"1023859","LICENSED_LS","1282 Smithfield Plaza","Smithfield","VA","Kroger"
"8655900","LICENSED_LS","1705 N Barron Street","Eaton","OH","Kroger"
"1005382","LICENSED_LS","300 S Locust St","Oxford","OH","Kroger"
"1022666","LICENSED_LS","100 Tallawanda Road","Oxford","OH",""
"1053049","LICENSED_LS","401 E High St","Oxford","OH",""
"1014464","LICENSED_LS","701 E Spring St","Oxford","OH",""
"1016818","LICENSED_LS","117 W Janeaux Street","Lewistown","MT","Albertsons"
"1031766","LICENSED_LS","1111 8th St","Boone","IA","Hy-Vee"
"13808","LICENSED_LS","3800 W Lincoln Way","Ames","IA","Hy-Vee"
"13809","LICENSED_LS","640 Lincoln Way","Ames","IA","Hy-Vee"
"20097","LICENSED_LS","320 S Duff Ave","Ames","IA","Target"
"1009517","LICENSED_LS","5725 Coventry Lane","Fort Wayne","IN","Kroger"
"10710","LICENSED_LS","1102 S Thomas Rd","Fort Wayne","IN","Target"
"1019714","LICENSED_LS","1020 S Calhoun St.","Fort Wayne","IN",""
"10133","LICENSED_LS","3801 Coldwater Rd","Fort Wayne","IN","Target"
"15868","LICENSED_LS","6119 Stellhorn Rd","Fort Wayne","IN","Target"
"1007591","LICENSED_LS","601 East DuPont Road","Fort Wayne","IN","Kroger"
"1016608","LICENSED_LS","6002 St. Joe Ctr. Road","Fort Wayne","IN","Kroger"
"12795","LICENSED_LS","10301 Maysville Rd","Fort Wayne","IN",""
"1007502","LICENSED_LS","6655 N Riverside Dr.","Fresno","CA","Target"
"1022946","LICENSED_LS","7135 El Camino Real","Atascadero","CA","Vons"
"8633","LICENSED_LS","2305 Theatre Dr","Paso Robles","CA","Target"
"14129","LICENSED_LS","189 Niblick Rd","Paso Robles","CA","Albertsons"
"10668","LICENSED_LS","1 Grand Ave","San Luis Obispo","CA",""
"13934","LICENSED_LS","730 Quintana","Morro Bay","CA","Albertsons"
"63312","LICENSED_LS","11990 Los Osos Valley Rd","San Luis Obispo","CA","Target"
"1015712","LICENSED_LS","415 SOUTH 42ND STREET","Mt. Vernon","IL","Kroger"
"1016542","LICENSED_LS","12815 Indiana Ave","Lubbock","TX",""
"1022339","LICENSED_LS","3601 N Barr St","Muncie","IN","Target"
"1028357","LICENSED_LS","1525 N McKinley Ave","MUNCIE","IN",""
"10910","LICENSED_LS","2000 W University Ave","Muncie","IN",""
"1007281","LICENSED_LS","1845 N Scatterfield Rd","Anderson","IN",""
"17562","LICENSED_LS","930 Old Steese Hwy, A","Fairbanks","AK","Fred Meyer"
"14473","LICENSED_LS","30 College Rd","Fairbanks","AK","Safeway"
"15168","LICENSED_LS","3755 Airport Way","Fairbanks","AK","Fred Meyer"
"1016709","LICENSED_LS","201 E. BIDWELL","Taylorville","IL","Kroger"
"1044369","LICENSED_LS","240 New Byhalia Road","Collierville","TN","Kroger"
"12559","LICENSED_LS","325 New Byhalia Rd","Collierville","TN","Target"
"1044367","LICENSED_LS","3685 Houston Levee Rd","Collierville","TN","Kroger"
"14326","LICENSED_LS","9235 US Hwy 72","Germantown","TN","Target"
"1012375","LICENSED_LS","7735 Farmington Blvd","Germantown","TN","Kroger"
"1045281","LICENSED_LS","6660 Poplar Avenue","Memphis","TN","Kroger"
"1026227","LICENSED_LS","2840 N. Germantown Parkway","Memphis","TN",""
"8344","LICENSED_LS","7989 US Hwy 64","Memphis","TN","Target"
"10870","LICENSED_LS","5959 Poplar Avenue","Memphis","TN","Target"
"15152","LICENSED_LS","6019 Walnut Grove Rd","Memphis","TN",""
"1054740","LICENSED_LS","5270 Airline Road","Arlington","TN","Kroger"
"19251","LICENSED_LS","601 Colonial Road","Memphis","TN","Target"
"7301","LICENSED_LS","5150 Goodman Rd","Olive Branch","MS","Target"
"1005533","LICENSED_LS","506 University Dr.","Memphis","TN",""
"1007159","LICENSED_LS","3444 Plaza Ave","Memphis","TN","Kroger"
"1007112","LICENSED_LS","3095 Goodman Rd","Southaven","MS","Kroger"
"6385","LICENSED_LS","2491 Winchester Rd","Memphis","TN",""
"1016368","LICENSED_LS","1761 Union Ave","Memphis","TN","Kroger"
"1043248","LICENSED_LS","7255 Interstate Dr","Horn Lake","MS","Target"
"1055615","LICENSED_LS","3000 Boardwalk","Wildwood","NJ",""
"1017232","LICENSED_LS","18578 Coastal Highway","Rehoboth Beach","DE",""
"1006839","LICENSED_LS","5020 N 27th St","Lincoln","NE","Hy-Vee"
"1027694","LICENSED_LS","1705 Arbor Drive","Lincoln","NE",""
"87043","LICENSED_LS","333 N 48th St","Lincoln","NE","Target"
"1045315","LICENSED_LS","10855 S 191 St","Gretna","NE","Hy-Vee"
"1019433","LICENSED_LS","200 Nebraska Union","Lincoln","NE",""
"91136","LICENSED_LS","5330 S 56th St","Lincoln","NE","Target"
"14253","LICENSED_LS","17810 Welch Plaza","Omaha","NE","Hy-Vee"
"1012302","LICENSED_LS","1221 S 203rd St","Omaha","NE",""
"13212","LICENSED_LS","17810 W Center Rd","Omaha","NE","Target"
"1011677","LICENSED_LS","14591 Stony Brook Blvd","Omaha","NE","Hy-Vee"
"7656","LICENSED_LS","8201 S 40th St","Lincoln","NE","Target"
"1054308","LICENSED_LS","12312 Port Grace Blvd","La Vista","NE",""
"1015447","LICENSED_LS","14444 W. CENTER RD.","Omaha","NE",""
"10464","LICENSED_LS","12500 K Plaza","Omaha","NE","Target"
"6533","LICENSED_LS","16959 Evans Plaza","Omaha","NE","Target"
"1015849","LICENSED_LS","2380 Mt. Pleasant Road","Hernando","MS","Kroger"
"1027520","LICENSED_LS","920 Madison Ave.","Memphis","TN",""
"17975","LICENSED_LS","201 S 3rd St","Memphis","TN",""
"1022541","LICENSED_LS","110 Monroe Ave","Memphis","TN",""
"7743","LICENSED_LS","332 North Lauderdale","Memphis","TN",""
"1011672","LICENSED_LS","262 Danny Thomas Pl","Memphis","TN",""
"8772500","LICENSED_LS","11630 HWY 51 South","Atoka","TN","Kroger"
"1052555","LICENSED_LS","2880 Southwest 28th Lane","Miami","FL",""
"1027803","LICENSED_LS","1906 Ponce De Leon Blvd","Coral Gables","FL","Target"
"1005569","LICENSED_LS","1330 Miller Drive","Coral Gables","FL",""
"1045142","LICENSED_LS","3825 NW 7th St","Miami","FL","Target"
"1016850","LICENSED_LS","1080 Brickell Ave, 112","Miami","FL",""
"18630","LICENSED_LS","4250 NW 20th St","Miami","FL",""
"1017983","LICENSED_LS","350 NW 1ST AVE, 100","MIAMI","FL",""
"1054883","LICENSED_LS","249 N.W. 6th Street","Miami","FL","Target"
"14145","LICENSED_LS","4200 NW 21st Street, Miami International Airport","Miami","FL",""
"1015934","LICENSED_LS","901 NW 17th Street","Miami","FL",""
"10189","LICENSED_LS","100 Chopin Plaza","Miami","FL",""
"113722","LICENSED_LS","2100 NW 42nd Ave, Miami International Airport Concourse F","Miami","FL",""
"19110","LICENSED_LS","4200 NW 21st St","Miami","FL",""
"9818","LICENSED_LS","8350 S Dixie Hwy","Miami","FL","Target"
"18609","LICENSED_LS","4250 NW 20th Building 2074","Miami","FL",""
"1040154","LICENSED_LS","401 BISCAYNE BLVD","MIAMI","FL",""
"91890","LICENSED_LS","2100 NW 42nd Ave","Miami","FL",""
"1033030","LICENSED_LS","1050 Caribbean Way","Miami","FL",""
"1054055","LICENSED_LS","1050 Caribbean Way","Miami","FL",""
"19343","LICENSED_LS","1050 Caribbean Way","Miami","FL",""
"8700500","LICENSED_LS","1050 Caribbean Way","Miami","FL",""
"8934400","LICENSED_LS","1050 Caribbean Way","Miami","FL",""
"1024631","LICENSED_LS","1050 CARIBBEAN WY, ROYALTY ACCOUNTING","Miami","FL",""
"8928900","LICENSED_LS","1050 Caribbean Way","Miami","FL",""
"1021545","LICENSED_LS","1050 CARIBBEAN WY, ROYALTY ACCOUNTING","Miami","FL",""
"1007609","LICENSED_LS","1050 Caribbean Way","Miami","FL",""
"68891","LICENSED_LS","1050 Caribbean Way","Miami","FL",""
"1044708","LICENSED_LS","1050 CARIBBEAN WAY","MIAMI","FL",""
"1030397","LICENSED_LS","1050 CARIBBEAN WAY.","Miami","FL",""
"1029251","LICENSED_LS","1050 CARIBBEAN WAY","MIAMI","FL",""
"1024231","LICENSED_LS","7303 N. Kendall Drive","Miami","FL",""
"1022216","LICENSED_LS","1050 CARIBBEAN WY, ROYALTY ACCOUNTING","Miami","FL",""
"1039762","LICENSED_LS","603 Wood Ave East","Big Stone Gap","VA","Food City"
"1030654","LICENSED_LS","207 Woodland Dr SW","Wise","VA","Food City"
"1045283","LICENSED_LS","3004 US Highway 23 North","Weber City","VA","Food City"
"1032799","LICENSED_LS","300 Clinchfield St","Kingsport","TN","Food City"
"6439","LICENSED_LS","2626 E Stone Dr","Kingsport","TN","Target"
"1030996","LICENSED_LS","1205 Eastman Dr","Kingsport","TN","Food City"
"7225","LICENSED_LS","890 Richmond Plaza","Richmond","KY","Kroger"
"10983","LICENSED_LS","521 Lancaster Ave","Richmond","KY",""
"17640","LICENSED_LS","1661 Bypass Hwy 1958","Winchester","KY","Kroger"
"1022176","LICENSED_LS","100 Quality Dr","Hooksett","NH","Target"
"14413","LICENSED_LS","1 Airport Rd","Manchester","NH",""
"90329","MALL","93 S River Rd, Bedford Mall","Bedford","NH","South River Rd & Kilton Rd."
"8490","LICENSED_LS","220 S River Rd","Bedford","NH","Target"
"10933","LICENSED_LS","1450 Greenland Rd","Greenland","NH","Target"
"6510","LICENSED_LS","35 Computer Dr","Haverhill","MA","Target"
"10152","LICENSED_LS","11 Andrews Rd","Somersworth","NH","Target"
"1021765","LICENSED_LS","80 Damante Dr","Concord","NH","Target"
"87044","LICENSED_LS","203 S Broadway","Salem","NH","Target"
"1028626","SAME_AS_METRO_RECORD","90 Pleasant Valley Street, 900","Methuen","MA","way__978465154 (1 m)"
"6511","LICENSED_LS","67 Pleasant Valley St","Methuen","MA","Target"
"92472","MALL","17-A Premium Outlets Blvd","Merrimack","NH","Merrimack Outlets"
"16119","LICENSED_LS","161 Ocean Dr","Miami Beach","FL",""
"1025911","LICENSED_LS","1045 5th St, unit 201","Miami Beach","FL","Target"
"1035084","LICENSED_LS","1717 N Bayshore Dr, R106","Miami","FL",""
"1006020","LICENSED_LS","7800 SW 104th St","Miami Shores","FL","Target"
"9964","LICENSED_LS","7795 SW 40th St","Miami","FL","Target"
"1038580","LICENSED_LS","2601 NE 9th Court","Homestead","FL","Target"
"17092","LICENSED_LS","15005 SW 88th St","Miami","FL","Target"
"1052547","LICENSED_LS","11011 SW 104th St","Miami","FL",""
"1024511","LICENSED_LS","9100 N. KENDALL DR.","Miami","FL",""
"1033771","LICENSED_LS","8900 N. Kendall Dr.","Miami","FL",""
"1007154","LICENSED_LS","11212 SW 11th St","Miami","FL",""
"17003","LICENSED_LS","11200 SW 8th St","Miami","FL",""
"1009045","LICENSED_LS","10101 W Flagler St","Miami","FL","Target"
"1008689","LICENSED_LS","3000 NE 151st St","North Miami","FL",""
"1016677","LICENSED_LS","19999 West Country Club Dr","Aventura","FL",""
"1023167","LICENSED_LS","19535 Biscayne Blvd","Aventura","FL",""
"1021736","LICENSED_LS","6080 COLLINS AVE.","Miami Beach","FL",""
"7831","LICENSED_LS","14075 Biscayne Blvd","Miami Beach","FL","Target"
"1018630","LICENSED_LS","21265 BISCAYNE BLVD","Aventura","FL","Target"
"1022203","LICENSED_LS","3251 Hollywood Blvd","Hollywood","FL","Target"
"1027664","LICENSED_LS","3501 Johnson St.","Hollywood","FL",""
"1025084","LICENSED_LS","3403 NE 1st Ave","Miami","FL",""
"10126","LICENSED_LS","3111 N Miami Ave","Miami","FL","Target"
"1010302","LICENSED_LS","50 Terminal Dr","Fort Lauderdale","FL",""
"1018659","LICENSED_LS","100 Terminal Dr","Fort Lauderdale","FL",""
"1007351","LICENSED_LS","100 Terminal Dr","Fort Lauderdale","FL",""
"1013778","LICENSED_LS","100 Terminal Drive","Fort Lauderdale","FL",""
"1007352","LICENSED_LS","100 Terminal Dr","Fort Lauderdale","FL",""
"1007353","LICENSED_LS","100 Terminal Dr","Fort Lauderdale","FL",""
"12809","LICENSED_LS","16901 Miramar Pkwy","Miramar","FL","Target"
"1013646","LICENSED_LS","1777 W 49th St","Hialeah","FL",""
"6499","LICENSED_LS","1750 W 37th St","Hialeah","FL","Target"
"8973300","LICENSED_LS","6950 NW 77th Court, Apollo Warehouse","Miami","FL",""
"6545","LICENSED_LS","5601 NW 183rd St","Miami Gardens","FL","Target"
"1031707","LICENSED_LS","11401 Pines Blvd","Pembroke Pines","FL",""
"8275","LICENSED_LS","11253 Pines Blvd","Pembroke Pines","FL","Target"
"8897000","LICENSED_LS","7665 Corporate Center Way, NCL Jade","Miami","FL",""
"12502","LICENSED_LS","1001 Thompson Road","Granby","CO",""
"13092","LICENSED_LS","40 Colorado Hwy 804","Fraser","CO","Safeway"
"12610","LICENSED_LS","451 E Wonderview Ave","Estes Park","CO","Safeway"
"15008","LICENSED_LS","201 Zephyr Way","Winter Park","CO",""
"1028608","LICENSED_LS","1420 Guylane Plaza","Dumas","TX",""
"11274","LICENSED_LS","681 Horizon Dr","Grand Junction","CO","Safeway"
"16320","LICENSED_LS","2901 F Rd","Grand Junction","CO","Safeway"
"1014480","LICENSED_LS","2600 N 12th St","Grand Junction","CO",""
"1009482","LICENSED_LS","1455 N 12th Street","Grand Junction","CO",""
"19380","LICENSED_LS","630 24 Rd","Grand Junction","CO",""
"12655","LICENSED_LS","2424 US-6 & 50","Grand Junction","CO","Target"
"15821","LICENSED_LS","2512 Broadway","Grand Junction","CO","Albertsons"
"1005225","LICENSED_LS","2770 Hwy 50 S","Grand Junction","CO",""
"8417","LICENSED_LS","5800 S University Dr","Davie","FL","Target"
"1055169","LICENSED_LS","3270 S University Dr, ATTN KLENA","Davie","FL",""
"18374","LICENSED_LS","3301 College Ave","Fort Lauderdale","FL",""
"1020343","LICENSED_LS","8201 Federated West Roadway","Plantation","FL","Target"
"1025939","LICENSED_LS","8000 West Broward Blvd.","Plantation","FL",""
"8076","LICENSED_LS","12801 W Sunrise Blvd","Sunrise","FL","Target"
"9251","MALL","12801 W Sunrise Blvd, Sawgrass Mills- Regional Mall","Sunrise","FL","Sawgrass Mills Mall West"
"11470","LICENSED_LS","3030 Holiday Dr","Fort Lauderdale","FL",""
"1031391","LICENSED_LS","525 S. Fort Lauderdale Beach Blvd","Fort Lauderdale","FL",""
"18610","LICENSED_LS","321 N Route A1A","Fort Lauderdale","FL",""
"1010586","LICENSED_LS","2414 E. Sunrise Blvd.","Fort Lauderdale","FL",""
"10923","LICENSED_LS","3200 N Federal Hwy","Fort Lauderdale","FL","Target"
"1022921","LICENSED_LS","4725 N. FEDERAL HWY","Fort Lauderdale","FL",""
"7498","LICENSED_LS","2140 S Pokegama Ave","Grand Rapids","MN","Target"
"17838","LICENSED_LS","300 Third Street","Niagara Falls","NY",""
"1031378","LICENSED_LS","906 Center Street","Lewiston","NY",""
"1022336","LICENSED_LS","7414 Niagara Falls Blvd","Niagara Falls","NY","Target"
"1023043","LICENSED_LS","2626 Delaware Ave","Buffalo","NY","Target"
"1024522","LICENSED_LS","1300 Elmwood Avenue","Buffalo","NY",""
"1022653","LICENSED_LS","620 DELAWARE","Buffalo","NY",""
"1032089","LICENSED_LS","2 Fountain Plaza","Buffalo","NY",""
"1007484","LICENSED_LS","3200 Cold Spring Rd","Indianapolis","IN",""
"1006529","LICENSED_LS","640 Eskenazi Ave","Indianapolis","IN",""
"1033170","LICENSED_LS","414 W. Vermont Street, Suite A","Indianapolis","IN",""
"1027514","LICENSED_LS","227 West Michigan","Indianapolis","IN","Kroger"
"18551","LICENSED_LS","700 W. Hampton Dr., Atherton Union Bookstore","Indianapolis","IN",""
"63086","LICENSED_LS","10 S West St.","Indianapolis","IN",""
"10830","LICENSED_LS","1 S Capitol Ave","Indianapolis","IN",""
"1055179","LICENSED_LS","30 S. Meridian Street","Indianapolis","IN",""
"14323","LICENSED_LS","6925 W 38th St","Indianapolis","IN","Target"
"7731","LICENSED_LS","6101 North Keystone Ave, Ste 200","Indianapolis","IN","Target"
"1019226","LICENSED_LS","2001 W 86th Street","Indianapolis","IN",""
"1027981","LICENSED_LS","7800 Col. H. Weir Cook Memorial Dr","Indianapolis","IN",""
"1027538","LICENSED_LS","7800 Col. H. Weir Cook Memorial Dr","Indianapolis","IN",""
"10009","LICENSED_LS","7800 Colonel H Weir Cook Memorial Dr","Indianapolis","IN",""
"16630","LICENSED_LS","1300 E 86th St, 35","Indianapolis","IN","Target"
"13216","LICENSED_LS","10209 E US Hwy 36","Avon","IN","Target"
"8232","MALL","8702 Keystone Crossing Blvd, The Fashion Mall","Indianapolis","IN","Fashion Mall at Keystone"
"6973","LICENSED_LS","1330 W. Southport Rd.","Indianapolis","IN","Kroger"
"1013679","LICENSED_LS","5350 E Thompson Rd","Indianapolis","IN","Kroger"
"8896","LICENSED_LS","10401 N Michigan Rd","Carmel","IN","Target"
"35537","LICENSED_LS","1501 Huffman Rd","Anchorage","AK",""
"11778","LICENSED_LS","2300 Abbott Road","Anchorage","AK","Fred Meyer"
"11465","LICENSED_LS","1725 Abbott Rd","Anchorage","AK",""
"11014","LICENSED_LS","150 W 100th Ave Suite A","Anchorage","AK","Target"
"1033083","LICENSED_LS","800 E. DIMOND BLVD., 108","ANCHORAGE","AK",""
"1008630","LICENSED_LS","2000 W Dimond Blvd","Anchorage","AK","Fred Meyer"
"7606","LICENSED_LS","4000 Diamond Blvd","Anchorage","AK",""
"11525","LICENSED_LS","7731 E Northern Lights Blvd","Anchorage","AK",""
"12770","LICENSED_LS","1000 E Northern Lights Blvd","Anchorage","AK","Fred Meyer"
"10875","LICENSED_LS","5600 Debarr Rd Ste 9","Anchorage","AK",""
"1007480","LICENSED_LS","7701 Debarr Road","Anchorage","AK","Fred Meyer"
"14976","LICENSED_LS","1650 W Northern Lights Blvd","Anchorage","AK",""
"10480","LICENSED_LS","5000 West International Airport","Anchorage","AK",""
"12681","LICENSED_LS","5000 W Intl Airport Rd","Anchorage","AK",""
"10708","LICENSED_LS","1200 N Muldoon Rd, Suite F","Anchorage","AK","Target"
"8758400","LICENSED_LS","3829 Westover Ave","Anchorage","AK",""
"6458","LICENSED_LS","Frontier Theater - Building 2","Fort Richardson","AK",""
"13241","LICENSED_LS","13401 Old Glenn Hwy","Eagle River","AK","Fred Meyer"
"1013657","LICENSED_LS","1750 Walden Avenue","Cheektowaga","NY","Target"
"17148","LICENSED_LS","1575 Niagara Falls Blvd","Buffalo","NY","Target"
"10631","LICENSED_LS","5622 Amanda Ln","Orchard Park","NY","Target"
"1038453","LICENSED_LS","1 Walden Galleria","Buffalo","NY",""
"1028743","LICENSED_LS","6150 South Park Ave.","Hamburg","NY",""
"8661700","LICENSED_LS","5827 South Transit Road","Lockport","NY",""
"1019455","LICENSED_LS","8130 East Southport Road","Indianapolis","IN","Kroger"
"16500","LICENSED_LS","4850 E Southport Rd","Indianapolis","IN","Target"
"8694600","LICENSED_LS","1251 U.S. 31 North, 0D07","Greenwood","IN",""
"13218","LICENSED_LS","895 S State Road 135","Greenwood","IN","Target"
"1015986","LICENSED_LS","970 N. Morton","Franklin","IN","Kroger"
"1016532","LICENSED_LS","Smoky Row & SR Rd 135","Greenwood","IN","Kroger"
"1018255","LICENSED_LS","6939 W. Broadway","McCordsville","IN",""
"1007628","LICENSED_LS","108 N SR-267","Avon","IN","Kroger"
"1032443","LICENSED_LS","975 N Green Street","Brownsburg","IN","Kroger"
"9090500","LICENSED_LS","14744 Union Market Dr","Noblesville","IN","Kroger"
"1016548","LICENSED_LS","11700 Olio Road","Fishers","IN","Kroger"
"1015675","LICENSED_LS","9799 E 116th St","Fishers","IN","Kroger"
"13213","LICENSED_LS","11750 Commercial Blvd","Fishers","IN","Target"
"8655700","LICENSED_LS","7450 Fishers Station Drive","Fishers","IN","Kroger"
"17945","LICENSED_LS","7150 Clearvista Dr","Indianapolis","IN",""
"8563600","LICENSED_LS","6020 E 82nd St, Ste 400","Indianapolis","IN",""
"1015588","LICENSED_LS","17447 Carey Rd","Westfield","IN","Kroger"
"1006884","LICENSED_LS","1217 S Rangeline Rd","Carmel","IN","Kroger"
"1021767","LICENSED_LS","1600 E 151st Street","Carmel","IN","Target"
"13875","LICENSED_LS","1425 W Carmel Dr","Carmel","IN",""
"1055251","LICENSED_LS","744 E Tournament Trl","Westfield","IN",""
"1012985","LICENSED_LS","150 W 161st St","Westfield","IN","Kroger"
"1013397","LICENSED_LS","11505 N Illinois St","Carmel","IN",""
"14514","LICENSED_LS","560 West Kathleen","Coeur d'Alene","ID","Fred Meyer"
"13810","LICENSED_LS","315 W Canfield Ave","Coeur d'Alene","ID","Target"
"1051945","LICENSED_LS","161 West Prairie Ave","Hayden","ID","Safeway"
"1020650","LICENSED_LS","1304 N. Liberty Lake Rd.","Liberty Lake","WA","Safeway"
"8511","LICENSED_LS","15609 E Sprague Ave","Veradale","WA","Fred Meyer"
"11061","LICENSED_LS","13606 E. 32nd Avenue","Spokane","WA","Safeway"
"1017746","LICENSED_LS","13724 E Sprague Ave","Spokane","WA","Target"
"16160","LICENSED_LS","400 South Thor St.","Spokane","WA","Fred Meyer"
"1009606","LICENSED_LS","4915 S Regal St","Spokane","WA","Target"
"1038533","LICENSED_LS","3010 East 57th Ave","Spokane","WA","Safeway"
"9746","LICENSED_LS","2509 E 29th Ave","Spokane","WA","Safeway"
"12206","LICENSED_LS","3919 N Market St","Spokane","WA","Safeway"
"16191","LICENSED_LS","933 E Mission Ave","Spokane","WA","Safeway"
"1006182","LICENSED_LS","1150 Old Country Rd","Riverhead","NY","Target"
"1030172","LICENSED_LS","1400 Tanger Mall Drive","Riverhead","NY",""
"1007506","LICENSED_LS","555 E Cheves St, Suite K","Florence","SC",""
"8995400","LICENSED_LS","1930 W Palmetto St.","Florence","SC","Harris Teeter"
"113729","LICENSED_LS","2791 David H McLeod Blvd","Florence","SC","Target"
"1053720","LICENSED_LS","I-90","Angola","NY",""
"8577500","LICENSED_LS","I-90","Angola","NY",""
"1053941","LICENSED_LS","I-90","Angola","NY",""
"10157","LICENSED_LS","4920 Transit Rd","Depew","NY","Target"
"8661800","LICENSED_LS","5175 Broadway","Depew","NY",""
"1029009","LICENSED_LS","65 Grey St.","East Aurora","NY",""
"1022063","LICENSED_LS","8290 Transit Rd","Williamsville","NY","Target"
"1020672","LICENSED_LS","110 N. 11th St","Middlesboro","KY","Food City"
"114076","LICENSED_LS","6700 Peach St","Erie","PA","Target"
"8536400","LICENSED_LS","3540 Burbank Rd","Wooster","OH",""
"16830","LICENSED_LS","120 Lincoln Ave SE","St. Cloud","MN","Target"
"1019379","LICENSED_LS","4201 W Division St","St. Cloud","MN","Target"
"8980100","LICENSED_LS","2817 Frontage Rd.","Vernon","TX",""
"18373","LICENSED_LS","16400 S. Townsend","Montrose","CO",""
"6494","LICENSED_LS","3530 Wolverine Dr","Montrose","CO","Target"
"7525","LICENSED_LS","10 Crooked Run Plaza","Front Royal","VA","Target"
"1006163","LICENSED_LS","2340 Legge Blvd","Winchester","VA","Target"
"1022628","LICENSED_LS","190 Campus Blvd.","Winchester","VA",""
"1017911","LICENSED_LS","200 Rivendell Ct.","Winchester","VA",""
"7726","LICENSED_LS","191 Market Street","Winchester","VA","Target"
"11260","LICENSED_LS","189 W Lee Hwy","Warrenton","VA","Safeway"
"7778","LICENSED_LS","530 Fletcher Dr","Warrenton","VA","Harris Teeter"
"113725","LICENSED_LS","105 Purcellville Gateway Dr","Purcellville","VA","Harris Teeter"
"8701600","LICENSED_LS","271 Main St","Chester","CA",""
"1010121","LICENSED_LS","102 W John Rowan Blvd","Bardstown","KY","Kroger"
"1013825","LICENSED_LS","302 E Commerce","Brownwood","TX",""
"10462","LICENSED_LS","3225 Louisiana Ave","Lafayette","LA","Target"
"1021511","LICENSED_LS","2678 JOHNSTON STREET","Lafayette","LA","Albertsons"
"1038341","LICENSED_LS","620 McKinley St","Lafayette","LA",""
"16189","LICENSED_LS","33601 Del Obispo St","Dana Point","CA","Albertsons"
"13278","LICENSED_LS","804 Avenida Pico","San Clemente","CA","Albertsons"
"1006816","LICENSED_LS","32555 Golden Lantern","Dana Point","CA","Ralphs"
"11519","LICENSED_LS","989 Avenida Pico","San Clemente","CA",""
"68199","LICENSED_LS","9990 Avenida Vista Hermosa","San Clemente","CA","Target"
"1029325","LICENSED_LS","31874 Del Obispo Street","San Juan Capistrano","CA","Target"
"17130","LICENSED_LS","600 N Pacific Coast","Laguna Beach","CA",""
"1013616","LICENSED_LS","26901 Aliso Creek Rd","Aliso Viejo","CA","Ralphs"
"88962","LICENSED_LS","26932 La Paz Ave","Aliso Viejo","CA","Target"
"16632","LICENSED_LS","21181 Newport Coast Dr","Newport Coast","CA",""
"15134","LICENSED_LS","26022 Marguerite Parkway","Mission Viejo","CA",""
"65466","LICENSED_LS","24500 Alicia Pkwy","Mission Viejo","CA","Target"
"12077","LICENSED_LS","2660 San Miguel Dr","Newport Beach","CA",""
"7479","LICENSED_LS","25565 Los Alisos Blvd","Mission Viejo","CA","Target"
"1030997","LICENSED_LS","3100 W. Balboa Blvd","Newport Beach","CA",""
"1020296","LICENSED_LS","443 College Ave","Oceanside","CA","Target"
"1031540","LICENSED_LS","15103 Mainside Center","Camp Pendleton","CA",""
"17681","LICENSED_LS","23072 Alicia Pkwy","Mission Viejo","CA","Albertsons"
"8305","LICENSED_LS","30602 Santa Margarita Pkwy","Rancho Santa Margarita","CA","Target"
"1006128","LICENSED_LS","380 E 17th St.","Costa Mesa","CA","Ralphs"
"15042","LICENSED_LS","8891 Atlanta Ave","Huntington Beach","CA","Vons"
"1054957","LICENSED_LS","2096 Harbor Blvd","Costa Mesa","CA",""
"19458","LICENSED_LS","2555 Eastbluff Dr","Newport Beach","CA","Ralphs"
"9476","LICENSED_LS","9882 Adams Ave","Huntington Beach","CA","Target"
"11501","LICENSED_LS","19640 Beach Blvd.","Huntington Beach","CA","Albertsons"
"17872","LICENSED_LS","7201 W Yorktown Ave","Huntington Beach","CA","Albertsons"
"9974","LICENSED_LS","2701 Fairview Road","Costa Mesa","CA",""
"1033162","LICENSED_LS","19041 Beach Blvd","Huntington Beach","CA","Target"
"1018232","LICENSED_LS","5120 Natural Sciences 2","Irvine","CA",""
"65467","LICENSED_LS","3030 Harbor Blvd Ste A","Costa Mesa","CA","Target"
"9845","LICENSED_LS","203 B Student Ctr","Irvine","CA",""
"1009601","LICENSED_LS","4293 Pereira Dr","Irvine","CA",""
"1019281","LICENSED_LS","4255 Campus Dr","Irvine","CA","Target"
"1026076","LICENSED_LS","4541 Campus Drive","Irvine","CA","Albertsons"
"8796400","LICENSED_LS","18601 Airport Way","Santa Ana","CA",""
"89061","LICENSED_LS","3333 Bristol St","Costa Mesa","CA",""
"16837","LICENSED_LS","3400 Edgewood Rd","Cedar Rapids","IA","Target"
"1012076","LICENSED_LS","1843 Johnson Ave NW","Cedar Rapids","IA","Hy-Vee"
"1016742","LICENSED_LS","916 N. Main St","Monticello","IN","Kroger"
"1006882","LICENSED_LS","1032 Sagamore Pkwy W","West Lafayette","IN",""
"1023419","LICENSED_LS","501 Northwestern Ave.","West Lafayette","IN",""
"13379","LICENSED_LS","3630 SR 26 E, Lafayette Commerce Place Shopping Center","Lafayette","IN","Target"
"1008662","LICENSED_LS","1196 3rd St","West Lafayette","IN",""
"1032705","LICENSED_LS","101 Grant St","West Lafayette","IN",""
"1017568","LICENSED_LS","5601 Amarillo Blvd","Amarillo","TX",""
"1017712","LICENSED_LS","2530 S. Georgia","Amarillo","TX",""
"1007550","LICENSED_LS","8201 I-40 W","Amarillo","TX","Target"
"1031184","LICENSED_LS","5807 SW 45th, #100","Amarillo","TX",""
"12568","LICENSED_LS","535 W Evergreen Ave","Palmer","AK","Fred Meyer"
"11453","LICENSED_LS","1133 S Mission Rd","Fallbrook","CA","Albertsons"
"9816","LICENSED_LS","30901 Riverside Dr","Lake Elsinore","CA","Albertsons"
"9975","LICENSED_LS","18287 Collier Ave","Lake Elsinore","CA","Target"
"7259","LICENSED_LS","115 Fortune Dr","Irvine","CA","Target"
"7840","LICENSED_LS","2910 1st Ave S","Fort Dodge","IA","Target"
"1017736","LICENSED_LS","115 S. 29th Street","Fort Dodge","IA","Hy-Vee"
"7868","LICENSED_LS","101 NACO HIGHWAY","Bisbee","AZ","Safeway"
"14454","LICENSED_LS","26762 Portola Pkwy","Foothill Ranch","CA","Target"
"1018471","LICENSED_LS","16215 Alton Pkwy","Irvine","CA",""
"1018460","LICENSED_LS","14201 Jeffery Road","Irvine","CA","Albertsons"
"1053546","LICENSED_LS","110 Franklin Rd. SE","Roanoke","VA",""
"1025904","LICENSED_LS","915 Hardy Rd","Vinton","VA","Kroger"
"1011568","LICENSED_LS","4737 Valley View Blvd NW","Roanoke","VA","Target"
"14469","LICENSED_LS","4404 Brambleton Ave","Roanoke","VA","Kroger"
"1028982","LICENSED_LS","915 Short St - Centrum Plaza","Decorah","IA","Hy-Vee"
"8449","LICENSED_LS","125 Towne Drive","Bluffton","SC","Kroger"
"1025185","LICENSED_LS","27 Discovery Drive","Bluffton","SC","Kroger"
"91133","LICENSED_LS","1050 Fording Island Road","Bluffton","SC","Target"
"1018700","LICENSED_LS","301 Main St","Hilton Head Island","SC","Harris Teeter"
"1053548","LICENSED_LS","163 Sea Island Parkway","Beaufort","SC","Harris Teeter"
"1006425","LICENSED_LS","42 Shelter Cove Ln","Hilton Head","SC","Kroger"
"114013","LICENSED_LS","33 Office Park Rd.","Hilton Head Island","SC","Harris Teeter"
"1014859","LICENSED_LS","461 S Columbia St","Rincon","GA","Kroger"
"1027459","LICENSED_LS","300 West River Street","Savannah","GA",""
"1006672","LICENSED_LS","311 East Gwinnett St","Savannah","GA","Kroger"
"10122","LICENSED_LS","495 Johnny Mercer Blvd.","Savannah","GA","Kroger"
"13290","LICENSED_LS","911 Main Street N","Hailey","ID","Albertsons"
"68811","LICENSED_LS","491 Sun Valley Rd","Ketchum","ID",""
"1016024","LICENSED_LS","1120 Campbell St.","Baker City","OR","Albertsons"
"1020034","LICENSED_LS","711 Vandenberg Avenue","Whiteman AFB","MO",""
"1030747","LICENSED_LS","4216 S. Hwy 69/75","Durant","OK",""
"1030995","LICENSED_LS","4216 US-69","Durant","OK",""
"7290","LICENSED_LS","Barstow and 8th Ft. Irwin Army and Air F","Fort Irwin","CA",""
"1044541","LICENSED_LS","372 Cox Creek Pkwy","Florence","AL","Target"
"1009596","LICENSED_LS","57057 Beaver Dr","Sunriver","OR",""
"1023049","LICENSED_LS","175 Lancaster Pike","Circleville","OH","Kroger"
"1022232","LICENSED_LS","900 W. Idaho Street","Kalispell","MT","Albertsons"
"1011739","LICENSED_LS","2365 US Highway 93 N","Kalispell","MT","Target"
"10364","LICENSED_LS","888 N. Bridge Street","Chillicothe","OH","Kroger"
"1023391","LICENSED_LS","31550 CHIEFTAIN DR","Logan","OH","Kroger"
"1015339","LICENSED_LS","1165 Western Ave","Chillicothe","OH","Kroger"
"1016650","LICENSED_LS","548 CLINTON AVE","Washington Court House","OH","Kroger"
"1040518","LICENSED_LS","14100 Panama City Beach Pkwy","Panama City Beach","FL",""
"18345","LICENSED_LS","14700 Front Beach Road","Panama City Beach","FL",""
"10062","LICENSED_LS","15555 Starfish St","Panama City Beach","FL","Target"
"10350","MALL","603 N Berkeley Blvd, Berkley Mall","Goldsboro","NC","N Berkeley Blvd & Langston Dr"
"10150","LICENSED_LS","1204 Sunburst Dr","Goldsboro","NC","Target"
"1013285","LICENSED_LS","2000 10th Avenue S","Great Falls","MT","Target"
"91349","LICENSED_LS","2250 10th Ave South","Great Falls","MT","Albertsons"
"1013721","LICENSED_LS","1414 3rd St NW","Great Falls","MT","Albertsons"
"6440","LICENSED_LS","1101 C-Bar Ranch Trail, Lot #2","Cedar Park","TX","Target"
"14048","LICENSED_LS","10900 Lakeline Mall Blvd","Austin","TX","Target"
"17158","LICENSED_LS","1400 Cypress Creek Road","Cedar Park","TX",""
"1016276","LICENSED_LS","3501 Lakeline Blvd","Leander","TX",""
"8758200","LICENSED_LS","4401 North IH-35, Suite 737","Round Rock","TX",""
"1040089","LICENSED_LS","121 Louis Henna Blvd","Round Rock","TX","Target"
"11925","LICENSED_LS","2051 Gattis School Road","Round Rock","TX",""
"8705700","LICENSED_LS","3311 Esperanza Crossing","Austin","TX",""
"10712","LICENSED_LS","10107 Research Blvd","Austin","TX","Target"
"9629","LICENSED_LS","11220 FM 2222","Austin","TX","Target"
"9617","LICENSED_LS","1021 W University, B3","Georgetown","TX","Target"
"14181","LICENSED_LS","8040 Mesa Dr","Austin","TX",""
"87156","LICENSED_LS","5145 N FM 620 Ste A","Austin","TX",""
"10839","LICENSED_LS","18700 Limestone Commercial Dr","Pflugerville","TX","Target"
"12551","LICENSED_LS","3880 Hwy D","Osage Beach","MO","Target"
"14886","LICENSED_LS","929 Highway D","Osage Beach","MO","Hy-Vee"
"17434","LICENSED_LS","300 Ichord Avenue","Waynesville","MO",""
"1026919","LICENSED_LS","3600 Presidential Blvd","Austin","TX",""
"1020414","LICENSED_LS","2021 Guadalupe St","Austin","TX","Target"
"1021317","LICENSED_LS","2300 CLOUD WAY","Austin","TX",""
"1017364","LICENSED_LS","555 EAST 5TH STREET","Austin","TX",""
"9891","LICENSED_LS","300 E 4th St","Austin","TX",""
"1011451","LICENSED_LS","110 E Second St","Austin","TX",""
"1005537","LICENSED_LS","2301 Ranch Road 620 S","Lakeway","TX",""
"1023071","LICENSED_LS","3702 Ranch Rd 620 S","Bee Cave","TX","Target"
"9824","LICENSED_LS","5300 S Mo Pac Expy","Austin","TX","Target"
"14062","LICENSED_LS","3300 Bee Caves Rd","Austin","TX",""
"8694400","LICENSED_LS","2901 S Capital of Texas Highway","Austin","TX",""
"17101","LICENSED_LS","9911 Brodie Lane","Austin","TX",""
"1018595","LICENSED_LS","2300 W Ben White Blvd","Austin","TX","Target"
"10796","LICENSED_LS","2025 W Ben White Blvd","Austin","TX",""
"1021097","LICENSED_LS","5721 Williams Drive","Georgetown","TX",""
"6444","LICENSED_LS","9500 S I-35, Feeder Rd Bldg G","Austin","TX","Target"
"9833","LICENSED_LS","5188 Kyle Center Dr","Kyle","TX","Target"
"1051959","MALL","458 Market Place Mall","Weston","WV","Weston, Market Place Shopping"
"18120","LICENSED_LS","2275 Pine Street","Redding","CA","Safeway"
"1009310","LICENSED_LS","1280 Dana Dr","Redding","CA","Target"
"17026","LICENSED_LS","1070 East Cypress Ave","Redding","CA","Safeway"
"1023503","LICENSED_LS","11555 OLD OREGON TRAIL","Redding","CA",""
"7153","LICENSED_LS","2601 Balls Ferry Road","Anderson","CA","Safeway"
"11442","LICENSED_LS","1665 Main St","Weaverville","CA",""
"12885","LICENSED_LS","2378 W 24th St","Yuma","AZ","Albertsons"
"1030274","LICENSED_LS","2400 S Avenue A","Yuma","AZ",""
"8226","LICENSED_LS","1450 S Yuma Palms Pkwy","Yuma","AZ","Target"
"1053802","LICENSED_LS","5365 NY State Thruway #233","Westmoreland","NY",""
"1022438","LICENSED_LS","1221 Honoapiilani Hwy","Lahaina","HI","Safeway"
"10916","LICENSED_LS","277 Pi'ikea Avenue","Kihei","HI","Safeway"
"69956","LICENSED_LS","100 Nohea Kai Drive","Lahaina","HI",""
"1005769","LICENSED_LS","58 Maui lani Pkwy","Wailuku","HI","Safeway"
"18813","LICENSED_LS","3700 Wailea Alanui Dr","Kihei","HI",""
"1029302","LICENSED_LS","2365 KAANAPALI PKWY","LAHAINA","HI",""
"1011567","LICENSED_LS","100 Hookele St","Kahului","HI","Target"
"1024852","LICENSED_LS","1090 Hookele St.","Kahului","HI","Safeway"
"13022","LICENSED_LS","New Terminal Bldg at Bldg 340","Kahului","HI",""
"17107","LICENSED_LS","1 Kahului Airport Road Unit 9","Kahului","HI",""
"1014567","LICENSED_LS","15900 W Michigan Ave","Marshall","MI",""
"12584","LICENSED_LS","803 Industrial Blvd","Smyrna","TN","Target"
"1015369","LICENSED_LS","Hwy 96 & Veterans Parkway","Murfreesboro","TN","Kroger"
"1009311","LICENSED_LS","1851 Old Fort Pkwy","Murfreesboro","TN","Target"
"6724","LICENSED_LS","2050 Lascassas Pike","Murfreesboro","TN","Kroger"
"19106","LICENSED_LS","1611 Alumni Dr","Murfreesboro","TN",""
"1044345","LICENSED_LS","401 So. Mount Juliet Rd, Suite 200","Mt Juliet","TN","Kroger"
"7071","LICENSED_LS","401 S Mount Juliet Rd, 600","Mt. Juliet","TN","Target"
"1039202","LICENSED_LS","One Terminal Drive","Nashville","TN",""
"9616","LICENSED_LS","780 Old Hickory Blvd","Brentwood","TN","Target"
"1014445","LICENSED_LS","210 Franklin Road","Nashville","TN","Kroger"
"1020118","LICENSED_LS","1701 Galleria Blvd","Franklin","TN","Target"
"116563","MALL","1800 Galleria Blvd, Coolsprings Galleria, 2386","Franklin","TN","Coolsprings Galleria"
"1014683","LICENSED_LS","1203 Murfreesboro Road","Franklin","TN","Kroger"
"17745","LICENSED_LS","3901 Granny White Pike","Nashville","TN",""
"14488","MALL","2153 Green Hills Village Dr, The Mall at Green Hills","Nashville","TN","The Mall at Green Hills"
"9658","LICENSED_LS","2131 Abbott Martin Rd","Nashville","TN","Kroger"
"1026706","LICENSED_LS","425 5th Ave. S","Nashville","TN",""
"1033065","LICENSED_LS","1418 W. Main Street","Lebanon","TN","Kroger"
"1033366","LICENSED_LS","1287 East Main St","Rogersville","TN","Food City"
"1040269","LICENSED_LS","1105 East Morris Blvd","Morristown","TN","Food City"
"1040278","LICENSED_LS","2310 Sandstone Dr","Morristown","TN","Food City"
"116417","LICENSED_LS","3980 W. Andrew Johnson Hwy.","Morristown","TN","Ingles"
"1014717","LICENSED_LS","2845 E Andrew Johnson Hwy","Greeneville","TN","Ingles"
"1033790","LICENSED_LS","4900 Port Royal Road","Spring Hill","TN","Kroger"
"10846","LICENSED_LS","4726 Traders Way","Thompson's Station","TN","Kroger"
"12587","LICENSED_LS","1033 Crossing Blvd","Spring Hill","TN","Target"
"12243","LICENSED_LS","3064 Columbia","Franklin","TN","Target"
"1015004","LICENSED_LS","1202 S James Campbell Blvd","Columbia","TN","Kroger"
"18768","LICENSED_LS","2011 Nashville Pike","Gallatin","TN","Kroger"
"1018149","LICENSED_LS","237 East Main Street","Hendersonville","TN","Kroger"
"91342","LICENSED_LS","1004 Andrews Run","Hendersonville","TN","Target"
"8962700","LICENSED_LS","708 Demonbreun St","Nashville","TN",""
"1055738","LICENSED_LS","209 10th Ave","Nashville","TN",""
"1018596","LICENSED_LS","170 4th Ave","Nashville","TN",""
"13494","LICENSED_LS","315 4th Ave N","Nashville","TN",""
"1038447","LICENSED_LS","711 Gallatin Road","Nashville","TN","Kroger"
"1040156","LICENSED_LS","800 Monroe Street","Nashville","TN","Kroger"
"1055693","LICENSED_LS","2300 Patterson Street","Nashville","TN",""
"1014363","LICENSED_LS","3500 John A. Merritt Blvd","Nashville","TN",""
"7418","LICENSED_LS","26 White Bridge Rd","Nashville","TN","Target"
"1055677","LICENSED_LS","3441 Dickerson Pike","Nashville","TN",""
"17380","LICENSED_LS","3814 Charlotte Pike","Nashville","TN","Target"
"1054887","LICENSED_LS","US 181 and Northshore","Portland","TX","Target"
"1027918","LICENSED_LS","2501 N. Main","Las Cruces","NM","Albertsons"
"91346","LICENSED_LS","2541 E Lohman Ave Ste A","Las Cruces","NM","Target"
"1026777","LICENSED_LS","Memorial Union 120, 1200 Commercial St.","Emporia","KS",""
"1012311","LICENSED_LS","123 Northcreek Blvd","Goodlettsville","TN","Kroger"
"1011105","LICENSED_LS","17213 Cole Rd","Hagerstown","MD","Target"
"1016590","LICENSED_LS","18726 N. Pointe Dr.","Hagerstown","MD",""
"17379","LICENSED_LS","913 Norland Ave","Chambersburg","PA","Target"
"1005930","LICENSED_LS","901 Foxcroft Ave","Martinsburg","WV",""
"7282","LICENSED_LS","202 Siemens Dr","Cape Girardeau","MO","Target"
"8530300","LICENSED_LS","777 Main Street","Cape Girardeau","MO",""
"63175","LICENSED_LS","391 Makaala St","Hilo","HI","Target"
"20072","LICENSED_LS","381 E Makaala St","Hilo","HI","Safeway"
"1027456","LICENSED_LS","60 Ashemont Dr.","West Jefferson","NC","Ingles"
"10865","LICENSED_LS","7090 N 5th St","North Las Vegas","NV","Target"
"7960","LICENSED_LS","2255 E Centennial Parkway","Las Vegas","NV",""
"17534","LICENSED_LS","5691 Rickenbacker Rd","Nellis AFB","NV",""
"1012058","LICENSED_LS","7300 Aliante Pkwy","North Las Vegas","NV",""
"1006883","LICENSED_LS","6855 Aliante Pkwy","North Las Vegas","NV",""
"14239","LICENSED_LS","3010 W Ann Rd","North Las Vegas","NV","Albertsons"
"7776","LICENSED_LS","6371 N Decatur Blvd","Las Vegas","NV","Target"
"12197","LICENSED_LS","4850 West Craig Road","Las Vegas","NV","Albertsons"
"9272","LICENSED_LS","5881 E Charleston Blvd","Las Vegas","NV","Albertsons"
"18473","LICENSED_LS","7075 W Ann Rd","Las Vegas","NV","Albertsons"
"1005216","LICENSED_LS","6480 Sky Pointe Drive","Las Vegas","NV","Target"
"11192","LICENSED_LS","4949 N Rancho Rd","Las Vegas","NV",""
"12226","LICENSED_LS","8410 Farm Road","Las Vegas","NV","Albertsons"
"1054477","LICENSED_LS","600 Fremont St","Las Vegas","NV",""
"11849","LICENSED_LS","129 East Fremont St","Las Vegas","NV",""
"17915","LICENSED_LS","129 East Fremont St.","Las Vegas","NV",""
"8544800","LICENSED_LS","575 Symphony Park South, #190","Las Vegas","NV",""
"1012320","LICENSED_LS","7130 N Durango Dr","Las Vegas","NV",""
"12229","LICENSED_LS","7151 W Craig Rd","Las Vegas","NV","Albertsons"
"14148","MALL","855 S. Grand Central Parkway, Las Vegas Premium Outlets, #1519","Las Vegas","NV","LV Premium Outlets/Food Court"
"1055215","LICENSED_LS","1747 Benzie Hwy","Benzonia","MI",""
"1016811","LICENSED_LS","199 Brookforest Ave","Shorewood","IL",""
"15094","LICENSED_LS","111 Brook Forest Ave","Shorewood","IL","Target"
"1013424","LICENSED_LS","2480 S Route 59","Plainfield","IL",""
"1016396","LICENSED_LS","2051 Ridge Road","Minooka","IL",""
"8605700","LICENSED_LS","2707 E Division Street","Diamond","IL",""
"1055252","LICENSED_LS","13460 Illinois Route 59","Plainfield","IL",""
"1025507","LICENSED_LS","12800 SR-59","Plainfield","IL","Target"
"7684","LICENSED_LS","1188 W Boughton Rd","Bolingbrook","IL","Target"
"8987","LICENSED_LS","10155 Okeechobee Blvd","West Palm Beach","FL","Target"
"1032966","LICENSED_LS","10300 West Forrest Hill Blvd.","Wellington","FL",""
"9226000","LICENSED_LS","MILEPOST 94 Florida's Turnpike","West Palm Beach","FL",""
"10059","LICENSED_LS","5900 State Rd 7","Wellington","FL","Target"
"1006057","LICENSED_LS","5900 Lake Worth Rd","Greenacres","FL","Target"
"13179","LICENSED_LS","Palm Beach Int'l Airport, Bldg 1000 Suite 124","West Palm Beach","FL",""
"16336","LICENSED_LS","Belvedere Rd., Bldg 1000, Ste 124","West Palm Beach","FL",""
"8699","LICENSED_LS","Palm Beach Int'l Airport, Palm Beach Int'l Airport, Bldg 1000, Suite 124","West Palm Beach","FL",""
"11007","LICENSED_LS","1760 Palm Beach Lakes Blvd","West Palm Beach","FL","Target"
"8780300","LICENSED_LS","901 45th St.","West Palm Beach","FL",""
"1044889","LICENSED_LS","300 Pemproke Pl","West Palm Beach","FL",""
"8424","LICENSED_LS","500 N Congress Ave","Lake Park","FL","Target"
"7052","LICENSED_LS","10201 Hagen Beach Rd","Boynton Beach","FL","Target"
"7646","LICENSED_LS","650 N Congress Ave","Boynton Beach","FL","Target"
"12549","LICENSED_LS","1865 N National Rd","Columbus","IN","Target"
"8507600","LICENSED_LS","3100 N Tenaya Way","Las Vegas","NV",""
"1005897","LICENSED_LS","3210 N Tenaya Way","Las Vegas","NV","Target"
"16129","LICENSED_LS","1650 N Buffalo Dr","Las Vegas","NV","Albertsons"
"8792","LICENSED_LS","8350 W Cheyenne Ave","Las Vegas","NV","Albertsons"
"16861","LICENSED_LS","1001 S. Rainbow Blvd.","Las Vegas","NV","Albertsons"
"1005761","LICENSED_LS","2211 N Rampart Blvd","Las Vegas","NV",""
"11250","LICENSED_LS","221 N Rampart Blvd","Las Vegas","NV",""
"15146","LICENSED_LS","2411 West Sahara Ave","Las Vegas","NV",""
"8865500","LICENSED_LS","9090 W Alta Dr","Las Vegas","NV",""
"1014514","LICENSED_LS","1940 Village Center Cir","Las Vegas","NV","Albertsons"
"1009488","LICENSED_LS","8750 W Charleston Blvd","Las Vegas","NV","Target"
"1022219","LICENSED_LS","9710 W Skye Canyon Park","Las Vegas","NV",""
"1024521","LICENSED_LS","6730 N. Hualapai Way","Las Vegas","NV","Albertsons"
"1017415","LICENSED_LS","2470 S I 75 BUSINESS LOOP","Grayling","MI",""
"1032725","LICENSED_LS","845 E. Lake Mead Parkway","Henderson","NV",""
"1014429","LICENSED_LS","190 N Boulder Hwy","Henderson","NV","Albertsons"
"7719","LICENSED_LS","350 West Lake Mead","Henderson","NV","Target"
"1014465","LICENSED_LS","575 College Dr","Henderson","NV","Albertsons"
"8812300","LICENSED_LS","1550 Railroad Pass Casino Rd","Henderson","NV",""
"8342","LICENSED_LS","1301 W Sunset Rd","Henderson","NV",""
"18585","LICENSED_LS","4111 Boulder Hwy","Las Vegas","NV",""
"1054838","LICENSED_LS","560 N. Stephanie St.","Henderson","NV",""
"8158","LICENSED_LS","W Horizon Ridge Pkwy & E Horizon Dr","Henderson","NV","Vons"
"1015690","LICENSED_LS","3850 E. Flamingo Rd.","Las Vegas","NV",""
"11076","LICENSED_LS","201 S Stephanie St","Henderson","NV","Albertsons"
"8507500","LICENSED_LS","3186 S Maryland Pkwy","Las Vegas","NV",""
"1016408","LICENSED_LS","1414 N Division Street","Morris","IL",""
"1025937","LICENSED_LS","1200 Linton Blvd","Delray Beach","FL","Target"
"1043616","LICENSED_LS","16850 Jog Rd., 111","Delray Beach","FL",""
"8237","LICENSED_LS","777 Glades Rd","Boca Raton","FL",""
"6503","LICENSED_LS","9600 Westview Dr","Coral Springs","FL","Target"
"7714","LICENSED_LS","4400 N State Rd 7","Coral Springs","FL","Target"
"7711","LICENSED_LS","3599 W Hillsboro Blvd","Deerfield Beach","FL","Target"
"1028830","LICENSED_LS","3795 Orchard Road","Oswego","IL",""
"1017158","LICENSED_LS","2540 US Route 30","Oswego","IL",""
"1055031","LICENSED_LS","2855 West 95th Street","Naperville","IL",""
"7716","LICENSED_LS","1652 Beecher Rd","Yorkville","IL","Target"
"1014991","LICENSED_LS","1759 W Ogden Ave","Naperville","IL",""
"8991","LICENSED_LS","1951 W Jefferson Ave","Naperville","IL","Target"
"1017277","LICENSED_LS","465 N. Route 47","Sugar Grove","IL",""
"10131","LICENSED_LS","1800 Orchard Gateway Blvd","Aurora","IL","Target"
"8758500","LICENSED_LS","1650 Premium Outlets Blvd.","Aurora","IL",""
"1043119","LICENSED_LS","801 S. Washington","Naperville","IL",""
"1010132","LICENSED_LS","155 Pocono Commons","Stroudsburg","PA","Target"
"1020304","LICENSED_LS","3560 Rt. 611","Bartonsville","PA","Giant"
"8781400","LICENSED_LS","2836 Route 611, Suite 100","Tannersville","PA",""
"1017606","LICENSED_LS","200 Prospect Street","East Stroudsburg","PA",""
"1021535","LICENSED_LS","19 Simpson Rd","Columbia","NJ",""
"19315","LICENSED_LS","256 Danner Rd","Jim Thorpe","PA",""
"10000","LICENSED_LS","3835 Dryland Way","Easton","PA","Target"
"10628","LICENSED_LS","4001 S Maryland Pkwy","Las Vegas","NV","Target"
"8580","LICENSED_LS","4505 S Maryland Pkwy","Las Vegas","NV",""
"1025988","LICENSED_LS","4505 South Maryland Parkway","Las Vegas","NV",""
"89271","LICENSED_LS","5757 Wayne Newton Blvd","Las Vegas","NV",""
"13415","LICENSED_LS","3150 Paradise Rd","Las Vegas","NV",""
"89863","LICENSED_LS","5757 Wayne Newton Blvd","Las Vegas","NV",""
"10743","LICENSED_LS","5757 Paradise Road","Las Vegas","NV",""
"8044","LICENSED_LS","5757 Paradise Rd.","Las Vegas","NV",""
"9756","LICENSED_LS","5757 Paradise Rd.","Las Vegas","NV",""
"1026982","LICENSED_LS","2535 S Las Vegas Blvd","Las Vegas","NV",""
"15149","LICENSED_LS","5757 Paradise Rd.","Las Vegas","NV",""
"116622","LICENSED_LS","5757 Wayne Newton Blvd","Las Vegas","NV",""
"13688","LICENSED_LS","160 E Flamingo Rd","Las Vegas","NV",""
"11505","LICENSED_LS","2000 Las Vegas Blvd","Las Vegas","NV",""
"9769","LICENSED_LS","5757 Paradise Rd.","Las Vegas","NV",""
"1030881","LICENSED_LS","3000 South Las Vegas Boulevard","Las Vegas","NV",""
"12131","LICENSED_LS","5757 Paradise Rd.","Las Vegas","NV",""
"1022765","LICENSED_LS","3325 South Las Vegas Blvd","Las Vegas","NV",""
"1019614","LICENSED_LS","3355 S LAS VEGAS BLVD","Las Vegas","NV",""
"7395","LICENSED_LS","3799 Las Vegas blvd","Las Vegas","NV",""
"1055452","LICENSED_LS","3355 S Las Vegas BLVD","Las Vegas","NV",""
"1013982","LICENSED_LS","2880 Las Vegas Blvd. S","Las Vegas","NV",""
"1030865","LICENSED_LS","3000 Las Vegas Blvd S","Las Vegas","NV",""
"1052879","LICENSED_LS","3355 S Las Vegas Blvd","Las Vegas","NV",""
"16656","LICENSED_LS","3475 Las Vegas Blvd S","Las Vegas","NV",""
"1005367","LICENSED_LS","80 E Harmon AVE","Las Vegas","NV",""
"1052878","LICENSED_LS","3355 S Las Vegas Blvd","Las Vegas","NV",""
"15745","LICENSED_LS","3799 Las Vegas Blvd S","Las Vegas","NV",""
"90547","LICENSED_LS","3667 Las Vegas Blvd S","Las Vegas","NV",""
"65859","LICENSED_LS","3300 Las Vegas Blvd S","Las Vegas","NV",""
"15764","LICENSED_LS","3300 Las Vegas Blvd. S.","Las Vegas","NV",""
"1053579","LICENSED_LS","3555 Las Vegas Blvd. South","Las Vegas","NV",""
"12592","LICENSED_LS","10140 W Flamingo Rd","Las Vegas","NV","Albertsons"
"1015786","LICENSED_LS","4155 S Grand Canyon Dr","Las Vegas","NV","Target"
"1009461","LICENSED_LS","West Sahara Blvd & 215 Beltway","Las Vegas","NV",""
"11551","LICENSED_LS","4055 South Durango Drive","Las Vegas","NV","Albertsons"
"7930","LICENSED_LS","11011 W Charleston Blvd","Las Vegas","NV",""
"7028","LICENSED_LS","11011 W Charleston Blvd","Las Vegas","NV",""
"10985","LICENSED_LS","9851 W Charleston","Las Vegas","NV",""
"13281","LICENSED_LS","10250 West Charleston Blvd","Las Vegas","NV","Albertsons"
"7685","LICENSED_LS","11720 W. CHARLESTON BLVD","Las Vegas","NV","Albertsons"
"8514800","LICENSED_LS","9300 W Sunset Rd","Las Vegas","NV",""
"1053124","LICENSED_LS","3550 S Rainbow Blvd","Las Vegas","NV","Target"
"12733","LICENSED_LS","7405 S Durango Dr","Las Vegas","NV","Vons"
"1022300","LICENSED_LS","8525 West Warm Springs Rd","Las Vegas","NV",""
"17179","LICENSED_LS","5975 W. Tropicana Ave","Las Vegas","NV","Albertsons"
"17729","LICENSED_LS","7350 S Rainbow Blvd","Las Vegas","NV","Albertsons"
"17009","LICENSED_LS","8050 S Rainbow Blvd","Las Vegas","NV",""
"1023879","LICENSED_LS","220 Hwy 334","Commerce","GA","Ingles"
"89242","LICENSED_LS","9161 Hwy 29S","Hull","GA","Ingles"
"8673100","LICENSED_LS","1810 Dry Pond Rd.","Jefferson","GA",""
"1007554","LICENSED_LS","700 Highway 29 N","Athens","GA","Kroger"
"17104","LICENSED_LS","1685 Old Pendergrass Rd","Jefferson","GA","Kroger"
"1016673","LICENSED_LS","45 BAXTER STREET","Athens","GA",""
"1016238","LICENSED_LS","191 Alps Rd","Athens","GA","Kroger"
"1020528","LICENSED_LS","3065 Atlanta Hwy.","Athens","GA","Target"
"18011","LICENSED_LS","2040 Barnett Shoals Road","Athens","GA","Kroger"
"1040345","LICENSED_LS","1720 Epps Bridge Parkway","Athens","GA","Kroger"
"1021920","LICENSED_LS","283 N. Broad St","Winder","GA","Ingles"
"8802100","LICENSED_LS","175 Peachtree Exchange Blvd","Hoschton","GA","Kroger"
"90148","LICENSED_LS","1604 441st Byp","Cornelia","GA","Ingles"
"52015","LICENSED_LS","1200 S Federal Hwy","Deerfield Beach","FL","Target"
"1040618","LICENSED_LS","1300 S. Naper Blvd.","Naperville","IL",""
"16627","LICENSED_LS","28201 Diehl Rd","Warrenville","IL","Target"
"91358","LICENSED_LS","1801 N Naper Blvd","Naperville","IL",""
"1055020","LICENSED_LS","2317 75th St","Woodridge","IL",""
"18438","LICENSED_LS","2333 63rd St","Woodridge","IL","Target"
"13812","LICENSED_LS","601 S County Farm Rd","Wheaton","IL","Target"
"1054984","LICENSED_LS","119 Randall Road","Batavia","IL",""
"8931","LICENSED_LS","115 N Randall Rd","Batavia","IL","Target"
"1016962","LICENSED_LS","800 N. Main Street","Elburn","IL",""
"1055033","LICENSED_LS","177 East Roosevelt Road","West Chicago","IL",""
"12864","LICENSED_LS","2667 E Windmill Pkwy","Henderson","NV","Vons"
"1006219","LICENSED_LS","2300 Paseo Verde Pkwy","Henderson","NV",""
"11013","LICENSED_LS","695 S Green Valley Parkway","Henderson","NV","Target"
"1015460","LICENSED_LS","4800 Blue Diamond Road","Las Vegas","NV","Albertsons"
"10156","LICENSED_LS","4100 Blue Diamond Rd","Las Vegas","NV","Target"
"1045243","LICENSED_LS","5625 Polaris Ave","Las Vegas","NV",""
"1023999","LICENSED_LS","8263 Dean Martin Drive","Las Vegas","NV",""
"7794","LICENSED_LS","3950 Las Vegas Blvd So","Las Vegas","NV",""
"1027404","LICENSED_LS","3950 Las Vegas Blvd So","Las Vegas","NV",""
"18632","LICENSED_LS","3333 Blue Diamond Road","Las Vegas","NV",""
"7834","LICENSED_LS","3950 Las Vegas Blvd So","Las Vegas","NV",""
"7226","LICENSED_LS","3900 Las Vegas Blvd","Las Vegas","NV",""
"17533","LICENSED_LS","3900 Las Vegas Blvd","Las Vegas","NV",""
"7396","LICENSED_LS","3850 Las Vegas Blvd So","Las Vegas","NV",""
"16570","LICENSED_LS","3700 W Flamingo Rd","Las Vegas","NV",""
"1027403","LICENSED_LS","3730 Las Vegas Blvd","Las Vegas","NV",""
"116339","LICENSED_LS","3730 LAS VEGAS BLVD S","Las Vegas","NV",""
"1039677","LICENSED_LS","3790 S Las Vegas Blvd","Las Vegas","NV",""
"7177","LICENSED_LS","3770 Las Vegas Blvd S","Las Vegas","NV",""
"1006389","LICENSED_LS","2600 W Harmon Avenue","Las Vegas","NV",""
"1007488","LICENSED_LS","3790 Las Vegas Blvd S","Las Vegas","NV",""
"1024650","LICENSED_LS","3767 S Las Vegas Blvd","Las Vegas","NV","Target"
"1016836","LICENSED_LS","5757 WAYNE NEWTON BLVD","Las Vegas","NV",""
"1021350","LICENSED_LS","3799 LAS VEGAS BLVD S","Las Vegas","NV",""
"13708","LICENSED_LS","475 E Windmill Lane","Las Vegas","NV","Vons"
"1014419","LICENSED_LS","3708 Las Vegas Blvd South","Las Vegas","NV",""
"12642","LICENSED_LS","3667 S. Las Vegas","Las Vegas","NV",""
"1016957","LICENSED_LS","3600 LAS VEGAS BLVD SOUTH","Las Vegas","NV",""
"8692500","LICENSED_LS","3595 S Las Vegas Blvd, The Cromwell","Las Vegas","NV",""
"87152","LICENSED_LS","3570 Las Vegas Blvd S","Las Vegas","NV",""
"8715300","LICENSED_LS","3200 Las Vegas Blvd S Ste 200","Las Vegas","NV",""
"16571","LICENSED_LS","3475 Las Vegas Blvd S","Las Vegas","NV",""
"1006512","LICENSED_LS","3545 Las Vegas Blvd S","Las Vegas","NV",""
"1007169","LICENSED_LS","3570 Las Vegas Blvd S","Las Vegas","NV",""
"1024487","LICENSED_LS","2111 Butterfield Road","Downers Grove","IL",""
"7263","LICENSED_LS","60 York Town Ctr","Lombard","IL","Target"
"1009599","LICENSED_LS","1300 10th St","Alamogordo","NM","Albertsons"
"1039430","LICENSED_LS","9725 S Eastern Ave","Las Vegas","NV","Target"
"9307","LICENSED_LS","9725 S. Maryland","Las Vegas","NV","Albertsons"
"1029955","LICENSED_LS","9777 S. Las Vegas Blvd.","Las Vegas","NV",""
"6914","LICENSED_LS","10616 S Eastern Ave","Henderson","NV",""
"1014579","LICENSED_LS","1320 Railroad Ave","Rifle","CO",""
"1014448","LICENSED_LS","511 College Ave","Levelland","TX",""
"1005613","LICENSED_LS","1100 Henderson St","Arkadelphia","AR",""
"1013485","LICENSED_LS","1 Medical Center Dr","Morgantown","WV",""
"1024027","LICENSED_LS","500 Suncrest Town Center","Morgantown","WV","Kroger"
"11873","LICENSED_LS","5001 University Town Centre Dr","Morgantown","WV","Target"
"1028749","LICENSED_LS","2151 University Ave, Suite 220 at University Place","MORGANTOWN","WV",""
"1016415","LICENSED_LS","Two Waterfront Place","Morgantown","WV",""
"1005433","LICENSED_LS","South Hwy 89 High School Rd","Jackson","WY",""
"1032987","LICENSED_LS","510 US-89","Jackson","WY","Target"
"68889","LICENSED_LS","105 Buffalo Way","Jackson","WY","Albertsons"
"7713","LICENSED_LS","5100 E Hwy 100","Palm Coast","FL","Target"
"1006263","LICENSED_LS","1440 US Highway 1 S","St. Augustine","FL","Target"
"1023914","LICENSED_LS","300 A1A Beach Blvd","St. Augustine","FL",""
"1023643","LICENSED_LS","95 CORDOVA ST","St. Augustine","FL",""
"7032","LICENSED_LS","485 N Rolling Meadow Dr","Fond du Lac","WI","Target"
"9660","LICENSED_LS","1900 S Koeller St","Oshkosh","WI","Target"
"88906","LICENSED_LS","2100 Paul Bunyan Dr NW","Bemidji","MN","Target"
"6509","LICENSED_LS","2421 Cranberry Hwy","Wareham","MA","Target"
"10136","LICENSED_LS","479 State Rd","North Dartmouth","MA","Target"
"1045240","LICENSED_LS","19949 US-93","White Hills","AZ",""
"9697","LICENSED_LS","2511 Anthem Village Dr","Henderson","NV","Vons"
"1021529","LICENSED_LS","751 Route 73 S","Marlton","NJ","Target"
"1025984","LICENSED_LS","1139 White Horse Rd","Voorhees","NJ","Target"
"10154","LICENSED_LS","487 Berlin Cross Keys Rd","Sicklerville","NJ","Target"
"1045241","LICENSED_LS","NJPK MM 32.3","Cherry Hill","NJ",""
"11022","LICENSED_LS","4001 Black Horse Pike","Turnersville","NJ","Target"
"1024942","LICENSED_LS","1900 Deptford Center Rd","Deptford","NJ","Target"
"1055450","LICENSED_LS","1750 Deptford Center","Deptford","NJ",""
"1022599","LICENSED_LS","650 West Cuthbert Blvd.","Haddon Township","NJ","Target"
"10827","LICENSED_LS","2137 SR-38","Cherry Hill","NJ","Target"
"1030389","LICENSED_LS","2000 Route 38","Cherry Hill","NJ",""
"10699","LICENSED_LS","675 Woodbury Glassboro Rd","Sewell","NJ","Target"
"16249","LICENSED_LS","4 Centerton Rd","Mt. Laurel","NJ","Target"
"1045238","LICENSED_LS","5 Hartford Road","Mount Laurel","NJ",""
"1029625","LICENSED_LS","1 COOPER PLAZA","CAMDEN","NJ",""
"1019619","LICENSED_LS","29 Snyder Avenue","Philadelphia","PA",""
"1018611","LICENSED_LS","1 Mifflin St.","Philadelphia","PA","Target"
"11289","LICENSED_LS","326 Penn St","Camden","NJ",""
"7062","LICENSED_LS","4000 Route 130","Delran","NJ","Target"
"8504","LICENSED_LS","2701 Castor Ave","Philadelphia","PA","Target"
"8154","LICENSED_LS","1380 Linda Mar SC","Pacifica","CA","Safeway"
"9109300","LICENSED_LS","215 Balsam St N","Cambridge","MN","Target"
"10707","LICENSED_LS","1801 E Parks Hwy","Wasilla","AK","Target"
"7890","LICENSED_LS","1501 East Parks Highway","Wasilla","AK","Fred Meyer"
"1028050","LICENSED_LS","1 GOODSPRINGS ROAD","JEAN","NV",""
"13005","LICENSED_LS","31881 Las Vegas Blvd S","Primm","NV",""
"13175","LICENSED_LS","Atlantic City Expressway Mile Marker 20","Hammonton","NJ",""
"1022255","LICENSED_LS","380 Consumer Sq","Mays Landing","NJ","Target"
"1032062","LICENSED_LS","250 New Road","Somers Point","NJ","Target"
"1017856","LICENSED_LS","777 Harrah's Drive","Atlantic City","NJ",""
"12860","LICENSED_LS","1 Borgata Way","Atlantic City","NJ",""
"7720","LICENSED_LS","209 Stafford Park Blvd","Manahawkin","NJ","Target"
"8595700","LICENSED_LS","104 North Michigan Avenue","Atlantic City","NJ",""
"12890","LICENSED_LS","8005 Ventnor Ave","Margate City","NJ",""
"19096","LICENSED_LS","2831 Boardwalk","Atlantic City","NJ",""
"16441","MALL","3849 S. Delsea Road, Cumberland Mall, Space #A0013","Vineland","NJ","Vineland Cumberland Mall"
"13023","LICENSED_LS","2831 Boardwalk","Atlantic City","NJ",""
"1038220","LICENSED_LS","2100 Pacific Ave","Atlantic City","NJ",""
"1028504","LICENSED_LS","1000 Boardwalk","Atlantic City","NJ",""
"10153","LICENSED_LS","2116 N 2nd St","Millville","NJ","Target"
"1039096","LICENSED_LS","500 Boardwalk","Atlantic City","NJ",""
"1006532","LICENSED_LS","1061 Asbury Ave","Ocean City","NJ",""
"1014971","LICENSED_LS","820 Boardwalk","Ocean City","NJ",""
"18626","LICENSED_LS","12 Manor Plaza","Pacifica","CA","Safeway"
"1013532","LICENSED_LS","2255 Gellert Blvd","South San Francisco","CA","Safeway"
"1012181","LICENSED_LS","133 Serramonte Center","Daly City","CA","Target"
"1005288","LICENSED_LS","525 El Camino Real","Millbrae","CA","Safeway"
"7109","LICENSED_LS","1150 El Camino Real","San Bruno","CA","Target"
"1016835","LICENSED_LS","SAN FRANCISCO INTL AIRPORT","San Francisco","CA",""
"1053329","LICENSED_LS","1 Old Bayshore Hwy","Millbrae","CA",""
"1018981","LICENSED_LS","1619 Center Square Road","Logan Township","NJ",""
"8884700","LICENSED_LS","8500 Essington Avenue, Concourse C","Philadelphia","PA",""
"1028900","LICENSED_LS","One University Place, University Center","Chester","PA",""
"1020424","LICENSED_LS","201 N WALNUT ST.","Wilmington","DE",""
"1024660","LICENSED_LS","857 Baltimore Pike","Springfield","PA","Target"
"10926","LICENSED_LS","1200 Baltimore Pike","Springfield","PA","Target"
"1021907","LICENSED_LS","3020 Defense Access Road, McGuire","Trenton","NJ",""
"1005919","LICENSED_LS","2703 Route 541","Burlington","NJ","Target"
"1032036","LICENSED_LS","2721 Street Road","Bensalem","PA","Giant"
"6848","LICENSED_LS","2331 E Lincoln Hwy","Langhorne","PA","Target"
"12543","LICENSED_LS","168 N Flowers Mill Rd","Langhorne","PA","Giant"
"1026636","LICENSED_LS","800 Rock Hill Dr","Bensalem","PA","Target"
"1006222","LICENSED_LS","11000 E Roosevelt Blvd","Philadelphia","PA","Target"
"1017906","LICENSED_LS","2550 Grant St","Philadelphia","PA","Giant"
"1031103","LICENSED_LS","2399 Cottman Avenue","Philadelphia","PA",""
"1019499","LICENSED_LS","1755 N. 13TH ST.","Philadelphia","PA",""
"1033872","LICENSED_LS","510 N Broad Street","Philadelphia","PA","Giant"
"1007653","LICENSED_LS","3340 N Broad St","Philadelphia","PA",""
"1022566","LICENSED_LS","456 N 5th St","Philadelphia","PA","Target"
"1033486","LICENSED_LS","101 N. Broad St.","Philadelphia","PA",""
"1030133","LICENSED_LS","23rd St. & Arch St.","Philadelphia","PA","Giant"
"1022987","LICENSED_LS","525 ARCH ST","Philadelphia","PA",""
"1030509","LICENSED_LS","901 Market St., #K01","Philadelphia","PA",""
"1025027","LICENSED_LS","1 S. 15th Street","Philadelphia","PA",""
"1055497","LICENSED_LS","111 S 11th St.","PHILADELPHIA","PA",""
"1022638","LICENSED_LS","3601 Walnut St.","Philadelphia","PA",""
"1017880","LICENSED_LS","3400 Spruce Street","Philadelphia","PA",""
"8018","LICENSED_LS","3800 LOCUST WALK, 1920 COMMONS BLDG","Philadelphia","PA",""
"7517","LICENSED_LS","4000 Monument Rd","Philadelphia","PA","Target"
"1006899","LICENSED_LS","2461 North 54th St","Philadelphia","PA",""
"1017738","LICENSED_LS","7162 RIDGE AVENUE","Philadelphia","PA","Target"
"15930","LICENSED_LS","50 E Wynnewood Rd","Wynnewood","PA","Giant"
"9999","LICENSED_LS","2450 Shoppers Lane","Wyncote","PA","Target"
"1031812","LICENSED_LS","250 E Lancaster Ave","Wynnewood","PA","Target"
"8960600","LICENSED_LS","701 Cathedral Rd","Andorra","PA","Giant"
"1019270","LICENSED_LS","20168 Eva Street","Montgomery","TX","Kroger"
"65671","LICENSED_LS","12605 Interstate 45 N","Willis","TX","Kroger"
"1011603","LICENSED_LS","3045 Rt 50","Saratoga Springs","NY",""
"1006262","LICENSED_LS","3030 Route 50","Saratoga Springs","NY","Target"
"1005500","LICENSED_LS","115 Ballston Ave","Saratoga Springs","NY",""
"1005499","LICENSED_LS","1 Kendall Way","Malta","NY",""
"1011583","LICENSED_LS","15 Park Ave","Clifton Park","NY",""
"1005901","LICENSED_LS","26 Crossing Blvd","Clifton Park","NY","Target"
"1017694","LICENSED_LS","1018 Route 146","Clifton Park","NY",""
"91896","LICENSED_LS","204 Saratoga Rd","Schenectady","NY","Target"
"1029280","LICENSED_LS","675 Upper Glen St.","Queensbury","NY",""
"12274","LICENSED_LS","578 Aviation Rd","Queensbury","NY","Target"
"1052216","LICENSED_LS","21 Rush Street","Schenectady","NY",""
"1022254","LICENSED_LS","428 Balltown Rd","Schenectady","NY","Target"
"1055225","LICENSED_LS","Milepost 168 W","Pattersonville","NY",""
"1054539","LICENSED_LS","103 Brookview Dr.","Schenectady","NY",""
"11334","LICENSED_LS","3649 S Hastings Way","Eau Claire","WI","Target"
"1031900","LICENSED_LS","2424 E. Clairmont Ave","Eau Claire","WI","Hy-Vee"
"11257","LICENSED_LS","200 S. Hwy 160","Pahrump","NV","Albertsons"
"116456","LICENSED_LS","116 Township Line Rd","Havertown","PA","Giant"
"10867","LICENSED_LS","7400 Bustleton Avenue","Philadelphia","PA","Target"
"8694500","LICENSED_LS","95 York Rd","Jenkintown","PA","Giant"
"1005982","LICENSED_LS","1495 Old York Rd","Abington","PA","Target"
"17670","LICENSED_LS","2350 Susquehanna Rd","Roslyn","PA","Giant"
"1020637","LICENSED_LS","315 York Rd.","Willow Grove","PA","Giant"
"1007597","LICENSED_LS","1874 Bethlehem Pike","Flourtown","PA","Giant"
"1017273","LICENSED_LS","800 2nd Street Pike","Richboro","PA",""
"1011095","LICENSED_LS","2250 Chemical Rd","Plymouth Meeting","PA","Target"
"1009607","LICENSED_LS","160 West Dekalb Pike","King of Prussia","PA","Target"
"18796","LICENSED_LS","381 West Dekalb Pike","King of Prussia","PA",""
"8743800","LICENSED_LS","160 North Gulph Road","KIng of Prussia","PA",""
"1023406","LICENSED_LS","704 West Lancaster Ave.","Wayne","PA","Target"
"14628","LICENSED_LS","Exit 326 Eastbound, Milepost 324.6","Wayne","PA",""
"1032063","LICENSED_LS","1000 Leatherwood Ln","Bluefield","VA","Food City"
"1055523","LICENSED_LS","102 North Greer Blvd.","Pittsburg","TX",""
"89240","LICENSED_LS","2295 N Imperial Ave","El Centro","CA","Target"
"7444","LICENSED_LS","750 N Imperial Ave","El Centro","CA","Vons"
"9731","MALL","599 E. Danenberg Drive, Imperial Valley Mall","El Centro","CA","Dogwood & I-8, El Centro"
"7541","LICENSED_LS","475 W Main St","Brawley","CA","Vons"
"1015119","LICENSED_LS","16150 Pilot Knob Road","Lakeville","MN","Hy-Vee"
"10528","LICENSED_LS","15560 Pilot Knob Rd","Apple Valley","MN","Target"
"1026071","LICENSED_LS","17380 Cedar Avenue","Lakeville","MN",""
"16233","LICENSED_LS","15150 Cedar Ave","Apple Valley","MN","Target"
"9325","LICENSED_LS","18275 Kenrick Ave","Lakeville","MN","Target"
"1022926","LICENSED_LS","601 Division St.","Northfield","MN",""
"1026203","LICENSED_LS","2000 Cliff Lake Rd","Eagan","MN","Target"
"113727","LICENSED_LS","2323 Highway 3 S","Northfield","MN","Target"
"6528","LICENSED_LS","810 County Rd 42W","Burnsville","MN","Target"
"89775","LICENSED_LS","7841 Amana Trl","Inver Grove Heights","MN","Target"
"1005912","LICENSED_LS","8655 E Point Douglas Rd S","Cottage Grove","MN","Target"
"1015936","LICENSED_LS","1500 Central Place Commons","Eagan","MN","Hy-Vee"
"1019349","LICENSED_LS","7280 E POINT DOUGLAS RD","Cottage Grove","MN","Hy-Vee"
"1017317","LICENSED_LS","5900 EGAN DRIVE","Savage","MN","Hy-Vee"
"1017577","LICENSED_LS","6150 EGAN DRIVE","Savage","MN","Hy-Vee"
"12799","LICENSED_LS","14333 Hwy 13","Savage","MN","Target"
"13666","MALL","164 E. Broadway, Mall of America, Suite E164","Bloomington","MN","Mall of America - First Level"
"8249","MALL","276 West Market Street, Mall of America - 2nd location","Bloomington","MN","Mall of America - Second Level"
"8480","LICENSED_LS","1750 S Robert St","St. Paul","MN","Target"
"1020366","LICENSED_LS","MSP Terminal 2 Gate H5","Minneapolis","MN",""
"1033612","LICENSED_LS","4300 Glumark Dr., G-2300T","St. Paul","MN",""
"1024692","LICENSED_LS","4300 Glumack Drive","St. Paul","MN",""
"1023917","LICENSED_LS","4300 Glumack Dr","St. Paul","MN",""
"1011772","LICENSED_LS","7760 Hargis Parkway","Woodbury","MN",""
"18020","LICENSED_LS","6445 Richfield Pkwy","Richfield","MN","Target"
"13805","LICENSED_LS","2555 W 79th St","Bloomington","MN","Target"
"6530","LICENSED_LS","7000 York Ave S","Edina","MN","Target"
"1020369","MALL","3510 Galleria, 3655K","Edina","MN","Galleria Mall - 69th & France"
"6452","LICENSED_LS","660 N Edwards Blvd","Lake Geneva","WI","Target"
"1023737","LICENSED_LS","1010 N. Rochester St","Mukwonago","WI",""
"1016930","LICENSED_LS","2401 N US Highway 12","Spring Grove","IL",""
"1019462","LICENSED_LS","966 Route 59","Antioch","IL",""
"9989","LICENSED_LS","1250 Sunset Dr","Waukesha","WI","Target"
"1020703","LICENSED_LS","11211 120th Avenue 1-94 & Hwy 165, 506","Pleasant Prairie","WI",""
"7288","LICENSED_LS","7800 S Lovers Lane Rd","Franklin","WI","Target"
"1015096","LICENSED_LS","750 E Rollins Rd","Round Lake Beach","IL",""
"1030396","LICENSED_LS","7200 US Hwy 431","Albertville","AL","Food City"
"1015152","LICENSED_LS","151 Tyler Rd N","Red Wing","MN","Target"
"1005916","LICENSED_LS","301 Park Dr","Owatonna","MN","Target"
"1019892","LICENSED_LS","1685 17th Ave E","Shakopee","MN","Target"
"11057","LICENSED_LS","8505 Valley Creek Rd.","Woodbury","MN",""
"20032","LICENSED_LS","449 Commerce Dr","Woodbury","MN","Target"
"1013307","LICENSED_LS","7200 Valley Creek Plaza","Woodbury","MN","Target"
"1019139","LICENSED_LS","2401 Coulee Rd","Hudson","WI","Target"
"1013186","LICENSED_LS","7120 10th St North","Oakdale","MN","Hy-Vee"
"1006160","LICENSED_LS","1744 Suburban Ave","St. Paul","MN","Target"
"8387","LICENSED_LS","7900 32nd St N","Oakdale","MN","Target"
"1024164","LICENSED_LS","84 Wabasha St S, Ste 2","St. Paul","MN",""
"9656","LICENSED_LS","5801 Neal Ave N","Stillwater","MN",""
"12797","LICENSED_LS","2021 Market Dr","Stillwater","MN","Target"
"1022341","LICENSED_LS","2199 Hwy 36 E","North St. Paul","MN","Target"
"1030833","LICENSED_LS","2501 White Bear Ave N","Maplewood","MN","Hy-Vee"
"1015668","LICENSED_LS","1261 GRAND AVENUE","St. Paul","MN",""
"7654","LICENSED_LS","1300 University Ave","St. Paul","MN","Target"
"1022343","LICENSED_LS","9625 Anderson Lakes Pkwy","Eden Prairie","MN",""
"1054869","LICENSED_LS","324 Southdale Center","Edina","MN",""
"66377","LICENSED_LS","100 Southdale Ctr","Edina","MN",""
"1020351","LICENSED_LS","8225 Flying Cloud Dr","Eden Prairie","MN","Target"
"1006191","LICENSED_LS","5101 Vernon Avenue South","Edina","MN",""
"1014786","LICENSED_LS","38200 3rd Ave","Fort Eisenhower","GA",""
"1039442","LICENSED_LS","Chamberlain Ave and 26th Street","Fort Eisenhower","GA",""
"6922","LICENSED_LS","Bldg 300","Fort Eisenhower","GA",""
"1054269","LICENSED_LS","3942 Harper Franklin Avenue","Augusta","GA","Kroger"
"7449","LICENSED_LS","235 Robert C Daniel Jr. Pkwy","Augusta","GA","Target"
"1015852","LICENSED_LS","435 Lewiston Rd","Grovetown","GA","Kroger"
"6705","LICENSED_LS","4115 Columbia Rd","Martinez","GA","Kroger"
"1054552","LICENSED_LS","2907 Washington Rd","Augusta","GA",""
"10478","LICENSED_LS","2801 Washington Rd.","Augusta","GA","Kroger"
"8429","LICENSED_LS","4223 Washington Rd","Evans","GA","Target"
"8615","LICENSED_LS","4355 Washington Rd","Evans","GA","Kroger"
"1020352","LICENSED_LS","1451 ADAMS STREET SOUTH","Shakopee","MN","Hy-Vee"
"1019496","LICENSED_LS","1421 ADAMS STREET SOUTH","Shakopee","MN","Hy-Vee"
"15668","LICENSED_LS","111 Pioneer Trail","Chaska","MN","Target"
"1005981","LICENSED_LS","851 W 78th St","Chanhassen","MN","Target"
"1012626","LICENSED_LS","440 Water St","Excelsior","MN",""
"11380","LICENSED_LS","4802 County Road 101","Minnetonka","MN","Target"
"7303","LICENSED_LS","2500 E Lake St","Minneapolis","MN","Target"
"90221","LICENSED_LS","1536 Hewitt Avenue","St. Paul","MN",""
"12970","LICENSED_LS","300 Washington Ave SE","Minneapolis","MN",""
"90220","LICENSED_LS","207 Church St SE","Minneapolis","MN",""
"1020027","LICENSED_LS","2440 Hennepin Ave.","Minneapolis","MN",""
"1043005","LICENSED_LS","520 S. 7th. Street","Mineapolis","MN",""
"1025427","LICENSED_LS","713 South Washington Avenue","Minneapolis","MN",""
"66233","LICENSED_LS","1000 Nicollet Mall","Minneapolis","MN","Target"
"12449","LICENSED_LS","900 Nicollet Mall","Minneapolis","MN","Target"
"1021830","LICENSED_LS","88 S 6th St","Minneapolis","MN",""
"10144","LICENSED_LS","8900 SR-7","St. Louis Park","MN","Target"
"18367","LICENSED_LS","13201 Ridgedale Dr","Minnetonka","MN","Target"
"1017723","LICENSED_LS","3601 Highway 100 S","St. Louis Park","MN","Target"
"9237000","LICENSED_LS","3285 Beltline Blvd","St. Louis Park","MN",""
"1023624","LICENSED_LS","16705 County Rd 24","Plymouth","MN","Hy-Vee"
"17628","LICENSED_LS","4175 Vinewood Lane N","Plymouth","MN","Target"
"1013250","LICENSED_LS","8200 42nd Ave N","New Hope","MN","Hy-Vee"
"91144","LICENSED_LS","225 E CLOUD","Andover","KS",""
"15869","LICENSED_LS","10800 E 21st St N","Wichita","KS","Target"
"14376","LICENSED_LS","7707 E Central","Wichita","KS",""
"6860","LICENSED_LS","3707 N. Woodlawn","Wichita","KS",""
"1021052","LICENSED_LS","1845 Fairmount Street","Wichita","KS",""
"10718","LICENSED_LS","2024 North Rock Rd","Derby","KS","Target"
"1026207","LICENSED_LS","401 E Douglas Ave","Wichita","KS",""
"1012189","LICENSED_LS","4747 S Broadway","Wichita","KS",""
"1015590","LICENSED_LS","3211 S. Seneca","Wichita","KS",""
"15870","LICENSED_LS","7575 W Maple St","Wichita","KS","Target"
"10798","LICENSED_LS","10222 W 21st St","Wichita","KS",""
"6859","LICENSED_LS","10515 West Central","Wichita","KS",""
"15871","LICENSED_LS","2727 N Maize Rd","Wichita","KS","Target"
"17258","LICENSED_LS","14415 West Maple","Wichita","KS",""
"1019303","LICENSED_LS","2102 N. Prospect Ave.","Champaign","IL","Target"
"1006685","LICENSED_LS","809 S Wright St","Champaign","IL",""
"1012558","LICENSED_LS","1401 W Green St","Urbana","IL",""
"1031944","LICENSED_LS","1206 W. Green Street","Urbana","IL",""
"8481","LICENSED_LS","1515 W County Rd B","Roseville","MN","Target"
"1009391","LICENSED_LS","900 Rosedale CTR","Roseville","MN",""
"7584","LICENSED_LS","1650 New Brighton Blvd","Minneapolis","MN","Target"
"16472","LICENSED_LS","3800 N Lexington Ave","Shoreview","MN","Target"
"1022964","LICENSED_LS","3503 Bottineau Blvd","Robbinsdale","MN","Hy-Vee"
"1022984","LICENSED_LS","3505 Bottineau Blvd","Robbinsdale","MN","Hy-Vee"
"17983","LICENSED_LS","944 SW 9th St","Redmond","OR","Fred Meyer"
"11474","LICENSED_LS","1705 S Hwy 97","Redmond","OR","Safeway"
"1013321","LICENSED_LS","63435 N Hwy 97","Bend","OR","Target"
"11555","LICENSED_LS","2650 NE Hwy 20","Bend","OR","Safeway"
"1013312","LICENSED_LS","61535 South Highway 97","Bend","OR","Fred Meyer"
"17973","LICENSED_LS","320 SW Century Dr","Bend","OR","Safeway"
"1030545","LICENSED_LS","901 East Main Street","Laurens","SC","Ingles"
"1011087","LICENSED_LS","2000 S Pine St","Spartanburg","SC","Ingles"
"1023422","LICENSED_LS","2150 E. Main St.","Duncan","SC","Ingles"
"1021908","LICENSED_LS","156 W. Main St.","Spartanburg","SC",""
"1022207","LICENSED_LS","8199 Warren H Abernathy Hwy","Spartanburg","SC","Target"
"89571","LICENSED_LS","8004 Warren H. Abernathy Hwy","Spartanburg","SC","Ingles"
"8807600","LICENSED_LS","2437 N Main St","Junction","TX",""
"16568","LICENSED_LS","1400A Tamiami Trail","Port Charlotte","FL","Target"
"1005255","LICENSED_LS","10204 Two Notch Rd","Columbia","SC","Target"
"17908","LICENSED_LS","10136 Two Notch Rd","Columbia","SC","Kroger"
"1015392","LICENSED_LS","1028 Roberts Branch Pkwy","Columbia","SC","Kroger"
"1007133","LICENSED_LS","5650 Lee Rd","Columbia","SC",""
"11101","LICENSED_LS","6090A Garners Ferry Rd","Columbia","SC","Target"
"1021482","LICENSED_LS","817 Henderson Street","Columbia","SC",""
"1011970","LICENSED_LS","1400 Main St","Columbia","SC",""
"1021055","LICENSED_LS","1322 Greene Street","Columbia","SC",""
"1044288","LICENSED_LS","1423 WHALEY STREET","Columbia","SC",""
"1043385","LICENSED_LS","650 Lincoln Street","Columbia","SC",""
"1017332","LICENSED_LS","2154 South Beltline","Columbia","SC",""
"1031814","LICENSED_LS","100 Columbiana Circle, Suite 1040","Columbia","SC",""
"1005256","LICENSED_LS","134 Harbison Blvd","Columbia","SC","Target"
"18313","LICENSED_LS","7467 Woodrow St.","Irmo","SC","Kroger"
"7519","LICENSED_LS","5119 Sunset Blvd","Lexington","SC","Target"
"19034","LICENSED_LS","6519 S Main St","Bonners Ferry","ID","Safeway"
"18204","LICENSED_LS","3489 Lowery Pkwy","Fultondale","AL","Target"
"116348","LICENSED_LS","5900 Messer Airport Way","Birmingham","AL",""
"1007577","LICENSED_LS","5900 Messer Airport Wy","Birmingham","AL",""
"9108","LICENSED_LS","1654 Gadsden Hwy","Birmingham","AL","Target"
"1013609","LICENSED_LS","1400 University Blvd","Birmingham","AL",""
"10978","LICENSED_LS","917 13th Street South","Birmingham","AL",""
"114069","LICENSED_LS","531 Brookwood Village","Homewood","AL","Target"
"11055","LICENSED_LS","4616 Highway 280","Birmingham","AL","Target"
"11015","LICENSED_LS","5561 Grove Blvd","Birmingham","AL","Target"
"1007639","LICENSED_LS","5401 Bosque Blvd","Waco","TX","Target"
"90054","LICENSED_LS","1301 S 2nd St","Waco","TX",""
"1007606","LICENSED_LS","101 Bagby Ave","Waco","TX",""
"1026633","LICENSED_LS","910 Jacks Valley Rd","Carson City","NV","Target"
"7291","LICENSED_LS","1000 Commerce Ave","Atwater","CA","Target"
"1010139","LICENSED_LS","3280 R St","Merced","CA","Target"
"8827000","LICENSED_LS","3550 N G St","Merced","CA",""
"7299","LICENSED_LS","1405 W Pacheco Blvd","Los Banos","CA","Target"
"1027489","LICENSED_LS","1 UNIVERSITY CIRCLE","Turlock","CA",""
"6855","LICENSED_LS","3051 Countryside Dr","Turlock","CA","Safeway"
"9448","LICENSED_LS","43843 Sterling Hwy","Soldotna","AK","Fred Meyer"
"15740","LICENSED_LS","1020 Johnson Dr.","South Lake Tahoe","CA","Safeway"
"1055005","LICENSED_LS","4000 Lake Tahoe Blvd, #6","South Lake Tahoe","CA","Target"
"8851500","LICENSED_LS","55 US-50","Stateline","NV",""
"13899","LICENSED_LS","15 US-50","Stateline","NV",""
"10588","LICENSED_LS","212 Elk Point Dr","Zephyr Cove","NV","Safeway"
"8558000","LICENSED_LS","1040 Emerald Bay Rd","South Lake Tahoe","CA",""
"1054360","LICENSED_LS","599 E. William Street","Carson City","NV",""
"90035","LICENSED_LS","1600 Medical Pkwy","Carson City","NV",""
"14271","LICENSED_LS","840 E 23rd St","Fremont","NE","Hy-Vee"
"6397","LICENSED_LS","796 Reeves Blvd","NAS Lemoore","CA",""
"1013865","LICENSED_LS","2399 N Bloomington St","Streator","IL","Kroger"
"10346","LICENSED_LS","1500 E Main Street","Cottage Grove","OR","Safeway"
"1017121","LICENSED_LS","3075 Hilyard Street","Eugene","OR","Albertsons"
"15770","LICENSED_LS","1675 W. 18th & Chambers","Eugene","OR","Albertsons"
"15131","LICENSED_LS","145 East 18th St","Eugene","OR","Safeway"
"16411","LICENSED_LS","3333 W 11th Ave","Eugene","OR","Fred Meyer"
"87040","LICENSED_LS","4575 W 11th Ave","Eugene","OR","Target"
"15243","MALL","65 Oakway Ctr, Oakway Mall","Eugene","OR","Oakway Center"
"12362","LICENSED_LS","311 Coburg Rd","Eugene","OR","Albertsons"
"15737","LICENSED_LS","4740 Royal Ave","Eugene","OR","Albertsons"
"7687","LICENSED_LS","1891 Pioneer Pkwy E","Springfield","OR","Safeway"
"1011101","LICENSED_LS","2750 Gateway St","Springfield","OR","Target"
"14770","LICENSED_LS","1500 Coburg Rd","Eugene","OR","Safeway"
"20204","LICENSED_LS","5755 Main St","Springfield","OR","Albertsons"
"19340","LICENSED_LS","60 Division St","Eugene","OR","Fred Meyer"
"11509","LICENSED_LS","44282 Sterling Hwy S","Soldotna","AK","Safeway"
"1022253","LICENSED_LS","10576 KENAI SPUR HWY.","Kenai","AK","Safeway"
"1022783","LICENSED_LS","260 Third Street","Baton Rouge","LA",""
"1021512","LICENSED_LS","4857 Government Street","Baton Rouge","LA","Albertsons"
"7058","LICENSED_LS","200 Ozark Scenic Dr","Branson","MO","Target"
"66382","LICENSED_LS","1447 State Highway 248 Ste J","Branson","MO",""
"13234","LICENSED_LS","400 Massey Road","Nixa","MO",""
"1005615","LICENSED_LS","200 S. Town Blvd.","Hollister","MO",""
"1056009","LICENSED_LS","15720 Hwy 160","Forsyth","MO",""
"12956","LICENSED_LS","5504 N 17th St","Ozark","MO",""
"7505","LICENSED_LS","708 S Elliott","Aurora","MO",""
"17217","LICENSED_LS","1013 US Highway 60 East","Republic","MO",""
"11439","LICENSED_LS","2021 West Republic Rd","Springfield","MO",""
"9178","LICENSED_LS","4228 S National Ave","Springfield","MO",""
"1015454","LICENSED_LS","1720 West Battlefield Rd","Springfield","MO","Hy-Vee"
"9951","LICENSED_LS","1825 E Primrose St","Springfield","MO","Target"
"14734","LICENSED_LS","3260 East Battlefield Rd","Springfield","MO",""
"8935300","LICENSED_LS","3444 W. Sunshine St","Springfield","MO","Target"
"7302","LICENSED_LS","19300 W. Lake Houston","Humble","TX","Kroger"
"7732","LICENSED_LS","6931 FM 1960 Rd E","Atascocita","TX","Target"
"1005800","LICENSED_LS","3410 Northpark Drive","Houston","TX","Kroger"
"1015574","LICENSED_LS","14221 E Sam Houston Pkwy N","Houston","TX","Kroger"
"1006131","LICENSED_LS","25651 Highway 59 N","Kingwood","TX","Kroger"
"1044517","LICENSED_LS","21836 Market Place Dr","New Caney","TX","Target"
"1014502","LICENSED_LS","6231 Garth Rd","Baytown","TX","Kroger"
"1018532","LICENSED_LS","22030 Market Place Dr","New Caney","TX","Kroger"
"1040471","LICENSED_LS","22999 US-59 N","Kingwood","TX",""
"13223","LICENSED_LS","20777 Hwy 59","Humble","TX","Target"
"1025985","LICENSED_LS","20131 Highway 59 N.","Humble","TX",""
"9560","LICENSED_LS","4510 Garth Rd","Baytown","TX","Target"
"1052817","LICENSED_LS","2800 N Terminal Rd","Houston","TX",""
"1045376","LICENSED_LS","2800 N Terminal Rd","Houston","TX",""
"8823700","LICENSED_LS","2800 N. Terminal Rd","Houston","TX",""
"1045378","LICENSED_LS","2800 N Terminal Rd","Houston","TX",""
"1045374","LICENSED_LS","2800 N Terminal Rd","Houston","TX",""
"1033265","LICENSED_LS","2800 N. Terminal Rd","Houston","TX",""
"1016587","LICENSED_LS","2800 N Terminal Rd.","Houston","TX",""
"1017313","LICENSED_LS","2800 N Terminal Rd","Houston","TX",""
"1052518","LICENSED_LS","2800 N Terminal Rd","Houston","TX",""
"1013994","LICENSED_LS","2800 N Terminal Rd","Houston","TX",""
"1015530","LICENSED_LS","2800 N Terminal Rd.","Houston","TX",""
"7810","LICENSED_LS","400 S Locust St","Dubuque","IA","Hy-Vee"
"12579","LICENSED_LS","2754 Legends Pkwy","Prattville","AL","Target"
"1030878","LICENSED_LS","124 Coosa Street","Montgomery","AL",""
"1007520","LICENSED_LS","2576 Berryhill Rd","Montgomery","AL","Target"
"1025391","LICENSED_LS","100 River Oaks Dr","Wetumpka","AL",""
"1020293","LICENSED_LS","855 Salem Rd","Conway","AR","Kroger"
"10722","LICENSED_LS","201 Donaghey Ave.","Conway","AR",""
"11366","LICENSED_LS","501 Elsinger Blvd","Conway","AR","Target"
"1014206","LICENSED_LS","2402 N Grimes St","Hobbs","NM","Albertsons"
"90555","LICENSED_LS","200 S 23rd Ave","Bozeman","MT","Albertsons"
"68939","LICENSED_LS","1735 W MAIN St","Bozeman","MT","Safeway"
"1009528","LICENSED_LS","2550 Catron Rd","Bozeman","MT","Target"
"1020799","LICENSED_LS","9101 OHIO RIVER ROAD","Wheelersburg","OH","Kroger"
"17023","LICENSED_LS","811 Gay St","Portsmouth","OH","Kroger"
"18793","LICENSED_LS","1 John Marshall Dr","Huntington","WV",""
"12879","LICENSED_LS","20 W White Mountain Blvd","Pinetop-Lakeside","AZ","Safeway"
"13986","LICENSED_LS","900 W Deuce of Clubs","Show Low","AZ","Safeway"
"1020116","LICENSED_LS","1281 Georgia Rd.","Franklin","NC","Ingles"
"1043004","LICENSED_LS","183 Holly Springs Plaza","Franklin","NC","Ingles"
"19303","LICENSED_LS","176 Highway 441 N","Clayton","GA","Ingles"
"91357","LICENSED_LS","230 US 64 E","Cashiers","NC","Ingles"
"10733","LICENSED_LS","517 Centennial Drive","Cullowhee","NC",""
"1019126","LICENSED_LS","417 Central Drive","Cullowhee","NC",""
"87041","LICENSED_LS","94 N Main St","Hiawassee","GA","Ingles"
"1023700","LICENSED_LS","609 North 18th Street","Centerville","IA","Hy-Vee"
"18212","LICENSED_LS","4400 Town Center Blvd","El Dorado Hills","CA","Target"
"1029515","LICENSED_LS","3383 Bass Lake Road","El Dorado Hills","CA","Safeway"
"1028634","LICENSED_LS","3968 Missouri Flat Rd","Placerville","CA","Target"
"16094","LICENSED_LS","3955 Missouri Flat Road","Placerville","CA","Safeway"
"8712900","LICENSED_LS","166 Placerville Dr","Placerville","CA",""
"17876","LICENSED_LS","2207 Francisco Drive","El Dorado Hills","CA","Safeway"
"8870","LICENSED_LS","1850 Prairie City Rd.","Folsom","CA","Safeway"
"18372","LICENSED_LS","430 Blue Ravine Rd","Folsom","CA","Target"
"17845","LICENSED_LS","11211 Point East Dr","Rancho Cordova","CA",""
"1053081","LICENSED_LS","2155 Golden Centre Ln","Gold River","CA",""
"11005","LICENSED_LS","10881 Olson Dr","Rancho Cordova","CA","Target"
"10785","LICENSED_LS","5837 Sunrise Blvd","Citrus Heights","CA","Target"
"8558100","LICENSED_LS","4840 San Juan Ave","Fair Oaks","CA",""
"16318","LICENSED_LS","8640 Sierra College Blvd.","Roseville","CA","Safeway"
"1040391","LICENSED_LS","2188 Tag Rd.","Canastota","NY",""
"1019302","LICENSED_LS","340 Towne Dr","Fayetteville","NY","Target"
"1017757","LICENSED_LS","1401 Frontage Rd","Scottsbluff","NE","Target"
"1014874","LICENSED_LS","601 Broadway Blvd","Scottsbluff","NE","Safeway"
"63182","LICENSED_LS","720 SW 19th St.","Moore","OK","Target"
"1031840","LICENSED_LS","7100 Terminal Dr","Oklahoma City","OK",""
"1024999","LICENSED_LS","1235 Oxford St., Box 489","Worthington","MN",""
"8095","LICENSED_LS","8377 Elk Grove-Florin Rd","Sacramento","CA","Safeway"
"8518000","LICENSED_LS","10050 Bruceville Road","Elk Grove","CA","Safeway"
"8307","LICENSED_LS","7505 Laguna Blvd","Elk Grove","CA","Target"
"1023001","LICENSED_LS","8101 Cosumnes River Blvd","Sacramento","CA","Target"
"12466","LICENSED_LS","5021 Laguna Blvd","Elk Grove","CA","Safeway"
"14462","LICENSED_LS","2375 W Kettleman Ln","Lodi","CA","Target"
"1013287","LICENSED_LS","6507 4th Ave","Sacramento","CA","Target"
"6686","LICENSED_LS","6498 Pony Trail Express","Pollock Pines","CA","Safeway"
"18614","LICENSED_LS","1925 Douglas Blvd","Roseville","CA","Target"
"1007734","LICENSED_LS","51404 Commons Dr","Rocklin","CA","Target"
"11495","LICENSED_LS","1080 Pleasant Grove Boulevard","Roseville","CA","Safeway"
"11338","LICENSED_LS","2220 Sunset Blvd","Rocklin","CA","Safeway"
"20148","LICENSED_LS","10451 Fairway Dr","Roseville","CA","Target"
"1013720","LICENSED_LS","2021 Olde Regent Way","Leland","NC","Harris Teeter"
"6525","LICENSED_LS","4888 North Adams Rd","Rochester","MI","Kroger"
"1016710","LICENSED_LS","26 MILE & VAN DYKE","Shelby Twp","MI","Kroger"
"1005238","LICENSED_LS","8200 26 Mile Rd","Shelby Twp","MI","Target"
"18586","LICENSED_LS","8503 Davison Rd","Davison","MI",""
"1045285","LICENSED_LS","514 Main St","Kimball","TN","Food City"
"1030890","LICENSED_LS","2211 Cowan Hwy","Winchester","TN","Food City"
"8789100","LICENSED_LS","112 Crimson Dr.","Trenton","GA","Food City"
"1009308","LICENSED_LS","1724 W Grand Ave","Gadsden","AL",""
"1045290","LICENSED_LS","941 Rainbow Dr","Gadsden","AL","Food City"
"7255","LICENSED_LS","400 Oxford Exchange Blvd","Oxford","AL","Target"
"17129","LICENSED_LS","5450 Dewey Drive","Fair Oaks","CA","Safeway"
"1026635","LICENSED_LS","5001 Madison Ave","Sacramento","CA","Target"
"8139","LICENSED_LS","3320 Arden Way","Sacramento","CA","Safeway"
"1015416","LICENSED_LS","1919 FULTON AVENUE","Sacramento","CA","Target"
"89885","LICENSED_LS","2700 Bell Road","Auburn","CA","Target"
"18048","LICENSED_LS","2550 Bell Road","Auburn","CA","Safeway"
"14795","LICENSED_LS","9045 Woodcreek Oaks","Roseville","CA","Safeway"
"9978","LICENSED_LS","950 Groveland Ln","Lincoln","CA","Target"
"11267","LICENSED_LS","405 SR-65","Lincoln","CA","Safeway"
"1055295","LICENSED_LS","1770 Pleasant Grove Blvd","Roseville","CA","Safeway"
"16987","LICENSED_LS","220 SR-12","Groton","CT",""
"1021766","LICENSED_LS","900 Hartford Tpke","Waterford","CT","Target"
"9377","LICENSED_LS","6925 Mesa Ridge Parkway","Fountain","CO","Safeway"
"8576500","LICENSED_LS","6255 Sawcut Point","Fountain","CO","King Soopers"
"16402","LICENSED_LS","1017 N Market Plaza","Pueblo West","CO","Safeway"
"66370","LICENSED_LS","6110 Martinez St","Fort Carson","CO",""
"1025818","LICENSED_LS","3300 Dillon Dr","Pueblo","CO","Target"
"7222","LICENSED_LS","6520 S Academy Blvd","Colorado Springs","CO","Safeway"
"1056018","LICENSED_LS","2910 South Academy Blvd","Colorado Springs","CO","King Soopers"
"18162","LICENSED_LS","1040 East Stewart Avenue","Colorado Springs","CO",""
"1017737","LICENSED_LS","1630 E CHEYENNE MOUNTAIN BLVD","Colorado Springs","CO","Target"
"7036","LICENSED_LS","1920 S Nevada Ave","Colorado Springs","CO","Safeway"
"1009733","LICENSED_LS","3050 W Northern Ave","Pueblo","CO","King Soopers"
"9110","LICENSED_LS","1121 N. Circle Dr.","Colorado Springs","CO","Safeway"
"1022463","LICENSED_LS","4 S. CASCADE AVE","Colorado Springs","CO",""
"1019305","LICENSED_LS","7915 Constitution Avenue","Colorado Springs","CO","King Soopers"
"17145","LICENSED_LS","1750 W. Unitah St.","Colorado Springs","CO","King Soopers"
"14120","LICENSED_LS","2210 N Wahsatch Ave","Colorado Springs","CO","Safeway"
"9248","LICENSED_LS","3810 Bloomington St","Colorado Springs","CO","Target"
"12935","LICENSED_LS","3275 W Colorado Ave","Colorado Springs","CO","Safeway"
"1024255","LICENSED_LS","6000 J STREET","Sacramento","CA",""
"13681","LICENSED_LS","1025 Alhambra Blvd","Sacramento","CA","Safeway"
"1005257","LICENSED_LS","1940 Pavillon Wy","Lexington","KY","Target"
"8778600","LICENSED_LS","760 Newtown Springs Drive","Lexington","KY","Kroger"
"18619","LICENSED_LS","3101 Richmond Road","Lexington","KY","Kroger"
"8876400","LICENSED_LS","110 W Main St.","Lexington","KY",""
"1009514","LICENSED_LS","704 Euclid Ave","Lexington","KY","Kroger"
"1021810","LICENSED_LS","160 Avenue of Champions","Lexington","KY",""
"8535","LICENSED_LS","W.T. Young Library Building, Donovan Dri","Lexington","KY",""
"16709","LICENSED_LS","740 S Limestone Ave","Lexington","KY",""
"1022952","LICENSED_LS","760 Press Avenue","Lexington","KY",""
"1015129","LICENSED_LS","1600 Leestown Road","Lexington","KY","Kroger"
"1011898","LICENSED_LS","1060 Chinoe Rd","Lexington","KY","Kroger"
"1020435","LICENSED_LS","131 West Reynolds Rd","Lexington","KY","Target"
"1022943","LICENSED_LS","3301 Nicholasville Rd.","Lexington","KY",""
"1013094","LICENSED_LS","106 Marketplace Circle","Georgetown","KY","Kroger"
"11026","LICENSED_LS","3175 Beaumont Centre Cir","Lexington","KY","Kroger"
"18353","LICENSED_LS","212 Kroger Way","Versailles","KY","Kroger"
"1054623","LICENSED_LS","5237 Cumming Ave","Cumming","IA","Hy-Vee"
"1019034","LICENSED_LS","1107 E Army Post Rd","Des Moines","IA","Hy-Vee"
"1019161","LICENSED_LS","1111 E Army Post Rd","Des Moines","IA","Target"
"14611","LICENSED_LS","1990 Grand Ave","West Des Moines","IA","Hy-Vee"
"7110","LICENSED_LS","555 S 51st Street","Des Moines","IA","Hy-Vee"
"16625","LICENSED_LS","5405 Mill Civic Pkwy","Des Moines","IA","Target"
"1013605","LICENSED_LS","3221 SE 14th Street","Des Moines","IA","Hy-Vee"
"1020679","LICENSED_LS","910 N Jefferson","Indianola","IA","Hy-Vee"
"1031775","LICENSED_LS","220 SW 9th St","Des Moines","IA",""
"1017477","LICENSED_LS","420 Court Ave.","Des Moines","IA","Hy-Vee"
"1016240","LICENSED_LS","7101 University Ave","Windsor Heights","IA","Hy-Vee"
"1006837","LICENSED_LS","1700 Valley West Dr","West Des Moines","IA","Hy-Vee"
"87047","LICENSED_LS","1800 Valley West Dr","West Des Moines","IA","Target"
"1025869","LICENSED_LS","2875 University Center Avenue","Des Moines","IA",""
"1017750","LICENSED_LS","5820 WESTOWN PARKWAY","West Des Moines","IA","Hy-Vee"
"17083","LICENSED_LS","1111 6th Ave","Des Moines","IA",""
"1025720","LICENSED_LS","5801 Hickman Rd","Des Moines","IA",""
"16597","LICENSED_LS","1725 Jordan Creek PKWY","West Des Moines","IA","Hy-Vee"
"9532","LICENSED_LS","5901 Douglas Ave","Urbandale","IA","Target"
"90038","LICENSED_LS","8701 Douglas Ave","Urbandale","IA","Hy-Vee"
"8652200","LICENSED_LS","900 SE Laurel St","Waukee","IA","Target"
"15077","LICENSED_LS","11148 Plum Dr","Urbandale","IA","Target"
"1033553","LICENSED_LS","2540 E Euclid Ave","Des Moines","IA",""
"1034320","LICENSED_LS","12905 Meredith Drive","Urbandale","IA",""
"1005358","LICENSED_LS","5750 Merle Hay Rd","Johnston","IA","Hy-Vee"
"1018051","LICENSED_LS","3801 SOUTH JAMES STREET","Grimes","IA","Hy-Vee"
"8989","LICENSED_LS","3414 8th St SW","Altoona","IA","Target"
"1031575","LICENSED_LS","351 NE Gateway Drive","Grimes","IA","Hy-Vee"
"1024397","LICENSED_LS","3590 Prairie Fire NW","Altoona","IA",""
"1016638","LICENSED_LS","3800 RUSSELL STREET","Missoula","MT","Albertsons"
"8933800","LICENSED_LS","625 University Avenue","Missoula","MT",""
"1023728","LICENSED_LS","1003 E. Broadway St.","Missoula","MT","Albertsons"
"10549","LICENSED_LS","4743 Atlanta Hwy","Loganville","GA","Kroger"
"8895300","LICENSED_LS","995 Loganville Hwy","Bethlehem","GA","Kroger"
"10861","LICENSED_LS","916 Loganville Hwy Bldg 400","Bethlehem","GA","Target"
"1024516","LICENSED_LS","1441 Eatonton Rd.","Madison","GA","Ingles"
"10128","LICENSED_LS","2195 Hwy 20 SE","Conyers","GA","Target"
"1054656","LICENSED_LS","1006 Martins Chapel Road","Lawrenceville","GA","Kroger"
"1024117","LICENSED_LS","3035 Centerville Highway 124","Snellville","GA","Kroger"
"9721","LICENSED_LS","1905 Scenic Hwy N","Snellville","GA","Target"
"20020","LICENSED_LS","505 Dacula Rd","Dacula","GA","Kroger"
"10340","LICENSED_LS","3050 Five Forks Trickum","Lilburn","GA","Kroger"
"1038112","LICENSED_LS","1399 Nine Foot Road","Phelps","NY",""
"1040557","LICENSED_LS","I-90","Clifton Springs","NY",""
"1052683","LICENSED_LS","I-90","Warners","NY",""
"1021539","LICENSED_LS","108 8TH ST. SW","Altoona","IA","Hy-Vee"
"11938","LICENSED_LS","2135 SE Delaware Ave","Ankeny","IA","Target"
"1007495","LICENSED_LS","2510 SW State St","Ankeny","IA","Hy-Vee"
"9736","LICENSED_LS","410 N Ankeny","Ankeny","IA","Hy-Vee"
"1012922","LICENSED_LS","7610 North Orange Prairie Road","Peoria","IL","Hy-Vee"
"15709","LICENSED_LS","5001 Big Hollow Rd","Peoria","IL","Target"
"1012544","LICENSED_LS","4125 N Sheridan Road","Peoria","IL","Hy-Vee"
"18772","LICENSED_LS","205 East Second Street","Morehead","KY",""
"18312","LICENSED_LS","203 SW 20th St","Pendleton","OR","Safeway"
"10774","LICENSED_LS","880 N Main","Gunnison","CO",""
"17096","LICENSED_LS","1451 Stewart Street","San Antonio","TX",""
"7876","LICENSED_LS","Lackland AFB TX Main Base Exchange","San Antonio","TX",""
"14364","LICENSED_LS","2810 SW Military Dr","San Antonio","TX","Target"
"1025480","LICENSED_LS","1530 Femoyer Ave, Bldg 10345","San Antonio","TX",""
"1018686","LICENSED_LS","2200 Berquist Drive, Bldg 4544","Lackland AFB","TX",""
"8518","LICENSED_LS","8223 Hwy 151","San Antonio","TX","Target"
"1007583","LICENSED_LS","Magnolia Street","Auburn","AL",""
"1015428","LICENSED_LS","300 Dean Rd","Auburn","AL","Kroger"
"10815","LICENSED_LS","255 Heisman Dr","Auburn","AL",""
"9558","LICENSED_LS","2640 Enterprise Dr","Opelika","AL","Target"
"9905","LICENSED_LS","1425 Columbus Ave","Lebanon","OH","Kroger"
"1023900","LICENSED_LS","1230 Rombach Avenue","Wilmington","OH","Kroger"
"10831","LICENSED_LS","400 Corwin Nixon Blvd","South Lebanon","OH","Target"
"17758","LICENSED_LS","148 East Town Center Blvd","Maineville","OH","Kroger"
"9820","LICENSED_LS","6300 Kings Island Drive","Kings Island","OH",""
"17318","LICENSED_LS","6388 Branch-Hill Guinea Pike","Loveland","OH","Kroger"
"10666","LICENSED_LS","9841 Waterstone Blvd","Cincinnati","OH","Target"
"14210","LICENSED_LS","5100 Terra Firma Dr","Mason","OH","Kroger"
"69557","LICENSED_LS","1095 S Main St","Centerville","OH","Kroger"
"1045280","LICENSED_LS","1093 State Route 28","Milford","OH","Kroger"
"1031987","LICENSED_LS","625 W Central Ave","Springboro","OH","Kroger"
"18778","LICENSED_LS","11390 Montgomery Rd","Cincinnati","OH","Kroger"
"17998","LICENSED_LS","3420 Towne Blvd.","Middletown","OH","Kroger"
"113731","LICENSED_LS","7644 Voice of America Centre Dr","West Chester","OH","Target"
"1006266","LICENSED_LS","10101 Landing Wy","Miamisburg","OH","Kroger"
"8910800","LICENSED_LS","7855 Tylersville Rd","West Chester","OH","Kroger"
"12331","LICENSED_LS","4341 Feedwire Rd","Dayton","OH","Target"
"1007093","LICENSED_LS","5400 Cornerstone North Blvd","Centerville","OH","Kroger"
"8399","LICENSED_LS","7300 Yankee Rd","Middletown","OH","Kroger"
"14163","LICENSED_LS","7390 Tylersville Rd","West Chester","OH",""
"1054353","LICENSED_LS","3033 Heritage Green Drive","Monroe","OH","Kroger"
"1013279","LICENSED_LS","2300 Miamsburg Centerville Rd","Dayton","OH","Target"
"91347","LICENSED_LS","100 Rivers Edge","Milford","OH","Target"
"18612","LICENSED_LS","530 East Stroop Road","Kettering","OH","Kroger"
"1042775","LICENSED_LS","255 N. Heincke Road","Miamisburg","OH","Kroger"
"14200","LICENSED_LS","2115 E Dorothy Lane","Kettering","OH","Kroger"
"1027721","LICENSED_LS","2921 W Alex Bell Road","Moraine","OH","Kroger"
"1044401","LICENSED_LS","575 Harry Sauner Road","Hillsboro","OH","Kroger"
"1021098","LICENSED_LS","246 West Monroe","Burns","OR","Safeway"
"1006789","LICENSED_LS","901 S 4th St","Clinton","IA","Hy-Vee"
"1009739","LICENSED_LS","4064 E 53rd St","Davenport","IA","Hy-Vee"
"18165","LICENSED_LS","2900 Devils Glen Rd","Bettendorf","IA","Hy-Vee"
"16836","LICENSED_LS","5225 Elmore Ave","Davenport","IA","Target"
"1023912","LICENSED_LS","3200 E KIMBERLY RD","Davenport","IA",""
"18799","LICENSED_LS","210 Sterling Run Blvd","Mt. Orab","OH","Kroger"
"1021429","LICENSED_LS","7875 Montgomery Road","Cincinnati","OH",""
"68318","LICENSED_LS","9099 Plainfield Rd","Blue Ash","OH","Target"
"18062","LICENSED_LS","4100 Hunt Road","Blue Ash","OH","Kroger"
"10634","LICENSED_LS","8680 Beechmont Ave","Cincinnati","OH","Target"
"1020289","LICENSED_LS","4825A Marburg Ave","Cincinnati","OH","Target"
"1012993","LICENSED_LS","4613 Marburg Ave","Cincinnati","OH","Kroger"
"13460","LICENSED_LS","7580 Beechmont Avenue","Cincinnati","OH","Kroger"
"15589","LICENSED_LS","3760 Paxton Ave","Cincinnati","OH","Kroger"
"1005568","LICENSED_LS","262 W. Main Street","Amelia","OH","Kroger"
"8825300","LICENSED_LS","4500 Montgomery Road","Norwood","OH","Kroger"
"1009758","LICENSED_LS","3763 Montgomery Rd","Norwood","OH",""
"91344","LICENSED_LS","900 E Kemper Rd","Springdale","OH","Target"
"19300","LICENSED_LS","3165 Dayton Xenia Rd","Beavercreek","OH","Kroger"
"1019459","LICENSED_LS","1161 E Dayton Yellow Springs Rd","Fairborn","OH","Kroger"
"89078","LICENSED_LS","2490 N Fairfield Rd","Beavercreek","OH","Target"
"1006918","MALL","2735 N Fairfield Rd, Mall at Fairfield Commons","Beavercreek","OH","N Fairfield Rd & Rex Dr-Drive"
"10656","LICENSED_LS","Oak St & Chestnut St","Wright-Patterson AFB","OH",""
"1043012","LICENSED_LS","601 Woodman Drive","Dayton","OH","Kroger"
"1033694","LICENSED_LS","1 West Second Street","Dayton","OH",""
"1029301","LICENSED_LS","5250 Newtown Dr","Liberty Township","OH","Kroger"
"13928","LICENSED_LS","8000 Princeton-Glendale Rd","West Chester","OH","Kroger"
"11128","LICENSED_LS","3369 Princeton Rd","Hamilton","OH","Target"
"7384","LICENSED_LS","845 Main Street","Willits","CA","Safeway"
"8053","LICENSED_LS","653 S State St, Safeway - Ukiah #1583","Ukiah","CA","Safeway"
"11017","LICENSED_LS","375 Crossroads Blvd.","Cold Spring","KY","Kroger"
"20045","LICENSED_LS","160 Pavilion Pkwy","Newport","KY","Target"
"18715","LICENSED_LS","130 Pavilion Pkwy","Newport","KY","Kroger"
"7666","LICENSED_LS","20 Kenton Drive","Highland Heights","KY",""
"13393","LICENSED_LS","234 Goodman Drive, University Cincinnati Med Ctr","Cincinnati","OH",""
"1017853","LICENSED_LS","1 West Corry St","Cincinnati","OH","Kroger"
"1026466","LICENSED_LS","100 E. Court Street","Cincinnati","OH","Kroger"
"16572","LICENSED_LS","2906 Woodside Dr","Cincinnati","OH",""
"1015531","LICENSED_LS","2911 Woodside Dr","Cincinnati","OH",""
"1005603","LICENSED_LS","4777 Kenard Avenue","Cincinnati","OH","Kroger"
"1044400","LICENSED_LS","4303 Winston Avenue","Covington","KY","Kroger"
"15899","LICENSED_LS","8421 Winton Rd","Cincinnati","OH","Kroger"
"1024787","LICENSED_LS","227 Fox Hill Road","Hampton","VA","Harris Teeter"
"1013370","LICENSED_LS","61 Spaatz Dr, Bldg 290","Hampton","VA",""
"1027504","LICENSED_LS","1050 W. Mercury Blvd.","Hampton","VA","Kroger"
"10003","LICENSED_LS","5001 Holt Ave","Hampton","VA","Target"
"1025169","LICENSED_LS","179 W. Ocean View Ave.","Norfolk","VA","Harris Teeter"
"9892","LICENSED_LS","1560 Mall Dr.","Norfolk","VA",""
"9873","LICENSED_LS","1170 Amphibious Dr.","Virginia Beach","VA",""
"70103","LICENSED_LS","2200 Norview Ave","Norfolk","VA",""
"17821","LICENSED_LS","2200 Norview Ave","Norfolk","VA",""
"17868","LICENSED_LS","2200 Norview Ave.","Norfolk","VA",""
"12547","LICENSED_LS","1 Airport Rd","Little Rock","AR",""
"7590","LICENSED_LS","1 Airport Rd","Little Rock","AR",""
"10463","LICENSED_LS","43 Crossing Way","Augusta","ME","Target"
"7266","LICENSED_LS","121 W Riverside Rd","Parker","AZ","Safeway"
"1045242","LICENSED_LS","921 S California Ave","Parker","AZ",""
"16232","LICENSED_LS","611 N Montana St","Helena","MT","Safeway"
"1032402","LICENSED_LS","3303 N Montana Ave","Helena","MT","Target"
"10522","LICENSED_LS","121 W. WALNUT","Newport","WA","Safeway"
"1013326","LICENSED_LS","12120 N Division St","Spokane","WA","Fred Meyer"
"18252","LICENSED_LS","10100 N Newport Hwy","Spokane","WA","Safeway"
"1009524","LICENSED_LS","9770 N Newport Hwy","Spokane","WA","Target"
"10943","LICENSED_LS","902 W Francis Ave","Spokane","WA","Safeway"
"1042827","LICENSED_LS","9001 N Indian Trails Rd","Spokane","WA","Safeway"
"19209","LICENSED_LS","2507 W Wellesley Ave","Spokane","WA","Safeway"
"8123","LICENSED_LS","W 1616 NW Blvd","Spokane","WA","Safeway"
"1055282","LICENSED_LS","125 Whitewater Dr","Ocoee","TN","Food City"
"1045287","LICENSED_LS","255 Ocoee Crossing North","Cleveland","TN","Food City"
"12582","LICENSED_LS","4570 Frontage Rd NW","Cleveland","TN","Target"
"1055902","LICENSED_LS","4525 Georgetown Rd NW","Cleveland","TN","Food City"
"1045289","LICENSED_LS","502 G.I. Maddox Parkway","Chatsworth","GA","Food City"
"1018088","LICENSED_LS","962 GI Maddox Pkwy.","Chatsworth","GA","Ingles"
"52079","LICENSED_LS","5679 Appalachian HWY","Blue Ridge","GA","Ingles"
"1026649","LICENSED_LS","793 Iyannough Road","Hyannis","MA","Target"
"1015440","LICENSED_LS","156 S. Main","Brigham City","UT",""
"91323","LICENSED_LS","2 E Washington St","Greencastle","IN",""
"8539","LICENSED_LS","637 W Route 66","Williams","AZ","Safeway"
"9749","LICENSED_LS","13045 Rosedale Hwy","Bakersfield","CA","Albertsons"
"20193","LICENSED_LS","9100 Rosedale Hwy","Bakersfield","CA","Target"
"7483","LICENSED_LS","4500 Coffee Rd","Bakersfield","CA","Vons"
"10821","LICENSED_LS","11000 Stockdale Hwy","Bakersfield","CA","Target"
"8801700","LICENSED_LS","321 Woollomes Avenue","Delano","CA","Target"
"8465","LICENSED_LS","9000 Ming Ave","Bakersfield","CA","Vons"
"7809","LICENSED_LS","5700 Stockdale Hwy","Bakersfield","CA","Vons"
"1014692","LICENSED_LS","7900 White Lane","Bakersfield","CA","Albertsons"
"8940800","LICENSED_LS","6301 Gosford Rd","Bakersfield","CA","Target"
"113977","LICENSED_LS","2615 Chester Ave","Bakersfield","CA",""
"19219","LICENSED_LS","2901 Ming Ave","Bakersfield","CA","Target"
"1031370","LICENSED_LS","2701 Ming Avenue, Suite 100","Bakersfield","CA",""
"8651800","LICENSED_LS","361 Middletown Warwick Rd","Middletown","DE","Target"
"8826400","LICENSED_LS","945 McKim St","Middletown","DE",""
"13120","LICENSED_LS","2400 Peoples Plaza","Newark","DE","Safeway"
"1025333","LICENSED_LS","100 Suburban Drive","Newark","DE",""
"1011374","LICENSED_LS","530 JFK Memorial Highway","Newark","DE",""
"9238600","LICENSED_LS","132 Christiana Mall","Newark","DE",""
"19214","LICENSED_LS","800 Christiana Mall","Newark","DE","Target"
"8887000","LICENSED_LS","4755 Ogletown-Stanton Road","Newark","DE",""
"1025407","LICENSED_LS","500 STANTON CHRISTIANA RD.","Newark","DE",""
"1029225","LICENSED_LS","1312 John Deere Expy","Silvas","IL",""
"14276","LICENSED_LS","975 Emmet St","Charlottesville","VA","Harris Teeter"
"1022699","LICENSED_LS","180 McCormick Road","Charlottesville","VA",""
"9632","LICENSED_LS","312 Connor Dr","Charlottesville","VA","Target"
"6447","LICENSED_LS","811 Town Center Dr","Waynesboro","VA","Target"
"1023375","LICENSED_LS","3401 Mall View Rd","Bakersfield","CA","Target"
"1006857","LICENSED_LS","1422 Flammang Dr","Waterloo","IA","Hy-Vee"
"9987","LICENSED_LS","214 Viking Plaza Drive","Cedar Falls","IA","Target"
"13412","LICENSED_LS","1501 E San Marnan Dr","Waterloo","IA","Target"
"1012332","LICENSED_LS","6301 University Ave","Cedar Falls","IA","Hy-Vee"
"8530900","LICENSED_LS","1504 305th St.","Tama","IA",""
"1015494","LICENSED_LS","3060 N. National Rd","Columbus","IN","Kroger"
"18010","LICENSED_LS","2295 TownLake Parkway","Woodstock","GA","Kroger"
"1039868","LICENSED_LS","8212 Main Street","Woodstock","GA",""
"13211","LICENSED_LS","140 Woodstock Square Ave","Woodstock","GA","Target"
"1016230","LICENSED_LS","125 Main St Market Place","Cartersville","GA","Kroger"
"1017744","LICENSED_LS","100 Cherokee Pl","Cartersville","GA","Target"
"1007122","LICENSED_LS","879 Joe Frank Harris Pkwy SE","Cartersville","GA","Ingles"
"1014191","LICENSED_LS","402 Bartow Ave NW","Kennesaw","GA",""
"10014","LICENSED_LS","3352 Cobb Pkwy","Acworth","GA","Target"
"10860","LICENSED_LS","2022 Cumming Way","Canton","GA","Target"
"89782","LICENSED_LS","825 West Avenue","Cartersville","GA","Ingles"
"9920","LICENSED_LS","740 Earnest Barrett Parkway NW","Kennesaw","GA","Target"
"65468","LICENSED_LS","6766 Hickory Flat Hwy","Canton","GA","Kroger"
"1040299","LICENSED_LS","1912 Joe Frank Harris Pkwy","Cartersville","GA","Food City"
"11996","LICENSED_LS","1135 Woodstock Rd","Roswell","GA","Target"
"1005240","LICENSED_LS","2535 Dallas Hwy SW","Marietta","GA","Target"
"1018675","LICENSED_LS","8020 Cumming Hwy.","Canton","GA","Kroger"
"9455","LICENSED_LS","2100 Roswell Rd.","Marietta","GA","Kroger"
"6506","LICENSED_LS","1401 Johnson Ferry Rd","Marietta","GA","Target"
"1029821","LICENSED_LS","12655 Birmingham Hwy","Alpharetta","GA",""
"11407","LICENSED_LS","751 Campus Drive","Tuscaloosa","AL",""
"1015444","LICENSED_LS","807 Paul W Bryant Dr","Tuscaloosa","AL",""
"1044881","LICENSED_LS","325 University Blvd E","Tuscaloosa","AL",""
"15754","LICENSED_LS","1901 13th Ave E","Tuscaloosa","AL","Target"
"1009757","LICENSED_LS","825 N Main St","Canton","IL","Hy-Vee"
"114062","LICENSED_LS","480 W Washington Street","East Peoria","IL","Target"
"13397","LICENSED_LS","2610 S. Douglas Hwy.","Gillette","WY","Albertsons"
"1013382","LICENSED_LS","819 Grand Ave","Spencer","IA","Hy-Vee"
"8427","LICENSED_LS","125 Perimeter Ctr Pl W","Atlanta","GA","Target"
"1039851","LICENSED_LS","1310 Powers Ferry Road","Marietta","GA","Kroger"
"9115400","LICENSED_LS","4300 Ashford Dunwoody Rd NE","Dunwoody","GA",""
"10685","LICENSED_LS","5570 Roswell Rd","Sandy Springs","GA","Target"
"14360","LICENSED_LS","6000 N Point Pkwy","Alpharetta","GA","Target"
"8337","LICENSED_LS","2201 Cobb Pkwy SE","Smyrna","GA","Target"
"1029346","LICENSED_LS","200 Galleria Parkway SE","Atlanta","GA",""
"1031998","LICENSED_LS","1152 Cumberland Mall","Atlanta","GA",""
"1020902","LICENSED_LS","9000 Avalon Blvd","Alpharetta","GA",""
"1015949","LICENSED_LS","455 Nathan Dean Blvd","Dallas","GA","Kroger"
"11777","LICENSED_LS","5220 Jimmy Lee Smith Pkwy","Hiram","GA","Target"
"8598300","LICENSED_LS","1817 Dallas-Nebo Rd","Douglasville","GA","Ingles"
"1031894","LICENSED_LS","4815 Ridge Road","Douglasville","GA","Kroger"
"8843900","LICENSED_LS","5141 Austell Road, 200","Austell","GA",""
"69954","LICENSED_LS","3240 S Cobb Dr SE","Smyrna","GA","Kroger"
"1028095","LICENSED_LS","488 Carrolton St.","Temple","GA","Ingles"
"1005851","LICENSED_LS","3875 Chapel Hill Road","Douglasville","GA","Kroger"
"1024925","LICENSED_LS","1449 W. Church St.","Jasper","GA","Ingles"
"8619","LICENSED_LS","115 Bill Wiginton Pkwy","Jasper","GA","Kroger"
"7260","LICENSED_LS","2325 Bethelview Rd","Cumming","GA","Kroger"
"8426","LICENSED_LS","5665 St Hwy 9","Alpharetta","GA","Kroger"
"1022413","LICENSED_LS","5550 Bethelview Road","Cumming","GA","Kroger"
"7715","LICENSED_LS","13055 Hwy 9","Milton","GA","Target"
"1021653","LICENSED_LS","2655 Freedom Pkwy","Cumming","GA","Kroger"
"16159","LICENSED_LS","1525 Marketplace Blvd","Cumming","GA","Target"
"1016547","LICENSED_LS","378 Marketplace Parkway","Dawsonville","GA","Kroger"
"1013819","LICENSED_LS","100 Old Orchard Sq","East Ellijay","GA","Ingles"
"8428","LICENSED_LS","2625 Peachtree Pkwy","Suwanee","GA","Target"
"1026897","LICENSED_LS","225 Lovers Lane Rd","Calhoun","GA","Food City"
"10587","LICENSED_LS","1476 Turner McCall Blvd NE","Rome","GA","Kroger"
"1054541","LICENSED_LS","1170 Temple Dr, 300B","Sugar Hill","GA",""
"6547","LICENSED_LS","5865 Spout Springs Rd","Flowery Branch","GA","Target"
"19326","LICENSED_LS","6001 Cumming Hwy","Sugar Hill","GA","Kroger"
"8808600","LICENSED_LS","4207 Martin Rd.","Flowery Branch","GA",""
"1033267","LICENSED_LS","3205 Woodward Crossing Blvd","Buford","GA","Target"
"1023421","LICENSED_LS","3333 Buford Drive","Buford","GA",""
"9092100","LICENSED_LS","4085 Mundy Mill Rd","Oakwood","GA","Kroger"
"1052062","LICENSED_LS","4260 Winder Hwy","Flowery Branch","GA","Ingles"
"10812","LICENSED_LS","4025 Winder Hwy","Flowery Branch","GA","Kroger"
"1021088","LICENSED_LS","7380 Spout Springs Rd","Flowery Branch","GA","Kroger"
"6706","LICENSED_LS","400 Peachtree Industrial Blvd NW","Suwanee","GA","Kroger"
"8613","LICENSED_LS","2700 Braselton Highway","Dacula","GA","Kroger"
"1017755","LICENSED_LS","514 Shallowford Rd NW","Gainesville","GA","Target"
"9917","LICENSED_LS","1475 Buford Highway","Lawrenceville","GA","Kroger"
"1014690","LICENSED_LS","2121 Lawrenceville Suwanee Rd","Suwanee","GA","Kroger"
"7261","LICENSED_LS","6555 Sugarloaf Parkway","Duluth","GA","Kroger"
"1009839","LICENSED_LS","1000 University Center Ln","Lawrenceville","GA",""
"1045369","LICENSED_LS","6450 Sugarloaf Parkway","Duluth","GA",""
"1017754","LICENSED_LS","875 Lawrenceville Suwanee Rd","Lawrenceville","GA","Target"
"9539","LICENSED_LS","1475 University Dr","Burlington","NC","Target"
"8297","MALL","451 Huffman Mill Road, Colonial Mall","Burlington","NC","Huffman Mill Rd, Ext 141"
"7811","LICENSED_LS","2727 S Church St","Burlington","NC","Harris Teeter"
"1012980","LICENSED_LS","5710 W Gate City Blvd","Greensboro","NC","Harris Teeter"
"6667","LICENSED_LS","5635 Riverdale Dr","Jamestown","NC",""
"17184","LICENSED_LS","833 Montlieu Avenue","High Point","NC",""
"1012545","LICENSED_LS","823 5th Street","High Point","NC",""
"1018005","LICENSED_LS","1050 Mall Loop","High Point","NC","Target"
"7176","LICENSED_LS","265 Eastchester Dr","High Point","NC","Harris Teeter"
"1028665","LICENSED_LS","3541 Chamblee Tucker Road","Tucker","GA","Kroger"
"1023070","LICENSED_LS","3535 Peachtree Rd NE","Atlanta","GA","Target"
"86969","LICENSED_LS","4241 Lavista Rd","Tucker","GA","Target"
"9830","LICENSED_LS","3393 Peachtree Rd NE","Atlanta","GA",""
"1022557","LICENSED_LS","3550 Lenox Rd","Atlanta","GA",""
"8758100","LICENSED_LS","3393 Peachtree Road NE, KI15","Atlanta","GA",""
"116426","LICENSED_LS","2400 N Druid Hills Rd NE","Atlanta","GA","Target"
"68690","LICENSED_LS","3200 Holcolmb Bridge Rd","Peachtree Corners","GA","Target"
"10127","LICENSED_LS","2581 Piedmont Rd NE","Atlanta","GA","Target"
"7881","LICENSED_LS","2875 North Decatur Blvd","Decatur","GA","Kroger"
"19032","LICENSED_LS","1380 Oxford Rd","Atlanta","GA",""
"1016394","LICENSED_LS","2455 Paces Ferry Road SE, n/a","Atlanta","GA",""
"7832","LICENSED_LS","10945 State Bridge Rd","Alpharetta","GA","Kroger"
"18028","LICENSED_LS","5950 State Bridge Rd","Duluth","GA","Target"
"7069","LICENSED_LS","246 Westminster Dr","Carlisle","PA","Target"
"1016977","LICENSED_LS","255 S Spring Garden St","Carlisle","PA","Giant"
"1006822","LICENSED_LS","6560 Carlisle Pike","Mechanicsburg","PA","Giant"
"7516","LICENSED_LS","6440 Carlisle Pike","Mechanicsburg","PA","Target"
"1016953","LICENSED_LS","255 Cumberland Pkwy.","Mechanicsburg","PA","Giant"
"1029297","LICENSED_LS","830 N. US Hwy 15","Dillsburg","PA","Giant"
"1007373","LICENSED_LS","4510 Marketplace Way","Enola","PA","Giant"
"88380","LICENSED_LS","Pennsylvania Turnpike MP 219.12","Plainfield","PA",""
"1013660","LICENSED_LS","3301 Trindle Rd","Camp Hill","PA","Giant"
"1005908","LICENSED_LS","2300 Linglestown Rd","Harrisburg","PA","Giant"
"10162","LICENSED_LS","4600 High Pointe Blvd","Harrisburg","PA","Target"
"1016354","LICENSED_LS","5005 JONESTOWN RD.","Harrisburg","PA","Giant"
"1019928","LICENSED_LS","5125 Jonestown Rd Ste 331","Harrisburg","PA","Target"
"8445","LICENSED_LS","One Terminal Drive","Middletown","PA",""
"18188","LICENSED_LS","Milepost 247.4 E Pennsylvania Tpke","Middletown","PA",""
"8318","LICENSED_LS","500 University Drive","Hershey","PA",""
"17439","LICENSED_LS","1871 Old Main Drive, Ezra Lehman Memoria","Shippensburg","PA",""
"1027956","LICENSED_LS","100 W Hersheypark Drive","Hershey","PA",""
"1017059","LICENSED_LS","1250 COCOA AVE.","Hershey","PA","Giant"
"9150","LICENSED_LS","2251 York Crossing Dr","York","PA","Target"
"17683","LICENSED_LS","337 East Ridgeville Blvd","Mt. Airy","MD","Safeway"
"7548","LICENSED_LS","9807 Main St","Damascus","MD","Safeway"
"8805900","LICENSED_LS","10122 Old National Pike","Ijamsville","MD",""
"1006326","LICENSED_LS","22700 Sweet Shrub Dr","Clarksburg","MD","Harris Teeter"
"17321","LICENSED_LS","35305 Sugarloaf Pkwy","Frederick","MD","Giant"
"11361","LICENSED_LS","20211 Goshen Rd","Gaithersburg","MD","Safeway"
"12505","LICENSED_LS","20900 Frederick Rd","Germantown","MD","Target"
"1019295","LICENSED_LS","5437 Urbana Pike2170","Frederick","MD","Target"
"20167","LICENSED_LS","18169 Town Center Dr","Olney","MD","Harris Teeter"
"1024863","LICENSED_LS","18140 Village Mart Dr.","Olney","MD","Giant"
"86900","LICENSED_LS","3333 Spartan Rd","Olney","MD","Safeway"
"14610","LICENSED_LS","3093 Steve Reynolds Blvd","Duluth","GA","Kroger"
"1007039","LICENSED_LS","1931 Jesse Jewel Parkway","Gainesville","GA","Kroger"
"7589","LICENSED_LS","3630 Thompson Bridge Rd.","Gainesville","GA","Kroger"
"65676","LICENSED_LS","110 S Chestatee St","Dahlonega","GA",""
"19302","LICENSED_LS","55 Helen Hwy","Cleveland","GA","Ingles"
"19304","LICENSED_LS","199 E Louise St","Clarkesville","GA","Ingles"
"18789","LICENSED_LS","7742 Colorado Ave, Bldg 850","Fort Polk","LA",""
"10495","LICENSED_LS","2970 Main St","Susanville","CA","Safeway"
"1054953","LICENSED_LS","1210 Albertson Parkway","Broussard","LA","Albertsons"
"9221","LICENSED_LS","4313 Ambassador Caffery Pkwy","Lafayette","LA","Target"
"17433","LICENSED_LS","14104 Darnestown Rd","Darnestown","MD","Harris Teeter"
"20203","LICENSED_LS","25 Grand Corner Ave","Gaithersburg","MD","Target"
"13069","LICENSED_LS","403 Redland Rd.","Rockville","MD","Safeway"
"9900","LICENSED_LS","19350 Winmeade Dr","Leesburg","VA","Harris Teeter"
"12769","LICENSED_LS","1200 Edwards Ferry Rd","Leesburg","VA","Target"
"1021915","LICENSED_LS","20070 Ashbrook Commons","Ashburn","VA","Harris Teeter"
"15153","LICENSED_LS","46201 Potomac Run Plaza","Sterling","VA","Target"
"1015132","LICENSED_LS","21399 Epicerie Plaza","Sterling","VA","Harris Teeter"
"7524","LICENSED_LS","45130 Columbia Pl","Sterling","VA","Target"
"13070","LICENSED_LS","22350 Sterling Rd","Sterling","VA","Safeway"
"13308","LICENSED_LS","5510 Norbeck Rd","Rockville","MD","Safeway"
"63179","LICENSED_LS","31 Wilson Ave","Hanover","PA","Target"
"6380","LICENSED_LS","815 E Main St","Middletown","MD","Safeway"
"1022551","LICENSED_LS","One Lincoln Square","Gettysburg","PA",""
"18486","LICENSED_LS","5630 N. Desert Blvd","El Paso","TX","Albertsons"
"1020709","LICENSED_LS","7022 N Mesa","El Paso","TX","Albertsons"
"1022309","LICENSED_LS","801 Sunland Park Dr","El Paso","TX","Target"
"1020842","LICENSED_LS","3100 Mesa Street","El Paso","TX","Albertsons"
"69873","LICENSED_LS","1825 Hawthrone St","El Paso","TX",""
"116343","LICENSED_LS","123 W Mills Ave Ste 120","El Paso","TX",""
"1020356","LICENSED_LS","10765 Kenworthy","El Paso","TX","Albertsons"
"8063","LICENSED_LS","1227 Rockbridge Rd SW","Stone Mountain","GA","Kroger"
"1019894","LICENSED_LS","5700 Bou Ave","Rockville","MD","Target"
"1005506","MALL","7101 Democracy Blvd, Montgomery Mall","Bethesda","MD","Westfield Montgomery Mall-Uppe"
"8716300","LICENSED_LS","6905 Rockledge Dr","Bethesda","MD",""
"6587","LICENSED_LS","10541 Connecticut Ave","Kensington","MD","Safeway"
"1006168","LICENSED_LS","11160 Veirs Mill Road","Wheaton","MD","Target"
"1015513","LICENSED_LS","Wisconsin Ave. & Woodmont St.","Bethesda","MD","Harris Teeter"
"8813400","LICENSED_LS","22114 Gramercy Park Dr.","Ashburn","VA",""
"1018704","LICENSED_LS","43300 SOUTHERN WALK PLAZA","Ashburn","VA","Harris Teeter"
"92865","LICENSED_LS","41415 Ryan Rd","Ashburn","VA","Harris Teeter"
"14449","LICENSED_LS","413 Elden Street","Herndon","VA","Safeway"
"1053423","LICENSED_LS","11806 Spectrum Center","Reston","VA","Harris Teeter"
"8035","LICENSED_LS","12197 Sunset Hills Rd","Reston","VA","Target"
"8589400","LICENSED_LS","8777 Georgia Ave.","Silver Spring","MD",""
"1027703","LICENSED_LS","909 Thayer Avenue","Silver Spring","MD","Safeway"
"7667","LICENSED_LS","1280 E West Hwy","Silver Spring","MD","Giant"
"1026670","LICENSED_LS","725 Ponce de Leon Ave NE","Atlanta","GA","Kroger"
"12384","LICENSED_LS","1275 Caroline St","Atlanta","GA","Target"
"1012164","LICENSED_LS","1225 Caroline St NE","Atlanta","GA","Kroger"
"6504","LICENSED_LS","375 18th St","Atlanta","GA","Target"
"1017505","LICENSED_LS","1050 Techwood Drive","Atlanta","GA",""
"12939","LICENSED_LS","48 Fifth St NW","Atlanta","GA",""
"10138","LICENSED_LS","585 Alfred Rd","Biddeford","ME","Target"
"1006853","LICENSED_LS","505 W. Victory Way","Craig","CO",""
"1031192","LICENSED_LS","7285 HWY 2 E","Columbia Falls","MT",""
"1030693","LICENSED_LS","1031 Steamboat Pkwy","Reno","NV","Safeway"
"1009529","LICENSED_LS","6845 Sierra Center Pkwy","Reno","NV","Target"
"10934","LICENSED_LS","3125 Stockton Hill Rd","Kingman","AZ","Safeway"
"1032266","LICENSED_LS","3360 E Andy Devine Ave","Kingman","AZ",""
"1005906","LICENSED_LS","3970 Stockton Hill Rd","Kingman","AZ","Safeway"
"18806","LICENSED_LS","702 N 5th Ave","Sandpoint","ID","Safeway"
"6498","LICENSED_LS","1040 Dale Mabry Hwy","Lutz","FL","Target"
"1013538","MALL","2300 Grand Cypress Dr, Tampa Premium Outlets, Ste 101","Lutz","FL","Tampa Premium Outlets"
"13220","LICENSED_LS","1201 County Road 581","Wesley Chapel","FL","Target"
"1006264","LICENSED_LS","15240 N. Dale Mabry Hwy","Tampa","FL","Target"
"8871200","LICENSED_LS","Wesley Grove Blvd","Wesley Chapel","FL","Target"
"8474","LICENSED_LS","110 W Meadow","Glenwood Springs","CO","Target"
"92872","LICENSED_LS","1410 S Grand Ave","Glenwood Springs","CO",""
"1029472","LICENSED_LS","180 S Frontage Rd W","Vail","CO",""
"1025768","LICENSED_LS","715 Blue River Pkwy","Silverthorne","CO","Target"
"6856","LICENSED_LS","300 US Hwy 6","Dillon","CO",""
"1007140","LICENSED_LS","2109 N Frontage Rd W","Vail","CO",""
"13104","LICENSED_LS","2131 N Frontage Rd W","Vail","CO","Safeway"
"13090","LICENSED_LS","1008 N Summit Blvd","Frisco","CO","Safeway"
"7595","LICENSED_LS","146 S Shore Rte","Polson","MT","Safeway"
"1022204","LICENSED_LS","3570 Harden Blvd","Lakeland","FL","Target"
"15091","LICENSED_LS","4005 Hwy 98 N","Lakeland","FL","Target"
"9043","LICENSED_LS","2900 Little Rd","Trinity","FL","Target"
"7870","LICENSED_LS","885 Union Road","Englewood","OH","Kroger"
"1026677","LICENSED_LS","780 Northwoods BLVD","Vandalia","OH",""
"6669","LICENSED_LS","7747 Old Troy Pike","Huber Heights","OH","Kroger"
"1039608","LICENSED_LS","5700 EXECUTIVE BLVD","HUBER HEIGHTS","OH","Target"
"1014551","LICENSED_LS","731 W Market St","Troy","OH","Kroger"
"1024102","LICENSED_LS","1510 COVINGTON AVE","Piqua","OH","Kroger"
"1038328","LICENSED_LS","2221 Jacksboro Pike, Ste B1","La Follette","TN","Food City"
"1044111","LICENSED_LS","507 South Charles G. Seviers Blvd","Clinton","TN","Food City"
"9107700","LICENSED_LS","1479 Patriot Parkway","Elizabethtown","KY","Kroger"
"1017756","LICENSED_LS","1631 Ring Rd","Elizabethtown","KY","Target"
"1011900","LICENSED_LS","3040 Dolphin Dr","Elizabethtown","KY","Kroger"
"1027532","LICENSED_LS","127 Gold Vault Rd.","Fort Knox","KY",""
"1043472","LICENSED_LS","1000 Green Acres Road W","Valley Stream","NY",""
"92868","LICENSED_LS","500 W. Sunrise Hwy","Valley Stream","NY","Target"
"1030180","LICENSED_LS","345 Rockaway Turnpike","Lawrence","NY","Target"
"18013","LICENSED_LS","420 Hempstead Turnpike","West Hempstead","NY",""
"8944300","LICENSED_LS","Terminal 5 - Space 8CC","Jamaica","NY",""
"1016108","LICENSED_LS","248 SUNRISE HWY","Freeport","NY","Target"
"1016109","LICENSED_LS","1730 HEMPSTEAD TPK","Elmont","NY","Target"
"8515100","LICENSED_LS","John F Kennedy Airport Terminal 4","Jamaica","NY",""
"1055735","LICENSED_LS","John F Kennedy Airport Terminal 4","Jamaica","NY",""
"8885600","LICENSED_LS","John F Kennedy Airport Terminal 4","Queens","NY",""
"1011319","LICENSED_LS","HMS Host - Terminal one JFK Airport Buil","Jamaica","NY",""
"8580500","LICENSED_LS","John F. Kennedy International Airport, Terminal 8","Queens","NY",""
"8577100","LICENSED_LS","John F. Kennedy International Airport, Terminal 8","Queens","NY",""
"1029920","LICENSED_LS","1 south ave","Garden City","NY",""
"1025995","LICENSED_LS","1000 Fulton Avenue","Hempstead","NY",""
"18229","SAME_AS_METRO_RECORD","251-05 Jamaica Avenue","Bellerose","NY","node__6639326250 (20 m)"
"1039194","SAME_AS_METRO_RECORD","72-10 Beach Channel Dr","Far Rockaway","NY","way__1246062757 (8 m)"
"13478","SAME_AS_METRO_RECORD","1228 Hempstead Tpke","Uniondale","NY","way__588503742 (10 m)"
"10019","LICENSED_LS","653 Hillside Ave","New Hyde Park","NY",""
"1026622","LICENSED_LS","630 Old Country Road","Garden City","NY",""
"1023560","LICENSED_LS","1 Education Drive","Garden City","NY",""
"1045141","LICENSED_LS","1400 Union Turnpike","New Hyde Park","NY","Target"
"8189","LICENSED_LS","999 Corporate Dr","Westbury","NY","Target"
"1014349","SAME_AS_METRO_RECORD","8900 Sutphin Blvd","Jamaica","NY","node__5470130892 (12 m)"
"1054871","LICENSED_LS","110-00 Rockaway Blvd","Queens","NY",""
"13525","SAME_AS_METRO_RECORD","157-41 Cross Bay Blvd.","Howard Beach","NY","way__284919174 (6 m)"
"10917","LICENSED_LS","8000 Utopia Pkwy","Jamaica","NY",""
"1006790","SAME_AS_METRO_RECORD","132-40 Metropolitan Ave","Richmond Hill","NY","node__9481392668 (11 m)"
"6893","LICENSED_LS","401 North Fairview Street","Lock Haven","PA",""
"8586","LICENSED_LS","Old Main Drive, SUNY Fredonia - University Commons","Fredonia","NY",""
"1005431","LICENSED_LS","15007 John J. Delaney Dr.","Charlotte","NC","Harris Teeter"
"1018319","LICENSED_LS","7852 REA RD","Charlotte","NC","Harris Teeter"
"9412","LICENSED_LS","7860 Rea Rd","Charlotte","NC","Target"
"10780","LICENSED_LS","16625 Lancaster Hwy","Charlotte","NC","Harris Teeter"
"1011618","LICENSED_LS","500 Mercantile Pl","Fort Mill","SC","Harris Teeter"
"7059","LICENSED_LS","9870 Rea Rd","Charlotte","NC","Target"
"1022259","LICENSED_LS","7823 COLONY RD","Charlotte","NC","Harris Teeter"
"1014545","LICENSED_LS","14523 CAROWINDS BLVD","Charlotte","NC",""
"7503","LICENSED_LS","3333 Pineville Matthews Rd","Charlotte","NC","Harris Teeter"
"14533","LICENSED_LS","10616 Providence Road","Charlotte","NC","Harris Teeter"
"1023055","LICENSED_LS","11135 Golf Links Dr.","Charlotte","NC","Harris Teeter"
"87275","LICENSED_LS","1750 Hwy 160 W","Fort Mill","SC","Harris Teeter"
"90041","LICENSED_LS","867 Stockbridge Dr.","Fort Mill","SC","Harris Teeter"
"7837","LICENSED_LS","13639 Providence Rd","Weddington","NC","Harris Teeter"
"87557","LICENSED_LS","13000 S Tryon St","Charlotte","NC","Harris Teeter"
"8895200","LICENSED_LS","5345 Crossridge Blvd","Indian Land","SC","Target"
"10979","LICENSED_LS","6271 Carolina Commons Dr","Fort Mill","SC","Harris Teeter"
"16117","LICENSED_LS","2301 Ashland St","Ashland","OR","Albertsons"
"1019233","LICENSED_LS","1301 CENTER DRIVE","Medford","OR","Fred Meyer"
"10347","LICENSED_LS","1003 Medford Ctr","Medford","OR","Safeway"
"1006875","LICENSED_LS","150 N Bartlett St, Ste 108","Medford","OR",""
"8565","LICENSED_LS","2424 Crater Lake Highway","Medford","OR","Fred Meyer"
"1011547","LICENSED_LS","2000 Crater Lake Hwy","Medford","OR","Target"
"1038621","LICENSED_LS","1360 Plaza Blvd","Central Point","OR","Albertsons"
"17542","LICENSED_LS","351 Merrick Rd","Amityville","NY",""
"1006265","LICENSED_LS","1149 Sunrise Hwy","Copiague","NY","Target"
"17099","LICENSED_LS","88 Golding Avenue","West Babylon","NY",""
"63083","LICENSED_LS","3850 Hempstead Tpke","Levittown","NY","Target"
"1014258","LICENSED_LS","121 Secatogue Ave","Farmingdale","NY",""
"1052108","LICENSED_LS","2201 Hempstead Turnpike","East Meadow","NY",""
"65797","LICENSED_LS","838 Sunrise Hwy","Bay Shore","NY","Target"
"9147","LICENSED_LS","2121 Broadhollow Rd","Farmingdale","NY","Target"
"9148","SAME_AS_METRO_RECORD","607 Brighton Beach Ave","Brooklyn","NY","node__9601671752 (7 m)"
"1025856","SAME_AS_METRO_RECORD","825 Surf Avenue, #4","Brooklyn","NY","node__8497761668 (3 m)"
"1023708","SAME_AS_METRO_RECORD","1600 Sheepshead Bay Rd","Brooklyn","NY","node__12843123087 (4 m)"
"7189","SAME_AS_METRO_RECORD","3035 Cropsey Ave","Brooklyn","NY","way__248495831 (1 m)"
"1028125","SAME_AS_METRO_RECORD","3442 Nostrand Ave","Brooklyn","NY","way__249733795 (8 m)"
"1030176","LICENSED_LS","8973-95 Bay Parkway","Brooklyn","NY","Target"
"1044520","LICENSED_LS","5100 Kings Plaza","Brooklyn","NY","Target"
"1007631","SAME_AS_METRO_RECORD","8973 Bay Pkwy","Brooklyn","NY","node__4518440389 (4 m)"
"69677","LICENSED_LS","5400 Avenue U","Brooklyn","NY",""
"1043768","SAME_AS_METRO_RECORD","481 Kings Hwy","Brooklyn","NY","node__5373644722 (1 m)"
"1005808","SAME_AS_METRO_RECORD","1417 Kings Hwy","Brooklyn","NY","node__4995738112 (1 m)"
"1023522","LICENSED_LS","1715 East 13th St","New York","NY","Target"
"7491","SAME_AS_METRO_RECORD","1971 86th St","Brooklyn","NY","node__9845278413 (4 m)"
"1018277","LICENSED_LS","2105 Route 35","Middletown","NJ","Target"
"1023273","SAME_AS_METRO_RECORD","2177 Ralph Ave, Georgetowne Shopping Center","Brooklyn","NY","node__8098670922 (16 m)"
"13895","SAME_AS_METRO_RECORD","6423 18th Ave","Brooklyn","NY","node__9393419568 (2 m)"
"6551","LICENSED_LS","2201 Nostrand Ave","Brooklyn","NY","Target"
"1044509","LICENSED_LS","70 NJ-36","Eatontown","NJ","Target"
"1030440","LICENSED_LS","5200 Kings Highway, A","Brooklyn","NY","Target"
"17544","LICENSED_LS","2754 Hylan Blvd","Staten Island","NY",""
"17881","SAME_AS_METRO_RECORD","514 86th St","Brooklyn","NY","way__248507459 (23 m)"
"1044510","SAME_AS_METRO_RECORD","2800 Hylan Blvd","Staten Island","NY","node__4413028226 (15 m)"
"14742","SAME_AS_METRO_RECORD","2530 Hylan Blvd","Staten Island","NY","node__12026550387 (11 m)"
"18465","SAME_AS_METRO_RECORD","9202 3rd Ave, N/A","Brooklyn","NY","node__7072426842 (3 m)"
"1016741","LICENSED_LS","619 Newman Springs Road","Lincroft","NJ",""
"1031734","SAME_AS_METRO_RECORD","1717 Richmond Rd","Staten Island","NY","node__12964696401 (2 m)"
"13849","SAME_AS_METRO_RECORD","7419 3rd Ave","Brooklyn","NY","node__7075631332 (3 m)"
"65799","LICENSED_LS","519 Gateway Dr","Brooklyn","NY","Target"
"1006090","LICENSED_LS","124 E Jericho Turnpike","Huntington Station","NY","Target"
"12327","LICENSED_LS","358 Broadway Mall","Hicksville","NY","Target"
"1030173","LICENSED_LS","529 The Arches Circle","Deer Park","NY",""
"52113","LICENSED_LS","98 Veterans Memorial Hwy","Commack","NY","Target"
"10906","LICENSED_LS","700 Exterior St","Bronx","NY","Target"
"12294","SAME_AS_METRO_RECORD","83 W 125th St, 85 West 125th Street","New York","NY","node__2562438646 (3 m)"
"10763","SAME_AS_METRO_RECORD","2195 Frederick Douglas Boulevard","New York","NY","node__1666603088 (4 m)"
"1029044","SAME_AS_METRO_RECORD","22-28 31st St","Astoria","NY","way__281356720 (11 m)"
"1015404","SAME_AS_METRO_RECORD","3165 Broadway, 3167","New York","NY","node__2768451031 (8 m)"
"18042","SAME_AS_METRO_RECORD","4001 Broadway","New York","NY","node__2603955361 (11 m)"
"1023427","LICENSED_LS","177 Fort Washington Ave","New York","NY",""
"1015899","SAME_AS_METRO_RECORD","245 E 93rd St","New York","NY","node__5599264049 (9 m)"
"12003","SAME_AS_METRO_RECORD","1378 Madison Ave","New York","NY","node__6270649485 (7 m)"
"11157","SAME_AS_METRO_RECORD","2929 Broadway","New York","NY","node__5925003683 (2 m)"
"8923","SAME_AS_METRO_RECORD","400 E 90th St","New York","NY","node__2629371850 (5 m)"
"89150","SAME_AS_METRO_RECORD","805 Columbus Ave","New York","NY","node__1810737611 (2 m)"
"16503","SAME_AS_METRO_RECORD","29 Hugh J. Grant Circle, Space A-2","Bronx","NY","node__12464782371 (5 m)"
"1006781","SAME_AS_METRO_RECORD","1542 Third Avenue","New York","NY","node__2620513907 (6 m)"
"12482","SAME_AS_METRO_RECORD","1631 1st Ave","New York","NY","node__2357937257 (3 m)"
"15692","SAME_AS_METRO_RECORD","803 W 181st St","New York","NY","node__5414456109 (10 m)"
"10249","SAME_AS_METRO_RECORD","1261 Lexington Ave","New York","NY","node__5090743953 (5 m)"
"1040132","LICENSED_LS","LaGuardia Airport Terminal B","Flushing","NY",""
"1015661","SAME_AS_METRO_RECORD","1142 Madison Ave","New York","NY","node__2689474985 (1 m)"
"1038266","LICENSED_LS","94-00 Ditmars Blvd","Queens","NY",""
"13917","SAME_AS_METRO_RECORD","1515 York Ave","New York","NY","node__3143926573 (11 m)"
"13552","SAME_AS_METRO_RECORD","2525 Broadway, The Lyric Building","New York","NY","node__746176794 (3 m)"
"20069","SAME_AS_METRO_RECORD","31-01 Broadway","Astoria","NY","node__8942090280 (14 m)"
"1052803","LICENSED_LS","Central Terminal Dr.","Elmhurst","NY",""
"15082","SAME_AS_METRO_RECORD","540 Columbus Ave","New York","NY","node__2758287019 (7 m)"
"8795","SAME_AS_METRO_RECORD","1445 First Avenue","New York","NY","node__2723782910 (12 m)"
"1023211","SAME_AS_METRO_RECORD","1095 Lexington Ave","New York","NY","node__6403172421 (7 m)"
"15674","SAME_AS_METRO_RECORD","1449 2nd Ave","New York","NY","node__3792073193 (5 m)"
"1033165","LICENSED_LS","Central Terminal Dr.","Elmhurst","NY",""
"1005922","LICENSED_LS","543 River Rd","Edgewater","NJ","Target"
"6590","SAME_AS_METRO_RECORD","2370 Broadway, Unit 2","New York","NY","node__13874623731 (5 m)"
"1033151","LICENSED_LS","Central Terminal Dr.","Elmhurst","NY",""
"1019497","LICENSED_LS","441 E Fordham Rd","Bronx","NY",""
"1043610","SAME_AS_METRO_RECORD","1328 York Ave","New York","NY","node__12095137003 (7 m)"
"1040770","LICENSED_LS","Central Terminal Dr","Elmhurst","NY",""
"1033153","LICENSED_LS","Central Terminal Dr.","Elmhurst","NY",""
"1033152","LICENSED_LS","Central Terminal Dr.","Elmhurst","NY",""
"1006441","SAME_AS_METRO_RECORD","4761 Broadway","New York","NY","node__5711735763 (7 m)"
"65754","SAME_AS_METRO_RECORD","1281 First Avenue","New York","NY","node__2723749985 (5 m)"
"1007525","LICENSED_LS","815 Hutchinson River Pkwy","Bronx","NY","Target"
"1015873","SAME_AS_METRO_RECORD","845 Hutchinson River Pkwy, 815 E","Bronx","NY","node__6424150278 (3 m)"
"14058","SAME_AS_METRO_RECORD","51-06 Northern Blvd","Woodside","NY","node__5711111191 (12 m)"
"13698","LICENSED_LS","435 W Foothill Blvd","Glendora","CA","Vons"
"15748","LICENSED_LS","133 West Route 66","Glendora","CA","Albertsons"
"10597","LICENSED_LS","1600 FOOTHILL BL.","La Verne","CA","Vons"
"13293","LICENSED_LS","SEC San Dimas & Bonita","San Dimas","CA","Albertsons"
"18161","LICENSED_LS","888 W Arrow Hwy","San Dimas","CA","Target"
"10330","LICENSED_LS","2462 Foothill Blvd","La Verne","CA","Target"
"19213","LICENSED_LS","809 N Azusa Ave","Azusa","CA","Target"
"15006","LICENSED_LS","550 E Baseline Rd","Claremont","CA","Vons"
"1031275","LICENSED_LS","3801 W. TEMPLE AVENUE","POMONA","CA",""
"7803","LICENSED_LS","2831 Eastland Ctr Dr","West Covina","CA","Target"
"1020190","LICENSED_LS","9052 CENTRAL AVENUE","Montclair","CA","Target"
"1052153","LICENSED_LS","5060 N Montclair Plaza Ln","Montclair","CA",""
"16146","LICENSED_LS","1931 N Campus Ave","Upland","CA","Target"
"1007472","LICENSED_LS","1500 East Duarte Rd","Duarte","CA",""
"17596","LICENSED_LS","81 West Foothill Blvd","Upland","CA","Vons"
"1054609","LICENSED_LS","2721 Sam Rayburn Hwy","Melissa","TX","Kroger"
"16954","LICENSED_LS","1210 N. Greenville Ave","Allen","TX","Kroger"
"14692","LICENSED_LS","1212 E Bethany Dr","Allen","TX","Kroger"
"91360","LICENSED_LS","8157 Kesington Drive","Waxhaw","NC","Harris Teeter"
"7739","LICENSED_LS","6350 Weddington Monroe Rd","Wesley Chapel","NC","Target"
"1053452","LICENSED_LS","5920 Weddington Monroe Rd.","Wesley Chapel","NC","Harris Teeter"
"8489","LICENSED_LS","2901 W Hwy 74","Monroe","NC","Target"
"1021762","LICENSED_LS","6610 Old Monroe Rd.","Indian Trail","NC","Harris Teeter"
"1020038","LICENSED_LS","1351 CHESTNUT LANE","Matthews","NC","Harris Teeter"
"1006261","LICENSED_LS","1900 Springsteen Rd","Rock Hill","SC","Target"
"19101","LICENSED_LS","2020 Alumni Dr","Rock Hill","SC",""
"91148","LICENSED_LS","2750 Celanese Rd","Rock Hill","SC","Harris Teeter"
"1016107","LICENSED_LS","3350 Robinwood Dr","Gastonia","NC","Harris Teeter"
"68201","LICENSED_LS","425 Cox Rd","Gastonia","NC","Target"
"1005711","LICENSED_LS","715 W Trade St.","Dallas","NC","Ingles"
"1008829","LICENSED_LS","2331 State Route 66","Ocean","NJ","Target"
"1008886","MALL","1 Premium Outlet Blvd","Tinton Falls","NJ","Jersey Shore Premium Outlets"
"1033516","LICENSED_LS","1825 NJ-35","Wall Township","NJ","Target"
"1025226","LICENSED_LS","Garden State Parkway Monmouth TP, Mile marker 100","Wall Township","NJ",""
"1005605","LICENSED_LS","1702 Sunrise Hwy","Bay Shore","NY",""
"8396","LICENSED_LS","160 N Research Pl","Central Islip","NY","Target"
"13484","SAME_AS_METRO_RECORD","61-51 188th Street","Fresh Meadows","NY","node__2552912772 (4 m)"
"6348","SAME_AS_METRO_RECORD","118-24 Queens Blvd","Forest Hills","NY","node__11879281058 (2 m)"
"1025728","LICENSED_LS","56-45 MAIN STREET","Flushing","NY",""
"1029577","SAME_AS_METRO_RECORD","108-01 Queens Blvd","Forest Hills","NY","node__2569902274 (11 m)"
"1017494","SAME_AS_METRO_RECORD","221-04 A/B Horace Harding","Oakland Gardens","NY","node__2553306722 (6 m)"
"16733","SAME_AS_METRO_RECORD","7000 Austin St","Forest Hills","NY","node__2768914083 (7 m)"
"13509","SAME_AS_METRO_RECORD","215-29 Northern Blvd.","Bayside","NY","node__4951636221 (9 m)"
"12870","SAME_AS_METRO_RECORD","10102 Queens Blvd","Forest Hills","NY","node__2768881133 (2 m)"
"1024795","SAME_AS_METRO_RECORD","32-02 Francis Lewis Blvd","Flushing","NY","node__9664668087 (15 m)"
"17311","LICENSED_LS","8989 Union Turnpike","Forest Hills","NY",""
"19218","LICENSED_LS","40-24 College Point Blvd","Flushing","NY","Target"
"1029013","SAME_AS_METRO_RECORD","40-24 College Point Blvd, Skyview Center, K-1","Flushing","NY","node__10732832182 (23 m)"
"1009150","SAME_AS_METRO_RECORD","3805 Main St","Flushing","NY","node__5457976615 (0 m)"
"1009778","SAME_AS_METRO_RECORD","95-17 63rd Drive","Rego Park","NY","node__5248100573 (8 m)"
"8610100","LICENSED_LS","61-35 Junction Blvd","New York","NY",""
"1008876","SAME_AS_METRO_RECORD","92-77 Queens Blvd","Rego Park","NY","node__4643140509 (12 m)"
"17861","SAME_AS_METRO_RECORD","8000 Cooper Ave","Glendale","NY","node__2622901049 (3 m)"
"14153","MALL","90-15 Queens Boulevard, Queens Center Mall, K203","Elmhurst","NY","Queens Center Mall"
"1023898","SAME_AS_METRO_RECORD","23-88 Bell Boulevard","Bayside","NY","node__10943139481 (2 m)"
"19141","LICENSED_LS","8801 Queens Blvd","Elmhurst","NY","Target"
"1055724","SAME_AS_METRO_RECORD","37-64 Junction Blvd.","Corona","NY","node__13387059732 (3 m)"
"18276","SAME_AS_METRO_RECORD","254-21 Horace Harding Expressway","Little Neck","NY","node__7917516338 (8 m)"
"13536","SAME_AS_METRO_RECORD","138-11 20th Avenue, Triangle Plaza One","Whitestone","NY","way__972909104 (3 m)"
"1033799","SAME_AS_METRO_RECORD","149-51 Cross Island Parkway","Whitestone","NY","way__1375313702 (10 m)"
"8059","LICENSED_LS","13505 20th Ave","Flushing","NY","Target"
"1021819","SAME_AS_METRO_RECORD","74-25 Grand Ave.","Maspeth","NY","node__9354070817 (12 m)"
"1019501","LICENSED_LS","575 Washington Blvd, 2nd Floor","Jersey City","NJ",""
"12554","LICENSED_LS","100 14th St","Jersey City","NJ","Target"
"1025373","LICENSED_LS","388 Greenwich Street","New York","NY",""
"1024524","LICENSED_LS","240 Greenwich Street, 16th Floor","New York","NY",""
"1017449","SAME_AS_METRO_RECORD","15 Carlisle St","New York","NY","node__8832734925 (1 m)"
"8692","SAME_AS_METRO_RECORD","125 Chambers St","New York","NY","node__889472802 (4 m)"
"11040","SAME_AS_METRO_RECORD","120 Church St","New York","NY","node__8644307517 (3 m)"
"66292","SAME_AS_METRO_RECORD","180 W Broadway","New York","NY","node__2897876740 (4 m)"
"1044529","SAME_AS_METRO_RECORD","165 Broadway","New York","NY","node__13753275744 (7 m)"
"1056065","LICENSED_LS","7 Hudson Square","New York","NY",""
"8947","SAME_AS_METRO_RECORD","150 Varick St","New York","NY","node__11739055903 (3 m)"
"10655","SAME_AS_METRO_RECORD","130 Fulton St","New York","NY","node__2047269475 (4 m)"
"12020","SAME_AS_METRO_RECORD","38 Park Row, #4","New York","NY","node__2821326392 (3 m)"
"8604500","LICENSED_LS","28 Liberty Street","New York","NY",""
"12804","SAME_AS_METRO_RECORD","2 Broadway, Unit 2","New York","NY","node__2034011016 (32 m)"
"1052618","LICENSED_LS","15 Beekman Street","New York","NY",""
"16214","SAME_AS_METRO_RECORD","55 Broad St","New York","NY","node__2183010488 (2 m)"
"16686","SAME_AS_METRO_RECORD","1 Battery Park Plz","New York","NY","node__560636265 (1 m)"
"16844","SAME_AS_METRO_RECORD","100 William St","New York","NY","node__5978558001 (5 m)"
"15295","SAME_AS_METRO_RECORD","111 Worth St","New York","NY","node__6636462195 (3 m)"
"7912","SAME_AS_METRO_RECORD","110 Pearl Street","New York","NY","node__2186614190 (1 m)"
"1008845","SAME_AS_METRO_RECORD","1 New York Plz","New York","NY","node__10906413973 (69 m)"
"1005523","SAME_AS_METRO_RECORD","99 Wall St","New York","NY","node__2594630499 (9 m)"
"1004742","SAME_AS_METRO_RECORD","155 Water St","New York","NY","node__11188992731 (2 m)"
"1038631","LICENSED_LS","375 Pearl St","New York","NY",""
"9347","SAME_AS_METRO_RECORD","72 SPRING STREET","New York","NY","node__2065455029 (4 m)"
"8871400","LICENSED_LS","104 Sip Ave","Jersey City","NJ","Target"
"16853","SAME_AS_METRO_RECORD","665 Broadway","New York","NY","node__886702490 (3 m)"
"14149","LICENSED_LS","45 West 4th Street","New York","NY",""
"1027609","SAME_AS_METRO_RECORD","678 Hudson St","New York","NY","node__10833095528 (2 m)"
"35545","SAME_AS_METRO_RECORD","122 Greenwich Avenue, space A","New York","NY","node__1825739845 (6 m)"
"16006","SAME_AS_METRO_RECORD","124 Eighth Avenue","New York","NY","node__2377128180 (6 m)"
"9589","SAME_AS_METRO_RECORD","80 Delancey St","New York","NY","node__1917136131 (6 m)"
"1031094","SAME_AS_METRO_RECORD","111 University Pl","New York","NY","node__2547193326 (13 m)"
"16211","SAME_AS_METRO_RECORD","10 UNION SQUARE EAST","New York","NY","node__4922311233 (14 m)"
"1056022","LICENSED_LS","12660 Limonite Aveune","Corona","CA","Ralphs"
"13979","LICENSED_LS","6170 Hamner Ave","Riverside","CA","Vons"
"9526","LICENSED_LS","12471 Limonite Ave","Mira Loma","CA","Target"
"65920","LICENSED_LS","7070 Archibald St","Corona","CA","Albertsons"
"17370","LICENSED_LS","4200 E 4th St","Ontario","CA","Target"
"8885200","LICENSED_LS","1 Mills Circle","Ontario","CA",""
"1044506","LICENSED_LS","1670 E 4th St","Ontario","CA","Target"
"1010140","LICENSED_LS","5555 Philadelphia St","Chino","CA","Target"
"9250","LICENSED_LS","1290 Hamner Ave","Norco","CA","Target"
"9804","LICENSED_LS","3944 Grand Ave","Chino","CA","Target"
"8763600","LICENSED_LS","8063 Mission Blvd","Jurupa Valley","CA","Target"
"1032006","LICENSED_LS","12401 E WASHINGTON BLVD","WHITTIER","CA",""
"9397","LICENSED_LS","2122 S Hacienda Blvd","Hacienda Heights","CA","Vons"
"1015145","LICENSED_LS","8800 Whittier Blvd","Pico Rivera","CA","Target"
"8466","LICENSED_LS","15614 Whittwood Ln","Whittier","CA","Target"
"14640","LICENSED_LS","15740 Laforge St","Whittier","CA","Vons"
"1022990","LICENSED_LS","2000 Montebello Town Center","Montebello","CA",""
"20102","LICENSED_LS","3534 Peck Rd","El Monte","CA",""
"8652100","LICENSED_LS","3610 Peck Rd","El Monte","CA","Target"
"1011740","LICENSED_LS","1011 Baldwin Park Blvd.","Baldwin Park","CA",""
"1033497","LICENSED_LS","1800 W. Whittier Blvd.","La Habra","CA","Albertsons"
"1015032","LICENSED_LS","3100 Baldwin Park Blvd","Baldwin Park","CA","Target"
"1006188","LICENSED_LS","3600 Rosemead Boulevard","Rosemead","CA","Target"
"6562","LICENSED_LS","2469 Via Campo","Montebello","CA","Albertsons"
"14000","LICENSED_LS","17751 Colima Rd","Rowland Heights","CA","Target"
"1011549","LICENSED_LS","12051 Imperial Hwy","Norwalk","CA","Target"
"10676","LICENSED_LS","12795 Main St","Hesperia","CA","Target"
"16641","LICENSED_LS","11358 Kenyon Way","Rancho Cucamonga","CA","Albertsons"
"8823","LICENSED_LS","8778 19th St","Rancho Cucamonga","CA","Vons"
"16147","LICENSED_LS","15272 Summit Ave","Fontana","CA","Target"
"1016692","LICENSED_LS","1910 N. Campus Ave","Upland","CA","Albertsons"
"1013093","LICENSED_LS","7369 Milliken Ave","Rancho Cucamonga","CA","Ralphs"
"1038534","LICENSED_LS","16225 Sierra Lakes Pkwy","Fontana","CA","Ralphs"
"66299","LICENSED_LS","10576 Foothill Blvd","Rancho Cucamonga","CA","Target"
"1014468","LICENSED_LS","8850 Foothill Blvd","Rancho Cucamonga","CA","Albertsons"
"1006386","LICENSED_LS","12487 S Main Street","Rancho Cucamunga","CA",""
"14395","LICENSED_LS","7930 Cherry Ave","Fontana","CA","Vons"
"9478","LICENSED_LS","12199 Hesperia Rd","Victorville","CA","Vons"
"8096","LICENSED_LS","5500 University Pkwy","San Bernardino","CA",""
"1019449","LICENSED_LS","211 E. Foothill Blvd","Arcadia","CA","Ralphs"
"16595","LICENSED_LS","130 W Foothill Blvd","Monrovia","CA","Vons"
"1023403","LICENSED_LS","965 Town Center Drive","La Canada Flintridge","CA","Target"
"1019330","LICENSED_LS","3601 E. Foothill Blvd","Pasadena","CA","Ralphs"
"52014","LICENSED_LS","3121 E Colorado Blvd","Pasadena","CA","Target"
"7289","LICENSED_LS","38019 47th St E","Palmdale","CA","Target"
"52075","LICENSED_LS","2355 E Colorado Blvd","Pasadena","CA","Vons"
"1038531","LICENSED_LS","2675 Foothill Blvd","La Crescenta","CA","Ralphs"
"1010330","LICENSED_LS","1050 Huntington Dr","Duarte","CA","Target"
"13124","LICENSED_LS","3233 Foothill Blvd","La Crescenta","CA","Vons"
"1006569","LICENSED_LS","160 N Lake Ave","Pasadena","CA","Ralphs"
"13770","LICENSED_LS","777 E Colorado Blvd","Pasadena","CA","Target"
"1014470","LICENSED_LS","6240 Foothill Blvd","Tujunga","CA","Albertsons"
"15144","LICENSED_LS","745 E Naomi Ave","Arcadia","CA","Vons"
"91131","LICENSED_LS","300 E Green St","Pasadena","CA",""
"9654","LICENSED_LS","155 W California Blvd","Pasadena","CA","Vons"
"12329","LICENSED_LS","600 Garden Ave","Mt. Vernon","NY","Target"
"7562","LICENSED_LS","2425 Palmer Ave","New Rochelle","NY",""
"1009588","LICENSED_LS","715 North Ave","New Rochelle","NY",""
"1018061","SAME_AS_METRO_RECORD","346 Baychester Ave","Bronx","NY","node__7505992414 (4 m)"
"1052224","LICENSED_LS","200 Baychester Ave","Bronx","NY",""
"1039404","LICENSED_LS","8000 Mall Walk","Yonkers","NY","Target"
"1011584","LICENSED_LS","800 Central Park Av","Yonkers","NY",""
"1015362","SAME_AS_METRO_RECORD","1886 Eastchester Rd","Bronx","NY","way__281822370 (9 m)"
"6966","SAME_AS_METRO_RECORD","3503 Johnson Ave","Bronx","NY","node__3843979174 (18 m)"
"12556","LICENSED_LS","40 W 225th St","New York","NY","Target"
"17813","LICENSED_LS","65 Shore Road","Port Washington","NY",""
"1040571","LICENSED_LS","I-87","Hastings On Hudson","NY",""
"18792","LICENSED_LS","3074 N Goliad St","Rockwall","TX",""
"1016262","LICENSED_LS","1950 N. Goliad St","Rockwall","TX","Kroger"
"1005432","LICENSED_LS","2608 W FM 544","Wylie","TX","Kroger"
"1019195","LICENSED_LS","850 Steger Towne Rd","Rockwall","TX","Target"
"7878","LICENSED_LS","2935 Ridge Road","Rockwall","TX","Kroger"
"18282","LICENSED_LS","8805 Lakeview Parkway","Rowlett","TX",""
"10005","LICENSED_LS","3440 W FM 544","Wylie","TX","Target"
"1006137","LICENSED_LS","5190 Highway 78","Sachse","TX","Kroger"
"7520","LICENSED_LS","4701 Lakeview Pkwy","Rowlett","TX","Target"
"1026317","LICENSED_LS","551 Laurence Drive","Heath","TX",""
"10819","LICENSED_LS","2535 Firewheel Pkwy","Garland","TX",""
"9823","LICENSED_LS","4017 14th St","Plano","TX","Kroger"
"16617","LICENSED_LS","5301 N Garland Ave","Garland","TX","Target"
"8871","LICENSED_LS","4160 Town Center RD","Sherman","TX","Target"
"1005923","LICENSED_LS","630 Main St","Hackensack","NJ","Target"
"10866","LICENSED_LS","900 Bergen Town Center","Paramus","NJ","Target"
"1017217","LICENSED_LS","100 Frank W Burr Blvd","Teaneck","NJ",""
"8706000","LICENSED_LS","500 Garden State Plaza Blvd","Paramus","NJ",""
"1031564","LICENSED_LS","700 Paramus Park","Paramus","NJ",""
"6819","LICENSED_LS","2160 Lemoine Ave","Fort Lee","NJ",""
"1016353","LICENSED_LS","6 Vervalan St","Closter","NJ","Target"
"8509700","LICENSED_LS","1 American Dream Way","East Rutherford","NJ",""
"1032271","LICENSED_LS","1 American Dream Way","East Rutherford","NJ",""
"12553","LICENSED_LS","7101 Tonnelle Ave","North Bergen","NJ","Target"
"1030797","LICENSED_LS","30 Kingsland Road","Clifton","NJ","Target"
"1005570","LICENSED_LS","2111 Shelby Rd","Kings Mountain","NC","Ingles"
"1031640","LICENSED_LS","706 E. Dixon Blvd.","Shelby","NC","Ingles"
"1007602","LICENSED_LS","2130 E Main St","Lincolnton","NC","Ingles"
"1014912","LICENSED_LS","1650 W Dixon Blvd","Shelby","NC","Ingles"
"1018135","SAME_AS_METRO_RECORD","225 4th Ave","Brooklyn","NY","node__5797455000 (12 m)"
"12555","LICENSED_LS","139 Flatbush Ave","Brooklyn","NY","Target"
"1007630","SAME_AS_METRO_RECORD","341 Eastern Pkwy","Brooklyn","NY","node__3810255154 (10 m)"
"12539","SAME_AS_METRO_RECORD","139 Flatbush Ave, Atlantic Terminal","Brooklyn","NY","node__11152084762 (17 m)"
"1023305","SAME_AS_METRO_RECORD","325 Lafayette","Brooklyn","NY","node__6681744660 (8 m)"
"1016616","SAME_AS_METRO_RECORD","476 4th Ave","Brooklyn","NY","node__5104099243 (7 m)"
"1053809","SAME_AS_METRO_RECORD","498 Fulton St","Brooklyn","NY","node__10109662192 (8 m)"
"1015397","LICENSED_LS","445 Gold St","Brooklyn","NY","Target"
"17069","SAME_AS_METRO_RECORD","164 Smith St","Brooklyn","NY","node__2524539379 (2 m)"
"1017897","LICENSED_LS","4 Chase Metro Tech Center","Brooklyn","NY",""
"17013","SAME_AS_METRO_RECORD","6 Metrotech Ctr, Poly Tech Institute","Brooklyn","NY","node__4491402090 (17 m)"
"13498","SAME_AS_METRO_RECORD","50 Court St","Brooklyn","NY","node__4922311223 (3 m)"
"88600","SAME_AS_METRO_RECORD","134 Montague St","Brooklyn","NY","node__9123117118 (1 m)"
"8527800","SAME_AS_METRO_RECORD","104 Jay St","Brooklyn","NY","node__3134690527 (8 m)"
"16940","SAME_AS_METRO_RECORD","67 Front Street","Brooklyn","NY","node__5408681221 (5 m)"
"1021445","SAME_AS_METRO_RECORD","774 Broadway","Brooklyn","NY","node__6952884368 (5 m)"
"1021871","SAME_AS_METRO_RECORD","66 Nassau Ave","Brooklyn","NY","node__5978837386 (5 m)"
"1038622","LICENSED_LS","3350 La Sierra Ave","Riverside","CA","Ralphs"
"1024665","LICENSED_LS","3520 Tyler St","Riverside","CA","Target"
"1031999","LICENSED_LS","2264 Galleria at Tyler","Riverside","CA",""
"17671","LICENSED_LS","535 N McKinley St","Corona","CA","Vons"
"1014840","LICENSED_LS","2615 Tuscany St","Corona","CA","Target"
"14045","LICENSED_LS","3520 Riverside Ave","Riverside","CA","Vons"
"68572","LICENSED_LS","3333 Arlington Ave","Riverside","CA","Target"
"13292","LICENSED_LS","260 W Foothill Pkwy","Corona","CA","Albertsons"
"1053065","LICENSED_LS","2661 Green River Rd","Corona","CA","Ralphs"
"1056002","LICENSED_LS","305 West Imperial Highway","Brea","CA","Ralphs"
"1020511","LICENSED_LS","1121 N Harbor Blvd","Fullerton","CA","Ralphs"
"1008641","MALL","1065 Brea Mall Way, K127 - Brea Mall","Brea","CA","Brea Mall Floor 1"
"11004","LICENSED_LS","855 Birch St","Brea","CA","Target"
"18195","LICENSED_LS","200 Brea Mall","Brea","CA",""
"1039064","LICENSED_LS","321 E. CHAPMAN AVENUE","FULLERTON","CA",""
"1019271","LICENSED_LS","800 N. STATE COLLEGE BOULEVARD","Fullerton","CA",""
"1005597","LICENSED_LS","800 N State College Blvd","Fullerton","CA",""
"7296","LICENSED_LS","1000 W Imperial Hwy","La Habra","CA","Target"
"1010136","LICENSED_LS","2920 Yorba Linda Blvd","Fullerton","CA","Target"
"8867","LICENSED_LS","1930 N Placentia Ave","Fullerton","CA","Albertsons"
"18625","LICENSED_LS","800 N State College Blvd","Fullerton","CA",""
"16614","LICENSED_LS","2500 E Imperial Hwy #158","Brea","CA","Albertsons"
"1005918","LICENSED_LS","1893 W Malvern Ave","Fullerton","CA","Target"
"1010137","LICENSED_LS","200 W Orangethorpe Ave","Fullerton","CA","Target"
"13282","LICENSED_LS","2291 West Malvern Avenue","Fullerton","CA","Albertsons"
"1006768","LICENSED_LS","710 N Rose Dr","Placentia","CA","Ralphs"
"1022342","LICENSED_LS","2222 East Lincoln Street","Anaheim","CA","Target"
"13289","LICENSED_LS","15200 E Rosecrans Blvd","La Mirada","CA","Albertsons"
"7297","LICENSED_LS","101 S Euclid","Anaheim","CA","Target"
"35538","LICENSED_LS","10600 Firestone Blvd","Norwalk","CA","Target"
"1013802","LICENSED_LS","8626 Firestone Blvd","Downey","CA","Ralphs"
"1026861","LICENSED_LS","400 Stonewood Street, Suite 767","Downey","CA",""
"10678","LICENSED_LS","6750 Cherry Ave","Long Beach","CA","Target"
"52080","LICENSED_LS","5700 Firestone Blvd","South Gate","CA","Target"
"9815","LICENSED_LS","5500 Woodruff Ave","Lakewood","CA","Vons"
"1023551","LICENSED_LS","141 Lakewood Center Mall","Lakewood","CA","Target"
"1020753","LICENSED_LS","5015 Del Amo Blvd","Lakewood","CA","Albertsons"
"1005935","LICENSED_LS","11525 South St","Cerritos","CA","Target"
"9451","LICENSED_LS","298 E Live Oak Ave","Arcadia","CA","Albertsons"
"116303","LICENSED_LS","1100 Northern Blvd","Manhasset","NY",""
"9267","SAME_AS_METRO_RECORD","2140 Broadway","New York","NY","node__3248774671 (5 m)"
"1015342","SAME_AS_METRO_RECORD","141 Amsterdam, Arts & Music, none","New York","NY","node__2744944466 (2 m)"
"1019664","SAME_AS_METRO_RECORD","21 W End Ave","New York","NY","node__7591060173 (10 m)"
"17786","SAME_AS_METRO_RECORD","1889 Broadway","New York","NY","node__2310498477 (10 m)"
"7631","LICENSED_LS","160 Kingsland Rd","Clifton","NJ",""
"1044736","LICENSED_LS","1339 Broad Street","Bloomfield","NJ",""
"1036285","LICENSED_LS","1 Normal Ave","Montclair","NJ",""
"1025840","LICENSED_LS","NJ Turnpike","Secaucus","NJ",""
"1038450","LICENSED_LS","200 Passaic Drive","Kearny","NJ","Target"
"6820","LICENSED_LS","45 Demercurio Dr","Allendale","NJ",""
"1033257","LICENSED_LS","495 Boston Post RD","Port Chester","NY","Target"
"1025168","LICENSED_LS","9 City Pl","White Plains","NY","Target"
"10496","LICENSED_LS","735 Anderson Hill Road","Purchase","NY",""
"1022939","LICENSED_LS","600 White Plains Road","Tarrytown","NY",""
"1013205","SAME_AS_METRO_RECORD","329 Wyckoff Ave","Ridgewood","NY","node__5542976159 (15 m)"
"1024940","LICENSED_LS","55B Richmond Terrace","Staten Island","NY",""
"15135","LICENSED_LS","2684 N Tustin Ave","Orange","CA","Vons"
"1010123","LICENSED_LS","2191 N Tustin St","Orange","CA","Target"
"13695","LICENSED_LS","5600 E Santa Ana Canyon Rd","Anaheim","CA","Vons"
"14873","LICENSED_LS","940 N Tustin Ave","Orange","CA","Albertsons"
"1010000","LICENSED_LS","393 N Glassell St","Orange","CA",""
"1007168","LICENSED_LS","1313 S Harbor Blvd","Anaheim","CA",""
"1005896","LICENSED_LS","1313 S. Harbor Blvd","Anaheim","CA",""
"1038573","LICENSED_LS","321 W. Katella, 439","Anaheim","CA",""
"1010127","LICENSED_LS","20200 Bloomfield Ave","Cerritos","CA","Target"
"1020302","LICENSED_LS","13321 South St","Cerritos","CA","Ralphs"
"14600","LICENSED_LS","4226 Woodruff Ave","Lakewood","CA","Vons"
"1007468","LICENSED_LS","4033 Ball Rd","Cypress","CA","Ralphs"
"12823","LICENSED_LS","5949 E Spring St","Long Beach","CA","Vons"
"9474","LICENSED_LS","7530 Orangethorpe Ave","Buena Park","CA","Target"
"1014440","LICENSED_LS","8039 Beach Blvd.","Buena Park","CA",""
"18064","LICENSED_LS","1621 S Alameda St","Compton","CA","Target"
"1056020","LICENSED_LS","2250 East Carson Street","Long Beach","CA","Ralphs"
"7639","LICENSED_LS","950 E 33rd St","Signal Hill","CA","Target"
"8464","LICENSED_LS","20700 S Avalon Blvd","Carson","CA","Target"
"8806300","LICENSED_LS","6131 Telegraph Rd, Commerce Casino","Commerce","CA",""
"1039705","LICENSED_LS","2901 E. Slausen Ave","Huntington Park","CA","Target"
"1022491","LICENSED_LS","5600 Whittier Blvd","Commerce","CA","Target"
"1023174","LICENSED_LS","8687 North Central Expressway","Dallas","TX",""
"8453","LICENSED_LS","9440 Marsh Ln","Dallas","TX","Target"
"1007492","LICENSED_LS","6835 Katella Ave","Cypress","CA","Target"
"89079","LICENSED_LS","1313 S. Harbor Blvd","Anaheim","CA",""
"9971","LICENSED_LS","747 Grand Ave","Diamond Bar","CA","Target"
"6543","LICENSED_LS","2370 S Azusa Ave","West Covina","CA","Target"
"1018160","SAME_AS_METRO_RECORD","125 St. Marks Place","New York","NY","node__5603563258 (2 m)"
"15099","SAME_AS_METRO_RECORD","286 First Avenue, A","New York","NY","node__7084620591 (25 m)"
"1005905","SAME_AS_METRO_RECORD","400 E 23rd st","New York","NY","node__8238256286 (7 m)"
"10255","SAME_AS_METRO_RECORD","46-09 Queens Blvd.","Sunnyside","NY","node__5092488424 (3 m)"
"1019098","SAME_AS_METRO_RECORD","26-14 Jackson Ave.","Long Island City","NY","node__6764076981 (5 m)"
"1026054","SAME_AS_METRO_RECORD","591 1st Ave","New York","NY","node__9806919511 (5 m)"
"1025411","SAME_AS_METRO_RECORD","25-14 Queens Plaza South","Long Island City","NY","node__6744695372 (9 m)"
"1026239","LICENSED_LS","1500 N VERDUGO RD","Glendale","CA",""
"14639","LICENSED_LS","7789 Foothill Blvd","Tujunga","CA","Vons"
"17741","LICENSED_LS","7311 N Figueroa St","Los Angeles","CA","Vons"
"1006170","LICENSED_LS","1200 N Central Ave","Glendale","CA","Ralphs"
"17674","LICENSED_LS","561 N Glendale Ave","Glendale","CA","Vons"
"68321","LICENSED_LS","2626 Colorado Blvd","Los Angeles","CA","Target"
"1056019","LICENSED_LS","211 N Glendale Ave","Glendale","CA","Ralphs"
"8302","LICENSED_LS","38727 N Tierra Subida Ave","Palmdale","CA","Albertsons"
"1010126","LICENSED_LS","39440 10th Str","Palmdale","CA","Target"
"11633","LICENSED_LS","3027 Rancho Vista Blvd","Palmdale","CA","Vons"
"1023069","LICENSED_LS","43525 10th Street West","Lancaster","CA","Target"
"1017124","LICENSED_LS","43543 20th Street West","Lancaster","CA","Albertsons"
"13696","LICENSED_LS","4033 W Ave L","Lancaster","CA","Vons"
"1054684","LICENSED_LS","615 Rods Way","Sylmar","CA","Target"
"68204","LICENSED_LS","2120 West Main Street","Alhambra","CA","Target"
"1016607","LICENSED_LS","2400 W. Commonwealth","Alhambra","CA","Albertsons"
"1021886","LICENSED_LS","303 E. VALLEY BLVD","San Gabriel","CA",""
"10894","LICENSED_LS","5151 State University Drive","Los Angeles","CA",""
"1027473","LICENSED_LS","2230 S ATLANTIC BLVD","Monterey Park","CA","Ralphs"
"1034284","LICENSED_LS","2204 E Alcazar Street","Los Angeles","CA",""
"1006760","LICENSED_LS","711 S Weir Canyon Rd","Anaheim","CA","Ralphs"
"1014841","LICENSED_LS","8148 E SANTA ANA CANYON ROAD","Anaheim","CA","Target"
"8185","LICENSED_LS","8010 E Santa Ana Canyon Rd","Anaheim","CA","Vons"
"11846","LICENSED_LS","3255 Grand Ave","Chino Hills","CA","Albertsons"
"1020301","LICENSED_LS","8440 E Chapman Avenue","Orange","CA","Albertsons"
"14046","LICENSED_LS","16964 Slover Ave","Fontana","CA","Target"
"1006017","LICENSED_LS","701 Rio Rancho Rd","Pomona","CA","Target"
"7489","LICENSED_LS","1 Lefante Way","Bayonne","NJ",""
"8927800","LICENSED_LS","381 Route 440","Jersey City","NJ","Target"
"15314","SAME_AS_METRO_RECORD","480 Forest Ave","Staten Island","NY","node__12700512918 (14 m)"
"1027971","LICENSED_LS","1520 Forest Ave","Staten Island","NY","Target"
"1014000","LICENSED_LS","3 Brewster Rd.","Newark","NJ",""
"1014098","LICENSED_LS","3 Brewster Rd.","Newark","NJ",""
"1024447","LICENSED_LS","3 Brewster Rd.","Newark","NJ",""
"1020157","LICENSED_LS","3 Brewster Rd.","Newark","NJ",""
"1013990","LICENSED_LS","3 Brewster Rd.","Newark","NJ",""
"13008","LICENSED_LS","Terminal C, Space B-50","Newark","NJ",""
"13012","LICENSED_LS","3 Brewster Rd","Newark","NJ",""
"11701","SAME_AS_METRO_RECORD","2070 Victory Blvd","Staten Island","NY","node__13072907701 (2 m)"
"1037816","LICENSED_LS","3 Brewster Rd","Newark","NJ",""
"90579","SAME_AS_METRO_RECORD","600 Madison Ave","New York","NY","node__4995849481 (156 m)"
"116566","SAME_AS_METRO_RECORD","822 Lexington Ave","New York","NY","node__6789471481 (18 m)"
"18618","SAME_AS_METRO_RECORD","1411 6th Ave","New York","NY","node__12513048658 (8 m)"
"14568","SAME_AS_METRO_RECORD","1380 Sixth Avenue","New York","NY","node__2629277997 (8 m)"
"1014942","SAME_AS_METRO_RECORD","1077 3rd Ave","New York","NY","node__12544932851 (23 m)"
"7083","SAME_AS_METRO_RECORD","655 Lexington Ave","New York","NY","node__8551295312 (3 m)"
"1005802","SAME_AS_METRO_RECORD","515 Madison Ave","New York","NY","node__13019781379 (1 m)"
"88886","SAME_AS_METRO_RECORD","1290 Sixth Avenue","New York","NY","node__10215152666 (14 m)"
"9675","SAME_AS_METRO_RECORD","870 7th Ave","New York","NY","node__1900975316 (5 m)"
"1030514","SAME_AS_METRO_RECORD","240 Central Park S","New York","NY","node__1383942697 (4 m)"
"1033603","SAME_AS_METRO_RECORD","444 Madison","New York","NY","node__11157819678 (4 m)"
"9231","SAME_AS_METRO_RECORD","560 Lexington Ave","New York","NY","node__8551468889 (12 m)"
"1010184","SAME_AS_METRO_RECORD","1700 Broadway","New York","NY","node__4402180605 (2 m)"
"16178","SAME_AS_METRO_RECORD","1102 1st Ave","New York","NY","node__6068979466 (2 m)"
"8555200","SAME_AS_METRO_RECORD","30 Rockefeller Plz, CO56, Concourse Level","New York","NY","node__7093921956 (31 m)"
"13904","SAME_AS_METRO_RECORD","4 Columbus Cir","New York","NY","node__1383935410 (4 m)"
"1018081","SAME_AS_METRO_RECORD","28 W 48th St","New York","NY","node__7093921924 (2 m)"
"8663500","LICENSED_LS","270 Park Ave","New York","NY",""
"16452","SAME_AS_METRO_RECORD","511 Lexington Ave","New York","NY","node__12922047970 (18 m)"
"18588","SAME_AS_METRO_RECORD","575 Fifth Avenue","New York","NY","node__2716012089 (11 m)"
"11631","SAME_AS_METRO_RECORD","750 Seventh Ave","New York","NY","node__2610440250 (7 m)"
"12091","SAME_AS_METRO_RECORD","757 Third Avenue","New York","NY","node__11875174372 (4 m)"
"1040469","SAME_AS_METRO_RECORD","230 Park Ave, Store 1B","New York","NY","node__1427265082 (48 m)"
"8735","SAME_AS_METRO_RECORD","2 Columbus Ave","New York","NY","node__2423176814 (4 m)"
"1010241","SAME_AS_METRO_RECORD","2 West 45th","New York","NY","node__6612404178 (14 m)"
"15298","TRANSIT_HUB","86 Grand Central at Track 35, Grand Central Station, Track 35","New York","NY","Grand Central"
"16970","SAME_AS_METRO_RECORD","340 Madison Ave","New York","NY","node__1428427548 (6 m)"
"16666","SAME_AS_METRO_RECORD","325 W 49th St","New York","NY","node__4494829289 (4 m)"
"16303","LICENSED_LS","1535 Broadway","New York","NY",""
"1018340","SAME_AS_METRO_RECORD","152 W 45th St","New York","NY","node__12917522701 (40 m)"
"14350","SAME_AS_METRO_RECORD","770 Eighth Ave","New York","NY","node__2721574123 (0 m)"
"1007742","SAME_AS_METRO_RECORD","425 Lexington","New York","NY","node__8551468902 (6 m)"
"1009088","SAME_AS_METRO_RECORD","475 W 57th st","New York","NY","node__7475192460 (3 m)"
"20501","SAME_AS_METRO_RECORD","1101 - 1109 Avenue of the Americas","New York","NY","node__2611782760 (4 m)"
"13918","SAME_AS_METRO_RECORD","1500 Broadway","New York","NY","node__1426250385 (4 m)"
"1028603","SAME_AS_METRO_RECORD","485 Fifth Ave","New York","NY","node__13930134963 (3 m)"
"11854","SAME_AS_METRO_RECORD","150 E. 42nd Street","New York","NY","node__13416351451 (6 m)"
"1027453","LICENSED_LS","One Washington Park","Newark","NJ",""
"1007160","LICENSED_LS","655 W 34th St","New York","NY",""
"14762","LICENSED_LS","655 W 34th St","New York","NY",""
"1032273","SAME_AS_METRO_RECORD","34 Hudson Yards, B","New York","NY","node__11309501243 (1 m)"
"8310","LICENSED_LS","350 Martin Luther King Blvd","Newark","NJ",""
"1017403","SAME_AS_METRO_RECORD","450 W 33rd St","New York","NY","node__8890918163 (11 m)"
"13905","SAME_AS_METRO_RECORD","300 W 23rd St","New York","NY","node__2377128182 (4 m)"
"1029732","SAME_AS_METRO_RECORD","Moynihan Train Hall, 383 West 31st ST, Concourse Retail Space #048","New York","NY","node__8289799740 (31 m)"
"16465","SAME_AS_METRO_RECORD","593 Ninth Ave","New York","NY","node__2688264646 (13 m)"
"18724","LICENSED_LS","227 W 27th St","New York","NY",""
"7615","SAME_AS_METRO_RECORD","78-25 37th Avenue","Jackson Heights","NY","node__2569998659 (2 m)"
"1054167","LICENSED_LS","291 West Main Street","Smithtown","NY",""
"7972","MALL","528 Smith Haven Mall, Smith Haven Mall","Lake Grove","NY","Lake Grove-Smith Haven Mall"
"113990","LICENSED_LS","250 Student Union Bldg., 1st Floor","Stony Brook","NY",""
"1017488","LICENSED_LS","STONYBOOK UNIVERSITY","Stony Brook","NY",""
"10993","LICENSED_LS","101 Nicholls Rd","Stony Brook","NY",""
"52077","LICENSED_LS","255 Pond Path","Centereach","NY","Target"
"9042","LICENSED_LS","21 Broad St","Stamford","CT","Target"
"1053850","LICENSED_LS","1 West Ave","Darien","CT",""
"8862700","LICENSED_LS","120 S. Los Angeles Street","Los Angeles","CA",""
"8925500","LICENSED_LS","400 S Broadway","Los Angeles","CA",""
"8884500","LICENSED_LS","645 W. 9th Street","Los Angeles","CA","Ralphs"
"91889","LICENSED_LS","735 S Figueroa St","Los Angeles","CA","Target"
"1052222","LICENSED_LS","899 Francisco St","Los Angeles","CA",""
"1010206","LICENSED_LS","400 W Big Springs Rd","Riverside","CA",""
"7098","SAME_AS_METRO_RECORD","455 Main St","New York","NY","node__870317225 (3 m)"
"1016824","SAME_AS_METRO_RECORD","605 Third Ave","New York","NY","node__6852143017 (12 m)"
"14439","SAME_AS_METRO_RECORD","90 Park Ave","New York","NY","node__1292790745 (11 m)"
"1017220","SAME_AS_METRO_RECORD","475 Park Ave S","New York","NY","node__8455829693 (25 m)"
"16206","SAME_AS_METRO_RECORD","424 Park Ave S","New York","NY","node__8455829693 (164 m)"
"90244","SAME_AS_METRO_RECORD","50 Lexington Ave","New York","NY","node__2045635529 (5 m)"
"8588","SAME_AS_METRO_RECORD","373 5th Ave","New York","NY","node__883181314 (8 m)"
"16731","SAME_AS_METRO_RECORD","684 Avenue of the Americas","New York","NY","node__6752564944 (7 m)"
"18290","SAME_AS_METRO_RECORD","315 Seventh Avenue","New York","NY","node__3264422314 (4 m)"
"11291","SAME_AS_METRO_RECORD","776 Avenue of the Americas, The Capitol At Chelsea","New York","NY","node__2634398946 (2 m)"
"70030","SAME_AS_METRO_RECORD","1140 Broadway","New York","NY","node__2621577431 (9 m)"
"1023114","TRANSIT_HUB","Starbucks, Pennsylvania Station, Amtrak Main Course","New York","NY","Penn Station - Amtrak"
"14380","SAME_AS_METRO_RECORD","875 Sixth Ave","New York","NY","node__4441702689 (7 m)"
"17645","SAME_AS_METRO_RECORD","304 Park Ave S","New York","NY","node__7678152117 (14 m)"
"16813","SAME_AS_METRO_RECORD","494 Eighth Ave.","New York","NY","node__8669140491 (6 m)"
"11433","SAME_AS_METRO_RECORD","462 7th Ave","New York","NY","node__6507019906 (4 m)"
"69880","SAME_AS_METRO_RECORD","977 Avenue of the Americas","New York","NY","node__2709702562 (12 m)"
"1017641","SAME_AS_METRO_RECORD","1411 Broadway","New York","NY","node__8872982377 (3 m)"
"1014050","SAME_AS_METRO_RECORD","1040 Sixth Avenue","New York","NY","node__6566684054 (4 m)"
"1005154","TRANSIT_HUB","625 Eighth Avenue, Port Authority Bus Terminal","New York","NY","Port Authority South Wing"
"9108400","LICENSED_LS","499 W. Orange Show Rd","San Bernardino","CA","Target"
"1020156","LICENSED_LS","4211 North Eagle Rock Blvd","Los Angeles","CA","Target"
"17766","LICENSED_LS","311 W LOS FELIZ BLVD","Glendale","CA","Vons"
"7640","LICENSED_LS","241 S Central Ave","Glendale","CA","Target"
"1031130","LICENSED_LS","2100 Galleria Way","Glendale","CA",""
"1029924","SAME_AS_METRO_RECORD","5801 Amboy Rd","Staten Island","NY","node__10089925944 (7 m)"
"10589","LICENSED_LS","3500 US-9","Old Bridge","NJ",""
"1019927","LICENSED_LS","55 US Hwy 9","Manalapan","NJ","Target"
"1052689","LICENSED_LS","800 Schulmeister Rd","Old Bridge","NJ","Target"
"1054854","LICENSED_LS","Garden State Parkway Mile Post 124","South Amboy","NJ",""
"116567","SAME_AS_METRO_RECORD","106 Page Ave, Richmond Valley Plaza","Staten Island","NY","node__7781914584 (2 m)"
"1015914","SAME_AS_METRO_RECORD","1243 Woodrow Rd, 306","Staten Island","NY","node__5530476452 (1 m)"
"7063","LICENSED_LS","2900 Veterans Rd W","Staten Island","NY","Target"
"6965","MALL","3710 Route 9, Freehold Raceway Mall","Freehold","NJ","Freehold Raceway Mall"
"1006013","LICENSED_LS","2873 Richmond Ave","Staten Island","NY","Target"
"9115100","LICENSED_LS","100 Richmond Hill Rd","Staten Island","NY",""
"12090","SAME_AS_METRO_RECORD","2505 Richmond Ave","Staten Island","NY","node__4407735236 (6 m)"
"1029254","LICENSED_LS","1900 E. Richard Street","Douglas","WY","Safeway"
"9854","LICENSED_LS","4271 S Tamiami Trail","Venice","FL","Target"
"7634","LICENSED_LS","20288 Hwy 18","Apple Valley","CA","Target"
"14366","LICENSED_LS","19201 Bear Valley Rd","Apple Valley","CA","Target"
"7057","LICENSED_LS","10025 E Highland Rd","Howell","MI","Target"
"11421","LICENSED_LS","8043 Challis Rd","Brighton","MI","Target"
"1028116","LICENSED_LS","1277 East M-36","Pinckney","MI",""
"1018542","LICENSED_LS","9870 EAST GRAND RIVER AVE","Brighton","MI",""
"1022422","LICENSED_LS","9968 E. Grand River","Brighton","MI","Kroger"
"1039492","LICENSED_LS","9700 Chilson Commons Circle","Pinckney","MI","Kroger"
"8386","LICENSED_LS","3255 Owen Rd","Fenton","MI","Target"
"18657","LICENSED_LS","18005 Silver Pkwy","Fenton","MI",""
"1012272","LICENSED_LS","1390 N Leroy St","Fenton","MI",""
"1014299","LICENSED_LS","670 Highland Ave","Milford Charter Twp","MI","Kroger"
"1045284","LICENSED_LS","22385 Pontiac Trail","South Lyon","MI",""
"1026425","LICENSED_LS","7080 Dexter-Ann Arbor Rd.","Dexter","MI",""
"12597","LICENSED_LS","6001 Highland Rd","White Lake","MI",""
"1018758","LICENSED_LS","689 North Redwood Road","Saratoga Springs","UT",""
"9091800","LICENSED_LS","3808 W Hardman Way","Lehi","UT",""
"8992600","LICENSED_LS","760 E Main St","Lehi","UT",""
"1022745","LICENSED_LS","5560 W 13400 S","Herriman","UT",""
"1021771","LICENSED_LS","608 W Main Street","American Fork","UT","Target"
"8536100","LICENSED_LS","13893 South Redwood Road","Bluffdale","UT",""
"1012274","LICENSED_LS","1550 East 3500 North","Lehi","UT",""
"1015850","LICENSED_LS","5448 Daybreak Parkway","South Jordan","UT",""
"1031890","LICENSED_LS","800 W University Pkwy","OREM","UT",""
"7073","LICENSED_LS","11525 S Jordan Pkwy Plaza","South Jordan","UT","Target"
"9108300","LICENSED_LS","6001 W Gateway Blvd","El Paso","TX","Target"
"1024514","LICENSED_LS","8401 Gateway Blvd. West, C03A","El Paso","TX",""
"9104100","LICENSED_LS","3400 West Fort Street","Detroit","MI",""
"1030267","LICENSED_LS","243 W. Congress St.","Detroit","MI",""
"1007537","LICENSED_LS","777 Woodward AVE STE 140","Detroit","MI",""
"1019893","LICENSED_LS","1114 Washington Blvd.","Detroit","MI",""
"1031838","LICENSED_LS","2333 Biddle Ave","Wyandotte","MI",""
"1011440","LICENSED_LS","5221 Gullen Mall","Detroit","MI",""
"8486","LICENSED_LS","3100 Fairlane Dr","Allen Park","MI","Target"
"1030502","LICENSED_LS","18101 Oakwood Blvd.","Dearborn","MI",""
"1038387","LICENSED_LS","15901 Ford RD","Dearborn","MI","Target"
"17325","LICENSED_LS","8999 Macomb","Grosse Ile Twp","MI","Kroger"
"1005239","LICENSED_LS","14099 Pardee Rd","Taylor","MI","Target"
"14361","LICENSED_LS","23555 Allen Rd","Woodhaven","MI","Target"
"1011897","LICENSED_LS","468 Cadieux Rd","Grosse Pointe","MI",""
"7022","LICENSED_LS","26650 Ford Rd","Dearborn Heights","MI","Target"
"1015727","LICENSED_LS","20645 Gibraltar Rd","Brownstown Charter Township","MI","Kroger"
"1025352","LICENSED_LS","601 Rogell Drive","Detroit","MI",""
"1019350","LICENSED_LS","Detroit Metropolitan Wayne Cnty Airport","Detroit","MI",""
"1030418","LICENSED_LS","2500 World Gateway","Detroit","MI",""
"1044364","LICENSED_LS","2572 World Gateway Place","Detroit","MI",""
"1030417","LICENSED_LS","2500 World Gateway","Detroit","MI",""
"7653","LICENSED_LS","11011 Middlebelt Rd","Livonia","MI","Target"
"8969300","LICENSED_LS","65583 Pump Slough Rd.","Pearl River","LA",""
"1020916","LICENSED_LS","710 A Paseo Del Pueblo Sur","Taos","NM","Albertsons"
"1029385","LICENSED_LS","224 Paseo Del Pueblo Sur","Taos","NM",""
"1055293","LICENSED_LS","8767 South Coulter","Amarillo","TX",""
"1007618","LICENSED_LS","2501 4th Ave","Canyon","TX",""
"6549","LICENSED_LS","47330 Michigan Ave","Canton","MI","Target"
"1017849","LICENSED_LS","225 S Canton Center Rd","Canton","MI",""
"8569","LICENSED_LS","35401 Warren Rd","Westland","MI","Target"
"18202","LICENSED_LS","2010 Whitaker Road","Ypsilanti","MI","Kroger"
"1020290","LICENSED_LS","43670 Ford Rd","Canton","MI","Target"
"17173","LICENSED_LS","1905 Canton Center Rd","Canton","MI","Kroger"
"16946","LICENSED_LS","900 Oakwood St","Ypsilanti","MI",""
"13891","LICENSED_LS","44525 Ann Arbor Rd W","Plymouth","MI","Kroger"
"1030434","LICENSED_LS","22801 Harper Ave","St CLair Shores","MI","Kroger"
"1014199","LICENSED_LS","20891 E Thirteen Mile Road","Roseville","MI","Kroger"
"114066","LICENSED_LS","33860 S Gratiot Ave","Clinton Twp","MI","Target"
"1022497","LICENSED_LS","25225 Schoenherr Rd.","Warren","MI",""
"1026678","LICENSED_LS","31200 Schoenherr Rd","Warren","MI","Kroger"
"1021347","LICENSED_LS","29755 Louis Chevrolet Drive","Warren","MI",""
"9997","LICENSED_LS","28800 Dequinder","Warren","MI","Target"
"10697","LICENSED_LS","20877 Hall Rd","Macomb","MI","Target"
"6997","MALL","17410 Hall Rd, The Mall at Partridge Creek, Ste 174","Clinton Township","MI","The Mall at Partridge Creek"
"10776","LICENSED_LS","21555 21 Mile Rd","Macomb","MI","Kroger"
"1013746","LICENSED_LS","43893 Schoenherr Rd","Sterling Heights","MI","Kroger"
"1016420","LICENSED_LS","12 Mile & Stephenson","Royal Oak","MI","Kroger"
"1005241","LICENSED_LS","32001 John R Rd","Madison Heights","MI","Target"
"1013280","LICENSED_LS","13221 Hall Road","Shelby Twp","MI","Target"
"17375","LICENSED_LS","2310 Metropolitan Pkwy","Sterling Heights","MI","Target"
"1030281","LICENSED_LS","28050 Grand River Ave.","Farmington Hills","MI",""
"8002","LICENSED_LS","30020 Grand River Ave","Farmington Hills","MI","Target"
"1027062","LICENSED_LS","26901 Beaumont Blvd","Southfield","MI",""
"1040596","LICENSED_LS","33523 Eight Mile Rd","Livonia","MI","Kroger"
"1024404","LICENSED_LS","37083 Six Mile Rd","Livonia","MI",""
"1020291","LICENSED_LS","20100 Haggerty Rd","Livonia","MI","Target"
"10140","LICENSED_LS","30333 Southfield Rd","Southfield","MI","Target"
"12241","LICENSED_LS","3601 W 13 Mile Rd","Royal Oak","MI",""
"6381","LICENSED_LS","27550 Novi Road","Novi","MI",""
"114072","LICENSED_LS","1301 Coolidge Hwy","Troy","MI","Target"
"14319","LICENSED_LS","495 Haggerty Rd","Walled Lake","MI","Target"
"12014","MALL","2800 W Big Beaver Rd, Somerset North Mall, Ste N-122","Troy","MI","Somerset Collection - North"
"1031382","LICENSED_LS","855 Macon Street, Building 979","Robins AFB","GA",""
"65798","LICENSED_LS","774 GA Hwy 96","Bonaire","GA","Kroger"
"10178","LICENSED_LS","1745 Madison Avenue","Council Bluffs","IA","Hy-Vee"
"10854","LICENSED_LS","3804 Metro Dr","Council Bluffs","IA","Target"
"1019322","LICENSED_LS","222 North 10th Street","Omaha","NE",""
"1028247","LICENSED_LS","602 N 20th St","Omaha","NE",""
"1013339","LICENSED_LS","2400 Cass St","Omaha","NE",""
"6818","LICENSED_LS","3333 Farnam St","Omaha","NE",""
"1028235","LICENSED_LS","4401 Dewey Ave","Omaha","NE",""
"8394","LICENSED_LS","6600 N 72nd St","Omaha","NE","Target"
"17086","LICENSED_LS","888 Saddlecreek Rd","Omaha","NE",""
"1011097","LICENSED_LS","3130 S Airport Rd","Traverse City","MI","Target"
"12950","LICENSED_LS","3955 US-31 S","Traverse City","MI",""
"8248","LICENSED_LS","51400 Gratiot Ave","Chesterfield","MI","Target"
"1012475","LICENSED_LS","51847 Ten Mile Road","South Lyon","MI","Kroger"
"1005237","LICENSED_LS","27100 Wixom Rd","Novi","MI","Target"
"68156","LICENSED_LS","2750 W Big Beaver Rd","Troy","MI",""
"1027282","LICENSED_LS","2051 18 Mile Rd.","Sterling Heights","MI","Kroger"
"10696","LICENSED_LS","2400 S Telegraph Rd","Bloomfield Hills","MI","Target"
"7111","LICENSED_LS","44201 Dequindre Rd","Troy","MI",""
"7929","LICENSED_LS","2887 S Rochester Rd","Rochester Hills","MI","Target"
"1010029","LICENSED_LS","47060 Pontiac Trl","Walled Lake","MI","Kroger"
"18160","LICENSED_LS","2905 Union Lake Rd","Commerce Charter Twp","MI","Kroger"
"1015950","LICENSED_LS","Elizabeth Lake & M-59","White Lake Charter Twp","MI","Kroger"
"1007497","LICENSED_LS","51341 Hayes Rd","Shelby Twp","MI","Kroger"
"1028097","LICENSED_LS","2865 Music Mill Rd","Bremen","GA","Ingles"
"8808400","LICENSED_LS","5 McCollum Station","Newnan","GA",""
"12272","LICENSED_LS","5201 N Belt Hwy, H","St. Joseph","MO","Target"
"1015692","LICENSED_LS","2219 N. Belt Highway","St. Joseph","MO",""
"1022679","LICENSED_LS","4525 Downs Drive","St. Joseph","MO",""
"1019318","LICENSED_LS","1117 W 400 S","Springville","UT",""
"1054802","LICENSED_LS","1200 South Towne Centre Blvd","Provo","UT","Target"
"1030801","LICENSED_LS","1400 North State St","Provo","UT",""
"1052688","LICENSED_LS","900 Expressway Lane","Spanish Fork","UT","Target"
"1040699","LICENSED_LS","45 S. State Street","Orem","UT",""
"87281","LICENSED_LS","175 W Center St","Orem","UT","Target"
"1027710","LICENSED_LS","1415 Chestnut St.","Murray","KY",""
"1023223","LICENSED_LS","4955 US Highway 9","Howell","NJ","Target"
"6469","LICENSED_LS","570 Rte. 70 West","Brick","NJ","Target"
"1026319","LICENSED_LS","1331 Hopper Ave.","Tom's River","NJ","Target"
"10620","LICENSED_LS","353 Route 37 East","Tom's River","NJ",""
"17914","LICENSED_LS","1600 Perrineville Road","Cranbury","NJ",""
"1022100","LICENSED_LS","2745 Otay Pacific Drive","San Diego","CA",""
"1015682","LICENSED_LS","912 W Bay Ave","Barnegat","NJ",""
"1022999","LICENSED_LS","70 Princeton Hightstown Rd","East Windsor","NJ","Target"
"1038413","LICENSED_LS","NJ Turnpike MM 71.9 S","Cranbury","NJ",""
"1019284","LICENSED_LS","1745 Eastlake Parkway","Chula Vista","CA","Vons"
"9245","LICENSED_LS","2250 Otay Lake Rd","Chula Vista","CA","Vons"
"1019010","LICENSED_LS","910 EASTLAKE PARKWAY","Chula Vista","CA","Target"
"1019143","LICENSED_LS","400 Ryders Ln","Milltown","NJ","Target"
"1013620","LICENSED_LS","Mile Marker 92.9","Woodbridge Twp","NJ",""
"1025524","LICENSED_LS","Thomas Edison Travel Plaza Milepost 92.9","Woodbridge","NJ",""
"1031511","LICENSED_LS","250 Woodbridge Center","Woodbridge Township","NJ",""
"1005251","LICENSED_LS","275 Menlo Park Mall","Edison","NJ",""
"1011093","LICENSED_LS","100 Parsonage Rd","Edison","NJ","Target"
"14345","LICENSED_LS","209 W Ventura Blvd","Camarillo","CA","Target"
"1055887","LICENSED_LS","940 Arneill Road","Camarillo","CA","Vons"
"8308","LICENSED_LS","5275 Mission Oaks Blvd","Camarillo","CA","Vons"
"14126","LICENSED_LS","2101 N Rose Ave","Oxnard","CA","Vons"
"7593","LICENSED_LS","2705 Teller Rd","Thousand Oaks","CA","Target"
"63178","LICENSED_LS","2850 N Oxnard Blvd","Oxnard","CA","Target"
"9902","LICENSED_LS","1291 S VICTORIA BLVD","Oxnard","CA","Vons"
"1006825","LICENSED_LS","1776 S Victoria Ave","Ventura","CA","Ralphs"
"17735","LICENSED_LS","5688 Telephone Rd","Ventura","CA","Vons"
"1007002","LICENSED_LS","101 Memorial Way","Thousand Oaks","CA",""
"1019735","LICENSED_LS","1500 Moorpark Rd","Thousand Oaks","CA","Ralphs"
"9449","LICENSED_LS","4241 Tierra Rejada Rd","Moorpark","CA","Vons"
"12881","LICENSED_LS","6120 Telegraph Rd","Ventura","CA","Vons"
"14477","LICENSED_LS","576 W Main St","Santa Paula","CA","Vons"
"1022955","LICENSED_LS","4200 E Main St","Ventura","CA","Target"
"1012581","LICENSED_LS","101 W Los Angeles Ave","Moorpark","CA","Ralphs"
"6542","LICENSED_LS","245 S Mills Rd, Pacific View Mall","Ventura","CA","Target"
"12651","LICENSED_LS","417 3rd Ave","Albany","GA",""
"1017660","LICENSED_LS","2721 Dawson Rd.","Albany","GA","Target"
"1009057","LICENSED_LS","101 Grand Ave","North Brunswick","NJ","Target"
"7657","LICENSED_LS","4190 Rt 1 N","South Brunswick","NJ","Target"
"1021130","LICENSED_LS","One Robert Wood Johnson Place","New Brunswick","NJ",""
"10202","LICENSED_LS","3333 Rt. 27","Franklin Twp","NJ",""
"1015450","LICENSED_LS","110 Ethel Rd West, Suite B","Piscataway","NJ",""
"1005709","LICENSED_LS","105 Joyce Kilmer Ave, #30","Piscataway","NJ",""
"7061","LICENSED_LS","5000 Hadley Center Dr","South Plainfield","NJ","Target"
"89855","LICENSED_LS","45 Central Ave","Clark","NJ","Target"
"1040435","LICENSED_LS","621 W Edgar RD","Linden","NJ","Target"
"1008828","LICENSED_LS","1515 US Highway 22","Watchung","NJ","Target"
"10773","LICENSED_LS","2911 Jamacha Rd","El Cajon","CA","Target"
"1017275","LICENSED_LS","543 Sweetwater Rd","Spring Valley","CA","Albertsons"
"1024826","LICENSED_LS","5469 Casino Way","El Cajon","CA",""
"8639","LICENSED_LS","1201 Avocado Ave.","El Cajon","CA","Vons"
"10807","LICENSED_LS","29211 Heather Cliff Rd","Malibu","CA",""
"1019294","LICENSED_LS","24255 PACIFIC COAST HIGHWAY","Malibu","CA",""
"1007499","LICENSED_LS","30740 Russell Ranch Rd","Westlake Village","CA","Target"
"9402","LICENSED_LS","5671 Kanan Rd.","Agoura Hills","CA","Vons"
"9385","LICENSED_LS","26521 Agoura Road","Calabasas","CA","Albertsons"
"20223","LICENSED_LS","17380 Sunset Blvd","Pacific Palisades","CA","Vons"
"14736","LICENSED_LS","6534 Platt Ave","West Hills","CA",""
"1030761","LICENSED_LS","21909 Ventura Blvd","Woodland Hills","CA","Ralphs"
"1006427","LICENSED_LS","6636 Fallbrook Avenue","West Hills","CA","Target"
"14878","LICENSED_LS","1268 Madera Road","Simi Valley","CA","Albertsons"
"14240","LICENSED_LS","21850 Oxnard St","Woodland Hills","CA",""
"14344","LICENSED_LS","20801 Ventura Blvd","Woodland Hills","CA","Target"
"13107","LICENSED_LS","2764 E Thompson Blvd","Ventura","CA","Vons"
"7257","LICENSED_LS","115 W. MAIN ST.","Ventura","CA","Vons"
"1019908","LICENSED_LS","751 Mount View","Rapid City","SD",""
"1009963","LICENSED_LS","523 6th Street","Rapid City","SD",""
"10719","LICENSED_LS","1415 Elgin St","Rapid City","SD","Target"
"8765800","LICENSED_LS","571 Hotel Way","Rapid City","SD",""
"10015","LICENSED_LS","5151 Frederica St","Owensboro","KY","Target"
"8961100","LICENSED_LS","401 W 2nd St","Owensboro","KY",""
"1006259","LICENSED_LS","620 W Platte Ave","Fort Morgan","CO","Safeway"
"1020860","LICENSED_LS","1678 Brown Ave.","Waynesville","NC","Ingles"
"10474","LICENSED_LS","201 Barber Blvd","Waynesville","NC","Ingles"
"7552","LICENSED_LS","630 Champion Dr","Canton","NC","Ingles"
"1012982","LICENSED_LS","1572 Sand Hill Rd","Candler","NC","Ingles"
"1025468","LICENSED_LS","153 Smokey Park Hwy.","Asheville","NC","Ingles"
"1005236","LICENSED_LS","1940 Eastwood Rd","Wilmington","NC","Harris Teeter"
"1009296","LICENSED_LS","6805 Parker Farm Rd","Wilmington","NC","Harris Teeter"
"1018233","LICENSED_LS","5031 Riegel Rd.","Wilmington","NC",""
"10920","LICENSED_LS","2800 S College Rd","Wilmington","NC","Harris Teeter"
"1007279","LICENSED_LS","820 S College Rd","Wilmington","NC","Harris Teeter"
"1031632","LICENSED_LS","8260 Market St","Wilmington","NC","Harris Teeter"
"8940900","LICENSED_LS","5613-200 Carolina Beach Rd","Wilmington","NC","Target"
"1020527","LICENSED_LS","4711 New Centre Drive","Wilmington","NC","Target"
"116580","MALL","3502 Oleander Dr, Independence Mall","Wilmington","NC","Oleander and Independence"
"1009292","LICENSED_LS","5920 Carolina Beach Road","Wilmington","NC","Harris Teeter"
"1039749","LICENSED_LS","3860 Carolina Beach Road","Wilmington","NC","Harris Teeter"
"1018583","LICENSED_LS","203 ALSTON BLVD","Hampstead","NC","Harris Teeter"
"8953","LICENSED_LS","8011 University Ave.","La Mesa","CA","Vons"
"12747","LICENSED_LS","20440 Devonshire St","Chatsworth","CA","Vons"
"9977","LICENSED_LS","6700 Topanga Canyon Blvd","Canoga Park","CA","Target"
"1021205","LICENSED_LS","19781 Rinaldi St","Northridge","CA","Ralphs"
"1007056","LICENSED_LS","2012 South Croatan Highway","Kill Devil Hills","NC","Harris Teeter"
"1024520","LICENSED_LS","20 26th St. E","Williston","ND","Albertsons"
"1007245","LICENSED_LS","471 University Pkwy","Aiken","SC",""
"9779","LICENSED_LS","1795 Whiskey Rd","Aiken","SC","Kroger"
"8995200","LICENSED_LS","2545 Whiskey Rd","Aiken","SC","Target"
"1007457","LICENSED_LS","718 North Sherman Ave","Springfield","MO",""
"69849","LICENSED_LS","1110 E Madison St","Springfield","MO",""
"1011704","LICENSED_LS","1260 E St. Louis St","Springfield","MO",""
"91129","LICENSED_LS","4015 SW 10th St","Topeka","KS",""
"1005598","LICENSED_LS","1700 Declaration Drive","Independence","KY","Kroger"
"19339","LICENSED_LS","2150 Dixie Hwy","Fort Mitchell","KY","Kroger"
"8701900","LICENSED_LS","3073 Dixie Highway","Edgewood","KY","Kroger"
"1013392","LICENSED_LS","1100 Hansel Drive","Florence","KY","Target"
"10606","LICENSED_LS","635 Chestnut Drive","Walton","KY","Kroger"
"1040453","LICENSED_LS","1135 Claypool Hill Mall Rd","Cedar Bluff","VA","Food City"
"8605800","LICENSED_LS","18765 Riverside Dr","Vansant","VA","Food City"
"9887","LICENSED_LS","650 ELM STREET","Page","AZ","Safeway"
"17924","LICENSED_LS","11867 Sutton Way","Grass Valley","CA","Safeway"
"1042336","LICENSED_LS","111 West Mcknight Way","Grass Valley","CA","Target"
"1028797","LICENSED_LS","905 Highway 133","Carbondale","CO",""
"16976","LICENSED_LS","250 E Valley Rd","El Jebel","CO",""
"1019369","LICENSED_LS","9001 US-42","Union","KY","Kroger"
"1007458","LICENSED_LS","7685 Mall Rd.","Florence","KY","Kroger"
"6900","LICENSED_LS","1751 Patrick Drive","Burlington","KY","Kroger"
"18655","LICENSED_LS","3105 North Bend Rd","Hebron","KY","Kroger"
"1028406","LICENSED_LS","5080 Dehli Pike","Cincinnati","OH","Kroger"
"10871","LICENSED_LS","6100 Glenway Ave","Cincinnati","OH","Target"
"6383","LICENSED_LS","6165 Glenway Avenue","Cincinnati","OH","Kroger"
"14341","LICENSED_LS","3491 North Bend Rd","Cincinnati","OH","Kroger"
"1025247","LICENSED_LS","5910 Harrison Ave","Cincinnati","OH","Kroger"
"89080","LICENSED_LS","9040 Colerain Ave","Cincinnati","OH","Target"
"1023921","LICENSED_LS","3636 Springdale Rd","Cincinnati","OH","Kroger"
"1040466","LICENSED_LS","200 Lease Ave","Greenville","OH","Kroger"
"1006094","LICENSED_LS","2100 W. Michigan Street","Sidney","OH","Kroger"
"1016247","LICENSED_LS","4001 SR 128","Cleves","OH","Kroger"
"1040640","LICENSED_LS","880 West Eads Pkwy","Lawrenceburg","IN","Kroger"
"18769","LICENSED_LS","10515 Harrison Ave","Harrison","OH","Kroger"
"1054358","LICENSED_LS","560 Wessel Drive","Fairfield","OH","Kroger"
"1016931","LICENSED_LS","1690 Allen Creek Road","Grants Pass","OR","Albertsons"
"10357","LICENSED_LS","1001 13th St S","Virginia","MN","Target"
"17818","LICENSED_LS","1365 W Walnut Ave","Dalton","GA","Kroger"
"1031003","LICENSED_LS","155 Poarch Rd","Atmore","AL",""
"7223","LICENSED_LS","490 Marsh Landing Pkwy","Jacksonville Beach","FL","Target"
"1053511","LICENSED_LS","467 N. 1st Street","Jacksonville Beach","FL",""
"1032842","LICENSED_LS","4500 San Pablo Road, 160W","Jacksonville","FL",""
"8891200","LICENSED_LS","4500 San Pablo Road","Jacksonville","FL",""
"1026673","LICENSED_LS","14550 OLD SAINT AUGUSTINE RD","Jacksonville","FL",""
"17372","LICENSED_LS","13740 Beach Blvd","Jacksonville","FL","Target"
"1022205","LICENSED_LS","9041 Southside Blvd","Jacksonville","FL","Target"
"17834","LICENSED_LS","4567 St. Johns Bluff Road S","Jacksonville","FL",""
"65675","LICENSED_LS","11203 S Frontage Rd","Yuma","AZ",""
"10849","LICENSED_LS","2020 South Ave 8E","Yuma","AZ",""
"1028169","LICENSED_LS","429 University Dr.","Prestonsburg","KY","Food City"
"1021761","LICENSED_LS","215 Cassidy Blvd.","Pikeville","KY","Food City"
"1024719","LICENSED_LS","911 S Bypass Road","Pikeville","KY",""
"1007599","LICENSED_LS","438 Plaza Drive","Morenci","AZ",""
"10730","LICENSED_LS","2125 W US-70","Thatcher","AZ","Safeway"
"1019389","LICENSED_LS","901 Flint Ave.","Lubbock","TX",""
"1052516","LICENSED_LS","2625 15th Street","Lubbock","TX",""
"1022449","LICENSED_LS","4425 19th Street","Lubbock","TX",""
"1020045","LICENSED_LS","6313 4th Street","Lubbock","TX",""
"1007615","LICENSED_LS","5601 19th St","Lubbock","TX",""
"1016693","LICENSED_LS","3405 50th Street","Lubbock","TX",""
"10106","LICENSED_LS","6064 Brownfield Hmy","Lubbock","TX","Target"
"1016958","LICENSED_LS","8010 Frankford Avenue","Lubbock","TX",""
"1026206","LICENSED_LS","4205 98th Street","Lubbock","TX",""
"1030937","LICENSED_LS","11310 Slide Rd","Lubbock","TX",""
"1029335","LICENSED_LS","1400 Harrison St","Quincy","IL","Hy-Vee"
"8713100","LICENSED_LS","1000 Glenn Hearn Blvd","Huntsville","AL",""
"1015848","LICENSED_LS","4579 Wall Triana Hwy","Madison","AL","Kroger"
"1039512","LICENSED_LS","8855 Highway 72 W","Madison","AL","Kroger"
"87103","LICENSED_LS","8207 Highway 72 W","Madison","AL","Target"
"18205","LICENSED_LS","2141 Point Mallard Pkwy","Decatur","AL","Target"
"1026674","LICENSED_LS","3230 ACTON DRIVE, BLDG 3230","Redstone Arsenal","AL",""
"11783","LICENSED_LS","2750 Carl T Jones Dr SE, 7","Huntsville","AL","Target"
"9144200","LICENSED_LS","17878 Lucas Ferry RD","ATHENS","AL","Food City"
"8530000","LICENSED_LS","7060 Highway 431 S","Owens Cross Roads","AL","Food City"
"1030315","LICENSED_LS","10343 E County Hwy 30A, 126","Seacrest","FL",""
"17120","LICENSED_LS","3112 Vestal Pkwy E","Vestal","NY","Target"
"1031254","LICENSED_LS","4400 Vestal Parkway East","Binghamton","NY",""
"87104","LICENSED_LS","40 Catherwood Rd","Ithaca","NY","Target"
"18377","LICENSED_LS","3600 Highway 151","Marion","IA","Hy-Vee"
"1011938","LICENSED_LS","4706 N Midkiff Road","Midland","TX",""
"1013404","LICENSED_LS","4001 N Midland Dr","Midland","TX","Target"
"7102","LICENSED_LS","1002 Dixieland Rd","Harlingen","TX","Target"
"8409","LICENSED_LS","4200 N Expy","Brownsville","TX","Target"
"1055903","LICENSED_LS","1015 Gault Ave S","Ft Payne","AL","Food City"
"10294","LICENSED_LS","1606 Memorial Dr.","Waycross","GA","Kroger"
"7060","LICENSED_LS","46 Ash Brook Rd","Keene","NH","Target"
"18122","LICENSED_LS","457 W Main St","Trinidad","CO","Safeway"
"1056013","LICENSED_LS","759 W Washington","Marshfield","MO",""
"1032990","LICENSED_LS","2150 E Sunshine St","Springfield","MO","Hy-Vee"
"1007533","LICENSED_LS","475 Fortman Dr","St. Mary's","OH","Kroger"
"6898","LICENSED_LS","1501 1st Avenue E","Newton","IA","Hy-Vee"
"66375","LICENSED_LS","1 LIBRARY LOOP","Oxford","MS",""
"1007491","LICENSED_LS","1520 University Circle Exstention","Oxford","MS",""
"1028020","LICENSED_LS","2013 University Ave.","Oxford","MS","Kroger"
"7279","LICENSED_LS","660 Bailey Road","Pittsburg","CA","Safeway"
"11451","LICENSED_LS","3365 Deer Valley Rd","Antioch","CA","Safeway"
"1011561","LICENSED_LS","5769 Lone Tree Way","Antioch","CA","Target"
"8596500","LICENSED_LS","NY State Thruway Mile Post 96 South","Ruby","NY",""
"116364","MALL","10835 Kings Rd, Ste 290, Tanger Myrtle Beach Hwy 17 Outlet Mall","Myrtle Beach","SC","Tanger Outlets Myrtle Beach-US"
"9469","LICENSED_LS","7200 North Ocean Blvd","Myrtle Beach","SC",""
"89239","LICENSED_LS","2913A N. Ocean Blvd","Myrtle Beach","SC",""
"11499","LICENSED_LS","2005 North Ocean Blvd","Myrtle Beach","SC",""
"1044287","LICENSED_LS","1173 Celebrity Circle, 440","Myrtle Beach","SC",""
"1022335","LICENSED_LS","1410 N OCEAN BLVD","Myrtle Beach","SC",""
"6474","LICENSED_LS","504 N Ocean Blvd","Myrtle Beach","SC",""
"14363","LICENSED_LS","1150 Seaboard St","Myrtle Beach","SC","Target"
"1031523","LICENSED_LS","2000 Coastal Grand Cir","Myrtle Beach","SC",""
"1030419","LICENSED_LS","1100 Jetport Rd","Myrtle Beach","SC",""
"8404","LICENSED_LS","3735 Renee Drive","Myrtle Beach","SC","Kroger"
"89780","LICENSED_LS","140 Sayebrook Pkwy","Myrtle Beach","SC","Target"
"8558400","LICENSED_LS","370 University Blvd.","Conway","SC",""
"1005979","LICENSED_LS","2939 S Highway 17","Murrells Inlet","SC","Kroger"
"20385","LICENSED_LS","1842 N College Ave","Fort Collins","CO","King Soopers"
"1018518","LICENSED_LS","731 S. Lemay","Fort Collins","CO","Safeway"
"1032156","LICENSED_LS","460 S. College Ave","Fort Collins","CO","Target"
"9740","LICENSED_LS","2602 S Timberline Rd","Fort Collins","CO","King Soopers"
"1054685","LICENSED_LS","2535 S College Ave","Fort Collins","CO","King Soopers"
"11259","LICENSED_LS","1426 E Harmony Rd","Fort Collins","CO","Safeway"
"19208","LICENSED_LS","1015 S Taft Hill Rd","Fort Collins","CO","King Soopers"
"18192","LICENSED_LS","4503 JFK Pkwy","Fort Collins","CO","King Soopers"
"7300","LICENSED_LS","2936 Council Tree Ave","Fort Collins","CO","Target"
"12936","LICENSED_LS","2160 W Drake Rd, Unit 6","Fort Collins","CO","Safeway"
"13720","LICENSED_LS","1520 Main Street","Windsor","CO","King Soopers"
"13093","LICENSED_LS","1535 Main St","Windsor","CO","Safeway"
"1006761","LICENSED_LS","253 E 29th St","Loveland","CO","King Soopers"
"1018632","LICENSED_LS","1725 ROCKY MTN AVE","Loveland","CO","Target"
"11019","LICENSED_LS","2321 W Eisenhower Blvd","Loveland","CO","Safeway"
"20019","LICENSED_LS","6922 W 10th St","Greeley","CO","King Soopers"
"92863","LICENSED_LS","1275 Eagle Dr","Loveland","CO","King Soopers"
"13101","LICENSED_LS","3526 W 10th St","Greeley","CO","Safeway"
"13983","LICENSED_LS","4548 Center Place Drive","Greeley","CO","Safeway"
"114024","LICENSED_LS","2100 35th Ave","Greeley","CO","King Soopers"
"12816","LICENSED_LS","4400 Centerplace Dr","Greeley","CO","Target"
"1032875","LICENSED_LS","1125 2nd St","Brentwood","CA","Safeway"
"1054467","LICENSED_LS","14840 HWY 4","Discovery Bay","CA","Safeway"
"15426","LICENSED_LS","3110 Balfour Road","Brentwood","CA","Safeway"
"18263","LICENSED_LS","2808 Country Club Dr","Stockton","CA","Safeway"
"15059","LICENSED_LS","10424 Trinity Pkwy","Stockton","CA","Target"
"12201","LICENSED_LS","3496 Camino Tassajara","Danville","CA","Safeway"
"12490","LICENSED_LS","2121 Cowell Blvd.","Davis","CA","Safeway"
"10925","LICENSED_LS","4601 2nd St","Davis","CA","Target"
"17371","LICENSED_LS","2005 Town Center Plus","West Sacramento","CA","Target"
"6771","LICENSED_LS","11060 Bollinger Canyon Rd","San Ramon","CA","Safeway"
"13997","LICENSED_LS","21301 Hwy 410","Bonney Lake","WA","Safeway"
"15762","LICENSED_LS","325 5th St","Brookings","OR","Fred Meyer"
"12594","LICENSED_LS","250 S Colonial Dr","Alabaster","AL","Target"
"1044885","LICENSED_LS","975 Fairmount Ave","Jamestown","NY","Target"
"18253","LICENSED_LS","6360 US Route 60","Barboursville","WV","Kroger"
"1025619","LICENSED_LS","2070 Thundering Herd Rd","Barboursville","WV","Target"
"1024421","LICENSED_LS","284 Morrell Rd.","Knoxville","TN","Food City"
"1006801","LICENSED_LS","8040 Ray Mears Blvd","Knoxville","TN","Target"
"1029540","LICENSED_LS","6710 Malone Creek Dr","Knoxville","TN","Food City"
"1017743","LICENSED_LS","6670 Clinton Hwy","Knoxville","TN","Target"
"12960","LICENSED_LS","1017 Francis Street","Knoxville","TN",""
"9890","LICENSED_LS","1235 Phillip Fulmer Way","Knoxville","TN",""
"16413","LICENSED_LS","501 West Church Street","Knoxville","TN",""
"1020689","LICENSED_LS","530 S. Gay Street","Knoxville","TN",""
"18090","LICENSED_LS","9161 Middlebrook Pike","Knoxville","TN","Kroger"
"89238","LICENSED_LS","9225 Kingston Rd.","Knoxville","TN","Kroger"
"1026761","LICENSED_LS","7466 Oak Ridge Hwy.","Knoxville","TN","Ingles"
"1033139","LICENSED_LS","9565 Middlebrook Pike","Knoxville","TN","Food City"
"1015987","LICENSED_LS","I75 and Emory Rd","Powell","TN","Kroger"
"91139","LICENSED_LS","430 E Emory Rd","Powell","TN","Ingles"
"87106","LICENSED_LS","5201 N Broadway St & Knox Rd","Fountain City","TN","Kroger"
"18091","LICENSED_LS","9501 S. Northshore Dr.","Knoxville","TN","Kroger"
"89781","LICENSED_LS","1900 Town Center Blvd","Knoxville","TN","Target"
"8405","LICENSED_LS","4700 New Harvest Ln","Knoxville","TN","Target"
"11335","LICENSED_LS","11100 Parkside Dr","Knoxville","TN","Target"
"1031723","LICENSED_LS","2712 Loves Creek Rd","Knoxville","TN","Food City"
"1021910","LICENSED_LS","7202 Maynardville Hwy.","Knoxville","TN","Food City"
"10709","LICENSED_LS","189 Brooklawn Street","Farragut","TN","Kroger"
"7610","LICENSED_LS","2055 Airport Hwy","Alcoa","TN",""
"8580200","LICENSED_LS","11501 Hardin Valley Rd","Knoxville","TN","Food City"
"1039604","LICENSED_LS","1388 Tesla Rd","Alcoa","TN","Food City"
"92869","LICENSED_LS","11817 Kingston Pike","Farragut","TN","Ingles"
"9102000","LICENSED_LS","7510 Asheville Hwy","Knoxville","TN","Food City"
"1007524","LICENSED_LS","62 Ivanhoe Rd & Raleigh Rd","Oakridge","TN","Kroger"
"17020","LICENSED_LS","1060 Ashland Road","Mansfield","OH","Kroger"
"18725","LICENSED_LS","108 Ravine Pkwy, Hunt Student Union","Oneonta","NY",""
"8652000","LICENSED_LS","830 Winfield Dunn Pkwy","Sevierville","TN","Target"
"1028454","LICENSED_LS","741 Dolly Parton Parkway","Sevierville","TN","Food City"
"1038535","LICENSED_LS","2946 Winfield Dunn Parkway","Kodak","TN","Food City"
"1015059","LICENSED_LS","404 Hwy 321 N","Lenoir City","TN","Ingles"
"1028446","LICENSED_LS","2120 Hwy 411","Vonore","TN","Food City"
"10307","LICENSED_LS","1820 Roane State Highway","Harriman","TN","Kroger"
"8580000","LICENSED_LS","180 Rutledge Pike","Blaine","TN","Food City"
"1055256","LICENSED_LS","4344 Maynardville Hwy","Maynardville","TN","Food City"
"1026228","LICENSED_LS","123 West Hwy 25-70","Dandridge","TN","Food City"
"8842300","LICENSED_LS","6745 Beulah Church Rd","Louisville","KY","Kroger"
"1054165","LICENSED_LS","234 Eastbrooke Pkwy","Mt Washington","KY","Kroger"
"9109100","LICENSED_LS","7311 Jefferson Blvd","Louisville","KY","Target"
"1019182","LICENSED_LS","9080 Taylorsville","Louisville","KY","Kroger"
"9724","LICENSED_LS","4640 Taylorsville Rd","Louisville","KY","Target"
"1007485","LICENSED_LS","3600 Mall Road","Louisville","KY","Target"
"17109","LICENSED_LS","12501 Shelbyville Rd","Middletown","KY","Kroger"
"1016825","LICENSED_LS","600 Terminal Dr","Louisville","KY",""
"1015427","LICENSED_LS","600 Terminal Dr","Louisville","KY",""
"1015910","LICENSED_LS","4915 Dixie Highway","Louisville","KY","Kroger"
"10856","LICENSED_LS","660 South Grand Avenue","Sun Prairie","WI","Target"
"1029175","LICENSED_LS","500 E. Third Street","Alliance","NE","Safeway"
"86970","LICENSED_LS","2430 Santa Barbara Blvd","Cape Coral","FL","Target"
"6497","LICENSED_LS","1890 NE Pine Island Rd","Cape Coral","FL","Target"
"7155","LICENSED_LS","14830 Captiva RD","Captiva","FL",""
"1040731","LICENSED_LS","1901 N Croatan Highway","Kill Devil Hills","NC","Target"
"1007069","LICENSED_LS","6010 Currituck Clubhouse DR","Corolla","NC","Harris Teeter"
"1053115","LICENSED_LS","120 State Street, Suite E","Santa Barbara","CA",""
"1017308","LICENSED_LS","1180 UNIVERSITY CENTER","Santa Barbara","CA",""
"1019810","LICENSED_LS","5170 Hollister Ave","Goleta","CA","Ralphs"
"1026658","LICENSED_LS","6865 Hollister Ave","Goleta","CA","Target"
"1021772","LICENSED_LS","7127 Hollister Ave #27","Goleta","CA","Albertsons"
"1017503","LICENSED_LS","1229 Hwy 16 South","Graham","TX",""
"1053536","LICENSED_LS","1269 Nexton Parkway","Summerville","SC","Harris Teeter"
"113730","LICENSED_LS","450 Azalea Square Blvd","Summerville","SC","Target"
"11635","LICENSED_LS","3885 E Main St","St. Charles","IL","Target"
"16626","LICENSED_LS","530 Randall Rd","South Elgin","IL","Target"
"15323","LICENSED_LS","300 S Randall Rd","Elgin","IL","Target"
"1012326","LICENSED_LS","238 S 8th St","Blair","NE",""
"17687","LICENSED_LS","3410 N 156th","Omaha","NE","Hy-Vee"
"18582","LICENSED_LS","13250 W Maple Rd","Omaha","NE",""
"11341","LICENSED_LS","4001 N 132nd St","Omaha","NE","Target"
"1016185","LICENSED_LS","747 N. 132nd Street","Omaha","NE","Hy-Vee"
"8395","LICENSED_LS","7400 Dodge St","Omaha","NE","Target"
"1054624","LICENSED_LS","6401 University Dr N","Omaha","NE",""
"1007601","LICENSED_LS","8809 W Center Rd","Omaha","NE","Hy-Vee"
"17435","LICENSED_LS","5150 Center","Omaha","NE","Hy-Vee"
"1006838","LICENSED_LS","9707 Q St","Omaha","NE","Hy-Vee"
"1025695","LICENSED_LS","92 -1048 Olani St, 3-103C","Kapolei","HI",""
"10862","LICENSED_LS","4450 Kapolei Pkwy","Kapolei","HI","Target"
"92864","LICENSED_LS","91-1119 Keaunui St","Ewa Beach","HI","Safeway"
"16951","MALL","86-120 Farrington Highway, Waianae Mall Shopping Center","Waianae","HI","Waianae Mall - Farrington Hwy"
"1021780","LICENSED_LS","Hickam AFB Bldg. B-1250","Hickam AFB","HI",""
"1030268","LICENSED_LS","4725 BOUGAINVILLE DR.","HONOLULU","HI",""
"6707","LICENSED_LS","300 Rogers Boulevard","Honolulu","HI",""
"14766","LICENSED_LS","300 Rogers Blvd.","Honolulu","HI",""
"1014052","LICENSED_LS","300 ROGERS BLVD","Honolulu","HI",""
"10129","LICENSED_LS","300 Rogers Boulevard","Honolulu","HI",""
"13888","LICENSED_LS","300 Rogers Blvd","Honolulu","HI",""
"11420","LICENSED_LS","300 Rogers Blvd.","Honolulu","HI",""
"10863","LICENSED_LS","4380 Lawehana Street","Honolulu","HI","Target"
"17466","LICENSED_LS","300 Rogers Boulevard","Honolulu","HI",""
"13160","LICENSED_LS","300 Rogers Blvd., Honolulu International Airport","Honolulu","HI",""
"1014008","LICENSED_LS","300 Rogers Blvd","Honolulu","HI",""
"16968","LICENSED_LS","Bldg. 693","Schofield Barracks","HI",""
"1006382","LICENSED_LS","1 Jarrett White Rd","Honolulu","HI",""
"1020267","LICENSED_LS","1450 Ala Moana Blvd, 2401","Honolulu","HI","Target"
"69554","LICENSED_LS","1234 Beretania St","Honolulu","HI","Safeway"
"1013302","LICENSED_LS","410 Atkinson Drive","Honolulu","HI",""
"1016043","LICENSED_LS","1600 East Jackson","Macomb","IL","Hy-Vee"
"12657","LICENSED_LS","3250 Lief Erikson Drive","Astoria","OR","Safeway"
"114070","LICENSED_LS","650 Brown Rd","Auburn Hills","MI","Target"
"8886300","LICENSED_LS","3188 Walton Blvd","Rochester Hills, MI","MI",""
"18627","LICENSED_LS","240 West Fitzgerald Blvd","Edwards AFB","CA",""
"1021077","LICENSED_LS","525 W Cherry Street","Vermillion","SD","Hy-Vee"
"9771","LICENSED_LS","2100n Broadway Ave","Yankton","SD","Hy-Vee"
"15147","LICENSED_LS","718 N Washington St","Papillion","NE","Target"
"15896","LICENSED_LS","3614 Twin Creek Dr","Bellevue","NE",""
"113735","LICENSED_LS","3808 Twin Creek Dr","Bellevue","NE","Target"
"16960","LICENSED_LS","11650 S 73rd St","Papillion","NE","Hy-Vee"
"1040485","LICENSED_LS","2169 Kalia Road #102","Honolulu","HI",""
"10949","LICENSED_LS","2005 Kalia Rd","Honolulu","HI",""
"18375","LICENSED_LS","2005 Kalia Road","Honolulu","HI",""
"8587400","LICENSED_LS","2345 Kuhio Ave","Honolulu","HI","Target"
"6830","LICENSED_LS","888 Kapahulu Ave","Honolulu","HI","Safeway"
"1026763","LICENSED_LS","1319 PUNAHOU STREET","Honolulu","HI",""
"89773","LICENSED_LS","2465 Campus Rd Ste 220","Honolulu","HI",""
"1037446","LICENSED_LS","2563 Dole Street","Honolulu","HI",""
"1009084","MALL","4211 Waialae Avenue, Kahala Mall, R","Honolulu","HI","Kahala Mall Exterior - Kilauea"
"1038570","LICENSED_LS","46-056 Kamehameha Hwy","Kaneohe","HI","Target"
"1005642","MALL","46-056 Kamehameha, Windward Mall, C01","Kaneohe","HI","Windward Mall"
"9903","LICENSED_LS","2621 W Schaumburg Rd","Schaumburg","IL","Target"
"1028728","LICENSED_LS","2575 W Golf Road","Hoffman Estates","IL",""
"12385","LICENSED_LS","1001 S Sutton Rd","Streamwood","IL","Target"
"8863200","LICENSED_LS","4800 Hoffman Blvd","Hoffman Estates","IL",""
"7054","LICENSED_LS","2800 N Sutton Road","Hoffman Estates","IL","Target"
"9624","LICENSED_LS","1235 East Higgins Rd","Schaumburg","IL","Target"
"1009930","LICENSED_LS","1200 W Algonquin Rd","Palatine","IL",""
"1014329","MALL","5 Woodfield Mall","Schaumburg","IL","Center Court Kiosk Woodfield M"
"10550","LICENSED_LS","1 Woodfield Mall","Schaumburg","IL",""
"1007374","LICENSED_LS","800 Biesterfield Rd","Elk Grove Village","IL",""
"17660","LICENSED_LS","175 W Army Trail Rd","Glendale Heights","IL","Target"
"1016561","LICENSED_LS","3000 Kirchoff Road","Rolling Meadows","IL",""
"1055042","LICENSED_LS","2164 Bloomingdale Road","Glendale Heights","IL",""
"1039035","LICENSED_LS","545 N Hicks Road","Palatine","IL",""
"65469","LICENSED_LS","401 W Irving Park Rd","Wood Dale","IL","Target"
"62902","LICENSED_LS","679 E Dundee Rd","Palatine","IL","Target"
"1006637","LICENSED_LS","701 Tappan Avenue","Ann Arbor","MI",""
"1016739","LICENSED_LS","13200 VILLAGE GREEN DR","Huntley","IL",""
"12899","LICENSED_LS","750 Randall Rd","Algonquin","IL","Target"
"1021909","LICENSED_LS","105 Northwest Hwy","Crystal Lake","IL",""
"1055224","LICENSED_LS","6140 Northwest Hwy","Crystal Lake","IL",""
"1026430","LICENSED_LS","5580 Northwest Hwy","Crystal Lake","IL","Target"
"7591","LICENSED_LS","106 Meyer Ave, Bldg 166","Offutt AFB","NE",""
"1006352","LICENSED_LS","16418 Westside Dr","Plattsmouth","NE","Hy-Vee"
"1019464","LICENSED_LS","345 W Roosevelt","Lombard","IL",""
"11041","LICENSED_LS","Mokapu Mall, Bldg 6477, Suite B117","Kailua","HI",""
"1007448","LICENSED_LS","345 Hahani St","Kailua","HI","Target"
"65857","LICENSED_LS","50 E North Ave","Villa Park","IL","Target"
"1014159","LICENSED_LS","1127 S York Rd","Bensenville","IL",""
"1029195","LICENSED_LS","678 N York St","Elmhurst","IL",""
"13166","LICENSED_LS","10000 W Balmoral Ave, Terminal 2, Terminal 2","Chicago","IL",""
"8662000","LICENSED_LS","Circular Building #6","Chicago","IL",""
"13158","LICENSED_LS","10000 W Balmoral Ave, Terminal 1, Terminal 1","Chicago","IL",""
"13138","LICENSED_LS","10000 W Balmoral Ave, Terminal 2, Terminal 2","Chicago","IL",""
"13143","LICENSED_LS","10000 W Balmoral Ave, Terminal 1, Terminal 1","Chicago","IL",""
"13144","LICENSED_LS","10000 W Balmoral Ave, Terminal 3, Terminal 3","Chicago","IL",""
"13142","LICENSED_LS","10000 W Balmoral Ave, Terminal 3, Terminal 3","Chicago","IL",""
"13131","LICENSED_LS","10000 W Balmoral Ave, Terminal 3, Terminal 3","Chicago","IL",""
"1032078","LICENSED_LS","944 S York Street","Elmhurst","IL",""
"68153","LICENSED_LS","10000 West O'Hare Ave, Terminal 3, Terminal 3","Chicago","IL",""
"1021702","LICENSED_LS","10000 O'Hare Ave","Chicago","IL",""
"1028373","LICENSED_LS","625 S Main Street","Wheaton","IL",""
"7437","LICENSED_LS","2000 Waters Rd","Ann Arbor","MI","Target"
"114071","LICENSED_LS","3749 Carpenter Rd.","Ypsilanti","MI","Target"
"8884900","LICENSED_LS","565 E. Michigan Ave","Saline","MI",""
"1021869","LICENSED_LS","1700 E Rand Rd","Arlington Heights","IL","Target"
"20166","LICENSED_LS","1400 E Lake Cook Rd","Wheeling","IL","Target"
"1028455","LICENSED_LS","1350 East Route 22","Lake Zurich","IL",""
"52017","LICENSED_LS","555 S Rand Rd","Lake Zurich","IL","Target"
"1009612","LICENSED_LS","345 S Rand Rd","Lake Zurich","IL",""
"1019500","LICENSED_LS","10 Marriott Dr","Lincolnshire","IL",""
"8050","LICENSED_LS","313 E Townline Rd","Vernon Hills","IL","Target"
"15866","LICENSED_LS","3100 W Rt 60","Mundelein","IL","Target"
"1009609","LICENSED_LS","800 NW Hwy 14","Fox River Grove","IL",""
"1032093","LICENSED_LS","850 W North Ave","Melrose Park","IL","Target"
"65668","LICENSED_LS","7000 Mannheim Rd","Rosemont","IL","Target"
"1012960","LICENSED_LS","5550 N. River Road","Rosemont","IL",""
"1007241","LICENSED_LS","6100 River Rd","Rosemont","IL",""
"116449","LICENSED_LS","5555 N River Road","Rosemont","IL",""
"8431","LICENSED_LS","8500 W Bryn Mawr Ave","Chicago","IL",""
"1021355","LICENSED_LS","1900 S Cumberland Ave","Park Ridge","IL",""
"8087","LICENSED_LS","3010 23rd St.","Columbus","NE","Hy-Vee"
"1013575","LICENSED_LS","924 Highway 62 East","Mountain Home","AR",""
"90554","LICENSED_LS","6999 Jack Rabbit Ln","Belgrade","MT","Albertsons"
"9373","LICENSED_LS","1990 14th Ave SE","Albany","OR","Safeway"
"1014364","LICENSED_LS","2255 14th Ave SE","Albany","OR","Target"
"17972","LICENSED_LS","5270 SW Philomath Blvd","Corvallis","OR","Safeway"
"15132","LICENSED_LS","1983 S Santiem Hwy","Lebanon","OR","Safeway"
"15603","LICENSED_LS","5660 Commercial St SE","Salem","OR","Safeway"
"16883","LICENSED_LS","3450 Commercial St SE","Salem","OR","Fred Meyer"
"17514","LICENSED_LS","1535 N 1st Ave","Stayton","OR",""
"12898","LICENSED_LS","1455 Edgewater St NW","Salem","OR","Safeway"
"16039","LICENSED_LS","1265 Center St","Salem","OR","Safeway"
"9626","LICENSED_LS","138 W Ellendale Ave","Dallas","OR","Safeway"
"1018683","LICENSED_LS","3470 MARKET NE","Salem","OR","Fred Meyer"
"19042","LICENSED_LS","1540 Main St","Sweet Home","OR","Safeway"
"1005606","LICENSED_LS","3200 East Plaza East Drive","Hutchinson","KS",""
"8933900","LICENSED_LS","3575 W Winnemucca Blvd","Winnemucca","NV",""
"12780","LICENSED_LS","301 Kipp Ave","Kemah","TX",""
"13219","LICENSED_LS","255 Marina Bay Dr","Clear Lake Shores","TX","Target"
"9108900","LICENSED_LS","6128 Broadway St","Galveston","TX","Target"
"17503","LICENSED_LS","5730 Seawall Blvd.","Galveston","TX","Kroger"
"12709","LICENSED_LS","2931 Central City Ave","Galveston","TX",""
"90542","LICENSED_LS","1300 W Fairmont Parkway","La Porte","TX","Kroger"
"17955","LICENSED_LS","2750 E. League City Parkway","League City","TX","Kroger"
"1043903","LICENSED_LS","2611 Palisades Center Dr","West Nyack","NY",""
"8343","LICENSED_LS","4120 Palisades Ctr Dr","West Nyack","NY","Target"
"1021532","LICENSED_LS","50 SPRING VALLEY MARKET PLACE","Spring Valley","NY","Target"
"6847","LICENSED_LS","125 Franklin Tpke","Mahwah","NJ",""
"1027443","LICENSED_LS","2945 Scottsville Road","Bowling Green","KY","Kroger"
"8963600","LICENSED_LS","3000 Vandalay Drive","Frankfort","KY","Target"
"6721","LICENSED_LS","302 Brighton Park Boulevard","Frankfort","KY","Kroger"
"14433","LICENSED_LS","2380 W International Spdwy Blvd","Daytona Beach","FL","Target"
"12914","LICENSED_LS","1771 Dunlawton Ave","Port Orange","FL","Target"
"7676","LICENSED_LS","600 S Clyde Morris Blvd","Daytona Beach","FL",""
"1044122","LICENSED_LS","100 N ATLANTIC AVE","DAYTONA BEACH","FL",""
"13817","LICENSED_LS","2575 Enterprise Rd","Orange City","FL","Target"
"12383","LICENSED_LS","1201 W P Ball Blvd","Sanford","FL","Target"
"14962","MALL","1400 Willowbrook Mall, Willowbrook Mall","Wayne","NJ","Willowbrook Mall Food Court"
"1030032","LICENSED_LS","1100 Willowbrook Blvd","Wayne","NJ",""
"1011103","LICENSED_LS","632 US Highway 46","Fairfield","NJ","Target"
"8863900","LICENSED_LS","235 Prospect Ave","West Orange","NJ","Target"
"1023303","LICENSED_LS","94 Old Short Hills Road","Livingston","NJ",""
"1040695","LICENSED_LS","400 S Orange Ave","South Orange","NJ",""
"1021768","LICENSED_LS","1157 US Hwy 46","Parsippany","NJ","Target"
"1014847","LICENSED_LS","130 State Rte 10","East Hanover","NJ","Target"
"12273","LICENSED_LS","195A N Bedford Rd","Mt. Kisco","NY","Target"
"17916","LICENSED_LS","80 Birdsell Road","Somers","NY",""
"1007481","LICENSED_LS","683 Buckner Loop","West Point","NY",""
"1053514","LICENSED_LS","Mile Marker 33 South","Sloatsburg","NY",""
"1054687","LICENSED_LS","MM - 33N","Sloatsburg","NY",""
"8495","LICENSED_LS","128 Bailey Farm Rd","Monroe","NY","Target"
"18567","MALL","400 Dune Rd., Woodbury Common Premium Outlet","Woodbury","NY","Woodbury Common Premium"
"10591","LICENSED_LS","530 CR-515","Vernon","NJ",""
"6534","LICENSED_LS","94 SR-23","Riverdale","NJ","Target"
"1006337","LICENSED_LS","1 N Galleria Dr","Middletown","NY","Target"
"1018034","LICENSED_LS","150 NORTH MAIN","Cedar City","UT",""
"1015247","LICENSED_LS","3638 Rogers Rd","Wake Forest","NC","Harris Teeter"
"1020368","LICENSED_LS","13686 CAPITAL BLVD","Wake Forest","NC","Harris Teeter"
"1020276","LICENSED_LS","14520 JOHN REX BLVD","Raleigh","NC","Harris Teeter"
"12631","LICENSED_LS","12000 Retail Dr","Wake Forest","NC","Target"
"12802","LICENSED_LS","7900 Old Wake Forest Rd","Raleigh","NC","Target"
"1026846","LICENSED_LS","9600 Falls of Neuse Rd.","Raleigh","NC","Harris Teeter"
"8392","LICENSED_LS","1000 Shoppes at Midway Dr","Knightdale","NC","Target"
"1031191","LICENSED_LS","8701 Six Forks Rd","Raleigh","NC","Target"
"16247","LICENSED_LS","4191 The Circle at N Hills St.","Raleigh","NC","Target"
"1025471","LICENSED_LS","8345 Creedmoor Rd","Raleigh","NC","Harris Teeter"
"1011746","LICENSED_LS","2051 W Millbrook Rd","Raleigh","NC","Harris Teeter"
"7706","LICENSED_LS","500 Fayetteville St. Mall","Raleigh","NC",""
"1026641","LICENSED_LS","500 Oberlin Rd.","Raleigh","NC","Harris Teeter"
"1021913","LICENSED_LS","13210 Strickland Rd.","Raleigh","NC","Harris Teeter"
"1005771","LICENSED_LS","67 Flowers Crossroads Wy","Clayton","NC","Harris Teeter"
"1009485","LICENSED_LS","2610 Cates Ave","Raleigh","NC",""
"1024749","LICENSED_LS","1040 Timber Dr E","Garner","NC","Target"
"1008813","LICENSED_LS","2700 Timber Dr","Garner","NC","Target"
"1039974","LICENSED_LS","3931 MACAW STREET","RALEIGH","NC",""
"1021525","LICENSED_LS","8651 Brier Creek Pkwy","Raleigh","NC","Target"
"1018578","LICENSED_LS","4221 Corners Pkwy","Raleigh","NC","Harris Teeter"
"8871100","LICENSED_LS","680 Connecticut Ave","Norwalk","CT","Target"
"1037686","LICENSED_LS","100 N. Water Street","Norwalk","CT",""
"1054818","LICENSED_LS","7 Backus Ave","Danbury","CT","Target"
"1044710","LICENSED_LS","7 Stony Hill Rd","Bethel","CT","Target"
"1016580","LICENSED_LS","3101 Route 22","Patterson","NY",""
"7064","LICENSED_LS","50 SR 17K","Newburgh","NY","Target"
"14616","MALL","1200 Morris Turnpike, The Mall at Short Hills","Shorthills","NJ","The Mall at Short Hills"
"7721","LICENSED_LS","2235 Springfield Ave","Union","NJ","Target"
"1006965","LICENSED_LS","100 Madison Ave","Morristown","NJ",""
"1044727","LICENSED_LS","1 Vauxhall Rd.","Union","NJ",""
"6926","LICENSED_LS","801 Kenilworth Blvd","Kenilworth","NJ",""
"1020076","LICENSED_LS","250 Connell Drive","Berkeley Heights","NJ",""
"19127","LICENSED_LS","1000 Morris Ave","Union","NJ",""
"1016493","LICENSED_LS","550 Myrtle Avenue","Boonton","NJ",""
"12552","LICENSED_LS","381 Mt. Hope Ave","Rockaway","NJ","Target"
"10149","LICENSED_LS","3401 Raleigh Rd Pkwy W","Wilson","NC","Target"
"8826300","LICENSED_LS","923 Johnston Parkway","Kenly","NC",""
"8941200","LICENSED_LS","551 St Mark Ave","Selma","NC","Target"
"10147","LICENSED_LS","731 Sutters Creek Blvd","Rocky Mount","NC","Target"
"1020339","LICENSED_LS","2021 Walnut Street","Cary","NC","Target"
"10486","LICENSED_LS","1151 TRYON VILLAGE DRIVE","Cary","NC","Harris Teeter"
"10332","LICENSED_LS","8101 Fayetteville Rd","Fuquay-Varina","NC","Harris Teeter"
"1009293","LICENSED_LS","885 Walnut St","Cary","NC","Harris Teeter"
"1007770","LICENSED_LS","2080 Kildaire Farm Rd","Cary","NC","Harris Teeter"
"1015229","LICENSED_LS","270 GRANDE HEIGHTS DR.","Cary","NC","Harris Teeter"
"1028061","LICENSED_LS","1801 Fayetteville St.","Durham","NC",""
"1006172","LICENSED_LS","2107 Hillborough Rd","Durham","NC","Harris Teeter"
"1007844","LICENSED_LS","2400 John Brantley Blvd","Raleigh","NC",""
"1016260","LICENSED_LS","2400 John Brantley Blvd","Raleigh","NC",""
"19477","LICENSED_LS","2301 Erwin Rd","Durham","NC",""
"1032440","LICENSED_LS","2301 Erwin Rd.","Durham","NC",""
"1026295","LICENSED_LS","3457 Hillsborough Rd.","Durham","NC","Harris Teeter"
"9146","LICENSED_LS","4037 Chapel Hill Blvd","Durham","NC","Target"
"1040787","LICENSED_LS","6 Earhardt Dr.","Newark","NJ",""
"8940700","LICENSED_LS","2901 Wallace Adcock Blvd","Fuquay-Varina","NC","Target"
"1014386","LICENSED_LS","3430 Ten Ten Rd","Cary","NC","Harris Teeter"
"8212","LICENSED_LS","5277 Sunset Lake Rd","Holly Springs","NC","Harris Teeter"
"114060","LICENSED_LS","100 Grand Hill Place","Holly Springs","NC","Target"
"1025472","LICENSED_LS","940 US Hwy 64","Apex","NC","Harris Teeter"
"1022488","LICENSED_LS","324 VILLAGE WALK DRIVE","Holly Springs","NC","Harris Teeter"
"14467","LICENSED_LS","750 W Williams St","Apex","NC","Harris Teeter"
"68319","LICENSED_LS","3001 Market Center Dr, A","Morrisville","NC","Target"
"16248","LICENSED_LS","1201 Beaver Creek Commons Dr","Apex","NC","Target"
"9958","LICENSED_LS","98 Cornerstone Dr","Cary","NC","Harris Teeter"
"8279","LICENSED_LS","2056 Skibo Rd","Fayetteville","NC","Target"
"7897","MALL","565 Cross Creek Mall, Cross Creek Mall, Suite 100","Fayetteville","NC","Cross Creek"
"1005894","LICENSED_LS","1017 Canopy LN","Fort Bragg","NC",""
"7313","LICENSED_LS","1013 Reilly Road","Fort Bragg","NC",""
"14032","LICENSED_LS","2800 Raeford Rd","Fayetteville","NC","Harris Teeter"
"1039929","LICENSED_LS","1200 MURCHINSON RD","FAYETTEVILLE","NC",""
"91146","LICENSED_LS","3050 Traemoor Village Dr","Fayetteville","NC","Harris Teeter"
"19256","LICENSED_LS","3571 Butner Road, Bldg 8-5476A","Fort Bragg","NC",""
"9894","LICENSED_LS","1650 Herndon Ave","Clovis","CA","Vons"
"1023184","LICENSED_LS","900 Shaw Ave.","Clovis","CA","Target"
"9471","LICENSED_LS","695 W Herndon Ave","Clovis","CA","Target"
"10766","LICENSED_LS","5200 N Barton Ave","Fresno","CA",""
"9981","LICENSED_LS","8949 N Cedar","Fresno","CA","Vons"
"8563000","LICENSED_LS","4888 N Fresno St, Fresno Fashion Fair Mall","Fresno","CA",""
"1010122","LICENSED_LS","5740 N Blackstone Ave","Fresno","CA","Target"
"8864100","LICENSED_LS","205 S Clovis Ave","Fresno","CA","Target"
"9202","LICENSED_LS","7600 N Blackstone Ave","Fresno","CA","Target"
"14108","LICENSED_LS","5638 E Kings Canyon Rd","Fresno","CA","Vons"
"1009008","LICENSED_LS","9300 Valley Children's Place","Madera","CA",""
"8713200","LICENSED_LS","2325 Myers St","Oroville","CA",""
"113438","LICENSED_LS","30019 Hawthorne Blvd","Rancho Palos Verdes","CA","Ralphs"
"14510","LICENSED_LS","7 Peninsula Ctr","Rolling Hills Estates","CA",""
"1029336","LICENSED_LS","43 Peninsula Drive","Rolling Hills Estates","CA","Target"
"8821","LICENSED_LS","715 Pier Ave","Hermosa Beach","CA",""
"14884","LICENSED_LS","1200 N Sepulveda Blvd","Manhattan Beach","CA","Target"
"19393","LICENSED_LS","2700 N Sepulveda Blvd","Manhattan Beach","CA","Ralphs"
"1024476","LICENSED_LS","21600 Hawthorne Blvd.","Torrance","CA",""
"1014712","LICENSED_LS","3433 Sepulveda Blvd","Torrance","CA","Target"
"1016123","LICENSED_LS","500 North Sepulveda","El Segundo","CA","Ralphs"
"1006012","LICENSED_LS","1 World Way","Los Angeles","CA",""
"1006384","LICENSED_LS","1 World Way","Los Angeles","CA",""
"9479","LICENSED_LS","1601 Kingsdale Ave","Redondo Beach","CA","Target"
"8554900","LICENSED_LS","1 World Way","Los Angeles","CA",""
"12207","LICENSED_LS","24325 Crenshaw Blvd.","Torrance","CA","Vons"
"1013267","LICENSED_LS","1413 Hawthorne Blvd","Redondo Beach","CA","Ralphs"
"1045379","LICENSED_LS","300 World Way","Los Angeles","CA",""
"1006776","LICENSED_LS","8701 Lincoln Blvd","Los Angeles","CA","Ralphs"
"1014973","LICENSED_LS","201 World Way","Los Angeles","CA",""
"6438","LICENSED_LS","929 NW Garden Valley Rd","Roseburg","OR","Fred Meyer"
"15130","LICENSED_LS","1539 NE Stephens","Roseburg","OR","Safeway"
"1017667","LICENSED_LS","3150 W Shaw Ave","Fresno","CA","Target"
"9678","LICENSED_LS","710 N Broad St","Brevard","NC","Ingles"
"1011488","LICENSED_LS","502 Ann St","Pickens","SC","Ingles"
"1029299","LICENSED_LS","1500 Greer Hwy","Travelers Rest","SC","Ingles"
"1031285","LICENSED_LS","429 E. Main St.","Liberty","SC","Ingles"
"1023423","LICENSED_LS","5251 Calhoun Memorial Hwy.","Easley","SC","Ingles"
"1031284","LICENSED_LS","410 Pelzer Hwy.","Easley","SC","Ingles"
"1018256","LICENSED_LS","625 SPARTANBURG HWY","Hendersonville","NC","Ingles"
"1020149","LICENSED_LS","636 SPARTANBURG HWY","Hendersonville","NC","Harris Teeter"
"10473","LICENSED_LS","220 Highland Lake Rd","Flat Rock","NC","Ingles"
"91897","LICENSED_LS","1980 Asheville Hwy","Hendersonville","NC","Ingles"
"1022602","LICENSED_LS","10903 Anderson Rd.","Piedmont","SC","Ingles"
"116481","LICENSED_LS","3338 Boylston Hwy","Mills River","NC","Ingles"
"1013223","LICENSED_LS","20820 Interstate 30 N","Benton","AR","Kroger"
"9969","LICENSED_LS","7377 Alcoa Rd","Bryant","AR","Target"
"6625","LICENSED_LS","12700 Chenal Pkwy","Little Rock","AR","Target"
"1027660","LICENSED_LS","2801 S. University Ave","Little Rock","AR",""
"19215","LICENSED_LS","420 S University Ave","Little Rock","AR","Target"
"8724000","LICENSED_LS","2 St. Vincent Circle","Little Rock","AR",""
"1015711","LICENSED_LS","3 Statehouse Plaza","Little Rock","AR",""
"8594000","LICENSED_LS","170 Buckaroo Lane","Bellefonte","PA",""
"65860","LICENSED_LS","30 HUB-Robeson Center","State College","PA",""
"1018751","LICENSED_LS","315 Colonnade Blvd","State College","PA","Target"
"1022757","LICENSED_LS","E- 126 Paterno Library","State College","PA",""
"1022761","LICENSED_LS","2121 S. Atherton St.","State College","PA","Giant"
"1016111","LICENSED_LS","PENN STATE","State College","PA","Target"
"14128","LICENSED_LS","1440 W 25th St","San Pedro","CA","Vons"
"8637","LICENSED_LS","1221 S. GAFFEY Street","San Pedro","CA","Vons"
"1019809","LICENSED_LS","1050 N. Western","San Pedro","CA","Ralphs"
"1017159","LICENSED_LS","28090 S WESTERN AVE","San Pedro","CA","Albertsons"
"10682","LICENSED_LS","1701 N Gaffey St","San Pedro","CA","Target"
"1054485","LICENSED_LS","2130 E Pacific Coast Highway","Lomita","CA","Target"
"7466","LICENSED_LS","651 W Sepulveda Blvd","Carson","CA","Target"
"11365","LICENSED_LS","200 E Sepulveda","Carson","CA","Albertsons"
"1019502","LICENSED_LS","1770 Carson St","Torrance","CA","Ralphs"
"1005158","LICENSED_LS","4700 Admiralty Way","Marina Del Rey","CA","Ralphs"
"1006570","LICENSED_LS","4311 Lincoln Blvd","Marina Del Rey","CA","Ralphs"
"1006778","LICENSED_LS","910 Lincoln Blvd","Venice","CA","Ralphs"
"6875","LICENSED_LS","4365 Glencoe Ave","Marina Del Rey","CA",""
"1027199","LICENSED_LS","1 World Way, LAX Airport","Los Angeles","CA",""
"1012974","LICENSED_LS","1 LMU Drive","Los Angeles","CA",""
"1012148","LICENSED_LS","201 World Way","Los Angeles","CA",""
"8806400","LICENSED_LS","710 Broadway","Santa Monica","CA","Vons"
"1014300","LICENSED_LS","8825 Sepulveda Blvd","Los Angeles","CA","Ralphs"
"8013","LICENSED_LS","820 Montana Avenue","Santa Monica","CA",""
"14641","LICENSED_LS","1311 Wilshire Blvd","Santa Monica","CA","Vons"
"1011655","LICENSED_LS","5933 W. Century Blvd.","Los Angeles","CA",""
"12628","LICENSED_LS","5855 W. Century Blvd","Los Angeles","CA",""
"113680","LICENSED_LS","1644 Cloverfield Blvd","Santa Monica","CA","Ralphs"
"14188","LICENSED_LS","140 N 12th Steet","Hanford","CA","Target"
"11503","MALL","2015 Frontis Plaza Boulevard, Hanes Mall","Winston-Salem","NC","Frontis Plaza Blvd-Hanes Mall"
"1020340","LICENSED_LS","1040 Hanes Mall Blvd.","Winston-Salem","NC","Target"
"8759400","LICENSED_LS","601 S Martin Luther King Jr. Dr.","Winston Salem","NC",""
"1014094","LICENSED_LS","1 Medical Center Blvd","Winston-Salem","NC",""
"1013692","LICENSED_LS","2281 Cloverdale Ave","Winston-Salem","NC","Harris Teeter"
"1011907","LICENSED_LS","2835 Reynolda Rd","Winston-Salem","NC","Harris Teeter"
"1006852","LICENSED_LS","1914 8th St","Coralville","IA","Hy-Vee"
"1014499","LICENSED_LS","1720 Waterfront Drive","Iowa City","IA","Hy-Vee"
"1020295","LICENSED_LS","1441 Coral Ridge Ave","Coralville","IA","Target"
"1005498","LICENSED_LS","812 South 1st Avenue","Iowa City","IA","Hy-Vee"
"1023287","LICENSED_LS","3285 Cross Park Road","Coralville","IA","Hy-Vee"
"1012075","LICENSED_LS","1125 N Dodge St","Iowa City","IA","Hy-Vee"
"14478","LICENSED_LS","4001 Inglewood Ave","Redondo Beach","CA","Vons"
"1026766","LICENSED_LS","14310 Hawthorne Blvd","Los Angeles","CA","Target"
"11275","LICENSED_LS","11030 Jefferson Blvd","Culver City","CA",""
"9312","LICENSED_LS","10820 Jefferson Blvd","Culver City","CA","Target"
"1020112","LICENSED_LS","10772 Jefferson Blvd","Culver City","CA","Ralphs"
"1026201","LICENSED_LS","6200 Slauson Avenue","Culver City","CA",""
"9831","LICENSED_LS","6000 Sepulveda Blvd, Ste 2250","Culver City","CA","Target"
"1021372","LICENSED_LS","11361 National Blvd","Los Angeles","CA","Ralphs"
"1005502","LICENSED_LS","11727 W Olympic Blvd","Los Angeles","CA","Ralphs"
"1016239","LICENSED_LS","5245 W Centinela Ave","Los Angeles","CA","Ralphs"
"7848","LICENSED_LS","3535 S La Cienega Blvd","Los Angeles","CA","Target"
"1024448","LICENSED_LS","11840 SANTA MONICA BLVD","Los Angeles","CA","Target"
"1029383","LICENSED_LS","1833 La Cienega blvd","Los Angeles","CA","Target"
"1006804","LICENSED_LS","5080 Obama Blvd","Los Angeles","CA","Ralphs"
"1006878","LICENSED_LS","12057 Wilshire Blvd","Los Angeles","CA","Ralphs"
"89774","LICENSED_LS","10861 Weyburn Ave","Los Angeles","CA","Target"
"1005300","LICENSED_LS","10861 Weyburn Ave","Westwood","CA","Ralphs"
"1013672","LICENSED_LS","1817 Martin Luther King Pkwy","Durham","NC","Harris Teeter"
"16341","LICENSED_LS","2110 S Estes Dr","Chapel Hill","NC","Harris Teeter"
"7681","LICENSED_LS","1125 West North Carolina 54 Hwy","Durham","NC","Harris Teeter"
"116400","LICENSED_LS","116 W. Barbee Chapel Rd","Chapel Hill","NC","Harris Teeter"
"8488","LICENSED_LS","8210 Renaissance Pkwy","Durham","NC","Target"
"1026143","LICENSED_LS","202 NC Hwy 54","Durham","NC","Harris Teeter"
"1019166","LICENSED_LS","143 W Franklin St","Chapel Hill","NC","Target"
"18719","LICENSED_LS","101 Manning Dr","Chapel Hill","NC",""
"1008661","LICENSED_LS","7145 O'Kelly Chapel Rd","Cary","NC","Harris Teeter"
"1007514","LICENSED_LS","7129 O'Kelly Chapel Road","Cary","NC","Target"
"8574","LICENSED_LS","88 Chatham Downs","Chapel Hill","NC","Harris Teeter"
"6621","LICENSED_LS","10140 Green Level Church Road","Cary","NC","Harris Teeter"
"8584500","LICENSED_LS","2810 Teachey Place","Apex","NC","Harris Teeter"
"16640","LICENSED_LS","500 E Manchester Blvd","Inglewood","CA","Vons"
"1040746","LICENSED_LS","220 North La Brea","Inglewood","CA","Target"
"68195","LICENSED_LS","3471 W Century Blvd","Inglewood","CA","Target"
"1018592","LICENSED_LS","1730 W Manchester","Los Angeles","CA","Ralphs"
"10681","LICENSED_LS","2700 120th St","Hawthorne","CA","Target"
"1016593","LICENSED_LS","4760 W Pico Blvd","Los Angeles","CA","Ralphs"
"1006844","LICENSED_LS","5601 Wilshire Blvd","Los Angeles","CA","Ralphs"
"1014696","LICENSED_LS","260 S La Brea Ave","Los Angeles","CA","Ralphs"
"114059","LICENSED_LS","8480 Beverly Blvd","Los Angeles","CA","Target"
"9620","LICENSED_LS","8700 Beverly Blvd.","Los Angeles","CA",""
"9991","LICENSED_LS","8969 Santa Monica Blvd.","West Hollywood","CA",""
"1006169","LICENSED_LS","7100 Santa Monca Blvd, Suite 201","West Hollywood","CA","Target"
"1029525","LICENSED_LS","670 S Western Ave","Los Angeles","CA","Ralphs"
"16222","LICENSED_LS","727 N Vine St","Los Angeles","CA",""
"1054328","LICENSED_LS","1233 N. La Brea Ave.","West Hollywood","CA","Ralphs"
"1006810","LICENSED_LS","7257 W Sunset Blvd","Los Angeles","CA","Ralphs"
"7258","LICENSED_LS","2169 W Redono Beach Blvd","Gardena","CA","Target"
"1053069","LICENSED_LS","11922 S Vermont Ave","Los Angeles","CA","Ralphs"
"8934100","LICENSED_LS","Exposition Park","Los Angeles","CA",""
"1025634","LICENSED_LS","2600 South Vermont","Los Angeles","CA","Ralphs"
"1019201","LICENSED_LS","3131 S Hoover St, Unit 9-A","Los Angeles","CA","Target"
"1021728","LICENSED_LS","620 S. Virgil Ave.","Los Angeles","CA","Target"
"1016837","LICENSED_LS","3410 W 3rd Street","Los Angeles","CA","Ralphs"
"8885","LICENSED_LS","3461 W 3rd St","Los Angeles","CA","Vons"
"1030191","LICENSED_LS","7021 Hollywood Blvd, 210","Los Angeles","CA","Target"
"1029220","LICENSED_LS","5500 W. Sunset Blvd","Los Angeles","CA","Target"
"11845","LICENSED_LS","4520 Sunset Blvd","Los Angeles","CA","Vons"
"116597","LICENSED_LS","2400 4th St SW","Mason City","IA","Hy-Vee"
"1015150","LICENSED_LS","3450 4th St SW","Mason City","IA","Target"
"1030723","LICENSED_LS","5580 US 2570","Marshall","NC","Ingles"
"1017889","LICENSED_LS","225 CARL ELLER RD","Mars Hill","NC","Ingles"
"10475","LICENSED_LS","140 Weaver Blvd","Weaverville","NC","Ingles"
"1039938","LICENSED_LS","416 Eastern Plaza Shopping Center","Newport","TN","Food City"
"7553","LICENSED_LS","575 New Leicester Hwy","Asheville","NC","Ingles"
"8080","LICENSED_LS","915 Merrimon Ave","Asheville","NC","Ingles"
"8817100","LICENSED_LS","1725 S Caraway Rd","Jonesboro","AR","Kroger"
"15429","LICENSED_LS","1757 Memorial Trail, Starbucks Coffee/AAFES, Bldg. 1757","Eglin AFB","FL",""
"8420","LICENSED_LS","853 Harbor Blvd","Destin","FL","Target"
"7838","LICENSED_LS","250 Miracle Strip Pkwy","Mary Esther","FL","Target"
"1023087","LICENSED_LS","114 Lielmanis Ave","Hurlburt Field","FL",""
"16978","LICENSED_LS","3333 E Michigan Ave","Jackson","MI",""
"1030671","LICENSED_LS","1450 W. Chicago Blvd.","Tecumseh","MI",""
"12630","LICENSED_LS","101 Wendover Rd","West Wendover","NV",""
"18232","LICENSED_LS","1865 Hendersonville Rd","Asheville","NC","Ingles"
"7554","LICENSED_LS","1141 Tunnel Rd","Asheville","NC","Ingles"
"14534","LICENSED_LS","2901 Hendersonville Rd","Fletcher","NC","Ingles"
"1006008","LICENSED_LS","115 River Hills Rd","Asheville","NC","Target"
"14790","LICENSED_LS","301 Long Shoals Rd","Arden","NC","Ingles"
"1030054","LICENSED_LS","352 Airport Rd.","Arden","NC","Ingles"
"9540","LICENSED_LS","15 McKenna Rd","Arden","NC","Target"
"6408","LICENSED_LS","29 Tunnel Rd","Asheville","NC","Ingles"
"8663200","LICENSED_LS","5620 Hendersonville Rd","Fletcher","NC","Ingles"
"63181","LICENSED_LS","550 HIGHWAY 9","Black Mountain","NC","Ingles"
"9169900","LICENSED_LS","800 Brevard Road","Asheville","NC",""
"1016328","LICENSED_LS","863 BREVARD RD.","Asheville","NC","Ingles"
"19312","LICENSED_LS","3643 Howard Gap Rd","Hendersonville","NC","Ingles"
"1029139","LICENSED_LS","276 Hwy 9","Lake Lure","NC","Ingles"
"1014372","LICENSED_LS","708 E Expressway 83","McAllen","TX","Target"
"1023515","LICENSED_LS","2200 S. 10th Street, C14","McAllen","TX",""
"10111","LICENSED_LS","3600 Nolana Ave","McAllen","TX","Target"
"10104","LICENSED_LS","2427 E US Expy 83","Mission","TX","Target"
"8758800","LICENSED_LS","5001 E US Expressway 83","Mercedes","TX",""
"8763900","LICENSED_LS","5606 Seven Mile Drive","Wildwood","FL","Target"
"8398","LICENSED_LS","930 Country Rd 64","Elmira","NY","Target"
"1015248","LICENSED_LS","7800 Enchanted Hills Blvd NE","Rio Rancho","NM","Albertsons"
"8422","LICENSED_LS","17450 Hwy 441","Mt. Dora","FL","Target"
"10702","LICENSED_LS","4930 State Hwy 30","Amsterdam","NY","Target"
"15150","LICENSED_LS","1094 N Main St","Bowling Green","OH","Kroger"
"66295","LICENSED_LS","8730 Waterville Swanton Rd.","Waterville","OH","Kroger"
"14362","LICENSED_LS","806 Ridge St.","Bowling Green","OH",""
"1014734","LICENSED_LS","27322 Carronade Dr","Perrysburg","OH","Kroger"
"1006176","LICENSED_LS","1435 Reynolds Rd","Maumee","OH","Kroger"
"1006797","LICENSED_LS","7059 Orchard Centre Dr","Holland","OH","Kroger"
"1026057","LICENSED_LS","1465 E Mall Dr","Holland","OH","Target"
"1013815","LICENSED_LS","2257 N Holland Sylvania Rd","Toledo","OH","Kroger"
"1023409","LICENSED_LS","2801 W Bancroft, SA1280","Toledo","OH",""
"1022626","LICENSED_LS","303 North Summit Street","Toledo","OH",""
"17019","LICENSED_LS","7545 Sylvania Ave","Sylvania","OH","Kroger"
"1052927","LICENSED_LS","6410 County Road 165","Genoa","OH",""
"1052926","LICENSED_LS","6164 Country Road 165","Genoa","OH",""
"6470","LICENSED_LS","3301 Navarre Ave","Oregon","OH","Kroger"
"1021666","LICENSED_LS","5225 Monroe St","Toledo","OH","Target"
"7967","LICENSED_LS","6235 Monroe St.","Sylvania","OH","Kroger"
"13744","LICENSED_LS","4925 Jackman Rd","Toledo","OH","Kroger"
"1015573","LICENSED_LS","833 WEST ALEXIS ROAD","Toledo","OH","Kroger"
"114019","LICENSED_LS","3462 Sterns Rd","Lambertville","MI","Kroger"
"18695","LICENSED_LS","599 W 4th St","Benson","AZ","Safeway"
"92686","LICENSED_LS","3198 Willow Creek Rd","Prescott","AZ",""
"16176","LICENSED_LS","1044 Willow Creek Road","Prescott","AZ","Safeway"
"18824","LICENSED_LS","950 Fair St","Prescott","AZ",""
"17025","LICENSED_LS","450 WHITE SPAR RD","Prescott","AZ","Safeway"
"18696","LICENSED_LS","3100 N Glassford Hill Rd","Prescott Valley","AZ",""
"14035","LICENSED_LS","7720 E Hwy 69","Prescott Valley","AZ","Safeway"
"12760","LICENSED_LS","1031 N US Hwy 89","Chino Valley","AZ","Safeway"
"1005713","LICENSED_LS","14150 Hwy 418 SW","Deming","NM",""
"6546","LICENSED_LS","5000 Grandview Pkwy","Davenport","FL","Target"
"10858","LICENSED_LS","3200 Rolling Oaks Blvd","Kissimmee","FL","Target"
"1012169","LICENSED_LS","1675 N Buena Vista Dr","Lake Buena Vista","FL",""
"1007555","LICENSED_LS","715 Theatre of the Stars Drive","Bay Lake","FL",""
"1033479","LICENSED_LS","1408 Avenue to the Stars","Lake Buena Vista","FL",""
"1005254","LICENSED_LS","1365 Monorail Way","Lake Buena Vista","FL",""
"11899","LICENSED_LS","World Center Drive, Orlando World Center Marriott","Orlando","FL",""
"1040226","LICENSED_LS","8101 WORLD CENTER DR","ORLANDO","FL",""
"8986","LICENSED_LS","4795 W Irlo Bronson Mem Hwy","Kissimmee","FL","Target"
"15977","MALL","2350 W Florida Ave, Hemet Valley Mall, 1A","Hemet","CA","Florida & Kirby, Hemet"
"9405","LICENSED_LS","3527 W. Florida Ave","Hemet","CA","Target"
"16430","LICENSED_LS","300 S Highland Springs Ave #7","Banning","CA","Albertsons"
"1016261","LICENSED_LS","30125 Antelope Road","Menifee","CA","Ralphs"
"10674","LICENSED_LS","30340 Haun Rd","Menifee","CA","Target"
"11672","LICENSED_LS","38995 Sky Canyon Dr","Murrieta","CA","Vons"
"14169","LICENSED_LS","39140 Winchester Rd","Murrieta","CA","Albertsons"
"9992","LICENSED_LS","27818 Clinton Keith Rd","Murrieta","CA","Target"
"1013226","LICENSED_LS","1733 E Palm Canyon Dr","Palm Springs","CA","Ralphs"
"1016265","LICENSED_LS","33145 Temecula Parkway","Temecula","CA","Ralphs"
"12672","LICENSED_LS","1751 N Sunrise Way","Palm Springs","CA","Albertsons"
"16108","LICENSED_LS","30530 Rancho California Rd","Temecula","CA","Albertsons"
"8963300","LICENSED_LS","1688 N Perris Blvd","Perris","CA","Target"
"1031708","LICENSED_LS","40820 Winchester Rd #2470","Temecula","CA",""
"15143","LICENSED_LS","31960 Hwy 79","Temecula","CA","Albertsons"
"1015544","LICENSED_LS","328 W Superior St","Alma","MI",""
"10663","LICENSED_LS","4097 E Blue Grass Rd","Mt. Pleasant","MI","Target"
"69870","LICENSED_LS","103 E Preston","Mt. Pleasant","MI",""
"10880","LICENSED_LS","14145 North Dakota Avenue","Fort Leonard Wood","MO",""
"1018685","LICENSED_LS","25925 SW Heather Pl.","Wilsonville","OR","Target"
"12671","LICENSED_LS","72-549 Hwy 111","Palm Desert","CA","Target"
"1026757","LICENSED_LS","72-780 Highway 111","Palm Desert","CA",""
"10915","LICENSED_LS","4733 E Palm Canyon","Palm Springs","CA","Vons"
"1016133","LICENSED_LS","40101 Monterey Ave","Rancho Mirage","CA","Albertsons"
"16642","LICENSED_LS","74855 Country Club Dr","Palm Desert","CA",""
"1006135","LICENSED_LS","74884 Country Club Dr","Palm Desert","CA","Ralphs"
"13868","LICENSED_LS","78-271 Highway 111","La Quinta","CA","Vons"
"14187","LICENSED_LS","78935 US Hwy 111","La Quinta","CA","Target"
"1006763","LICENSED_LS","49908 Jefferson St.","Indio","CA","Ralphs"
"1019460","LICENSED_LS","42150 Washington St","Bermuda Dunes","CA","Ralphs"
"1026996","LICENSED_LS","40780 Winchester Blvd","Temecula","CA",""
"1022301","LICENSED_LS","29676 Rancho California Rd","Temecula","CA","Target"
"1022306","LICENSED_LS","41040 California Oaks Road","Murrieta","CA","Target"
"15599","LICENSED_LS","23893 Clinton Keith Rd","Wildomar","CA","Albertsons"
"7635","LICENSED_LS","27100 Eucalyptus","Moreno Valley","CA","Target"
"18285","LICENSED_LS","33644 YUCAIPA BLVD","Yucaipa","CA","Vons"
"12813","LICENSED_LS","450 W Cypress Ave","Redlands","CA","Albertsons"
"1021770","LICENSED_LS","2755 Canyon Springs Pkwy","Riverside","CA","Target"
"14471","LICENSED_LS","27320 Lugonia Ave","Redlands","CA","Target"
"11369","LICENSED_LS","8938 Trautwein Rd","Riverside","CA","Albertsons"
"7849","LICENSED_LS","6020 Muscogee Creek Way","Fort Benning","GA",""
"6921","LICENSED_LS","Bldg 9220 Marine Rd.","Fort Benning","GA",""
"1013246","LICENSED_LS","6600 Van Aalst Blvd, Bldg 9250","Fort Benning","GA",""
"1023136","LICENSED_LS","1591 Bradley Park Dr","Columbus","GA","Target"
"13087","LICENSED_LS","1550 N Pacific Hwy","Woodburn","OR","Safeway"
"63082","LICENSED_LS","30300 SW Boones Ferry Rd","Wilsonville","OR","Fred Meyer"
"1021387","LICENSED_LS","8255 SW Wilsonville Rd.","Wilsonville","OR","Safeway"
"13129","LICENSED_LS","1401 SE 1st Street","Canby","OR","Fred Meyer"
"7227","LICENSED_LS","1525 W Main Street","Molalla","OR","Safeway"
"6413","LICENSED_LS","301 Westfield St","Silverton","OR","Safeway"
"7066","LICENSED_LS","6450 NE Keizer Station Blvd","Keizer","OR","Target"
"68743","LICENSED_LS","13434 Colton Pl","Oregon City","OR","Safeway"
"1019617","LICENSED_LS","1839 MOLALLA AVE","Oregon City","OR","Fred Meyer"
"7604","LICENSED_LS","2500 North Main St","Tillamook","OR","Fred Meyer"
"7356","LICENSED_LS","1815 4th Street","Tillamook","OR","Safeway"
"8642600","LICENSED_LS","100 Pauma Reservation Rd","Pauma Valley","CA",""
"1006589","LICENSED_LS","777 Harrahs Rincon Way","Valley Center","CA",""
"1024908","LICENSED_LS","620 Skyline Dr","Jackson","TN",""
"13679","LICENSED_LS","93 Stonebrook Pl","Jackson","TN","Target"
"6740","LICENSED_LS","3380 Lancaster Dr NE","Salem","OR","Safeway"
"10703","LICENSED_LS","4220 N 5th St Hwy","Temple","PA","Target"
"1026279","LICENSED_LS","2769 Papermill Rd","Wyomissing","PA","Target"
"1007511","LICENSED_LS","2104 Van Reed Rd.","West Lawn","PA","Giant"
"1007603","LICENSED_LS","15200 Kutztown Road","Kutztown","PA",""
"1031563","LICENSED_LS","401 Penn St.","Reading","PA",""
"1017916","LICENSED_LS","2150 E. CLEVELAND","Monett","MO",""
"13752","LICENSED_LS","N95 W 17707 Shady Lane","Menomonee Falls","WI","Target"
"1043013","LICENSED_LS","220 Tom Hill Sr, Blvd","Macon","GA","Kroger"
"1017157","LICENSED_LS","4321 Hartley Bridge Rd","Macon","GA","Kroger"
"6915","LICENSED_LS","3094 Watson Boulevard","Warner Robins","GA","Kroger"
"1038232","LICENSED_LS","2929 Watson Blvd","Warner Robins","GA","Target"
"1013697","LICENSED_LS","261 W Clinton St","Gray","GA","Ingles"
"1039964","LICENSED_LS","260 Tift College Dr.","Forsyth","GA","Ingles"
"1030307","LICENSED_LS","730 N. Church St.","Thomaston","GA","Ingles"
"1027616","LICENSED_LS","631 Hwy. 341 South","Barnesville","GA","Ingles"
"7330","LICENSED_LS","425 S Main St","Moab","UT",""
"1055290","LICENSED_LS","54151 US Hwy 2 East","Glasgow","MT","Albertsons"
"1015430","LICENSED_LS","3820 N Roosevelt Blvd","Key West","FL",""
"8760700","LICENSED_LS","3491 S Roosevelt Blvd","Key West","FL",""
"1033517","LICENSED_LS","1490 OVERSEAS HWY","MARATHON","FL",""
"1038379","LICENSED_LS","6010 Cottage Grove Road","Madison","WI",""
"1007318","LICENSED_LS","1 W Dayton St","Madison","WI",""
"1028724","LICENSED_LS","35 N. Park St","Madison","WI",""
"16996","LICENSED_LS","4301 Lien Rd","Madison","WI","Target"
"8827200","LICENSED_LS","726 N Midvale Blvd","Madison","WI",""
"20035","LICENSED_LS","750 Hilldale Way","Madison","WI","Target"
"10151","LICENSED_LS","600 S 7th St","Bismarck","ND","Target"
"9541","LICENSED_LS","1050 Ridge Rd","Webster","NY","Target"
"17382","LICENSED_LS","15341 Montanus Dr","Culpeper","VA","Target"
"9781","LICENSED_LS","205 S Range Rd","Marysville","MI",""
"12460","LICENSED_LS","150 NE 20th St","Newport","OR","Fred Meyer"
"9337","LICENSED_LS","6445 N Pacific Ave","Stockton","CA","Safeway"
"12191","MALL","5350 Pacific Avenue, Sherwood Mall, Suite #J4","Stockton","CA","Pacific & Yokuts - Stockton"
"1015363","LICENSED_LS","4707 Pacific Ave","Stockton","CA","Target"
"1027825","LICENSED_LS","3508 Atchley Way","Stockton","CA",""
"7293","LICENSED_LS","16858 Golden Valley Pkwy","Lathrop","CA","Target"
"1011550","LICENSED_LS","280 Spreckels Avenue","Manteca","CA","Target"
"18193","LICENSED_LS","1187 S Main St","Manteca","CA","Safeway"
"1013308","LICENSED_LS","4300 24th Ave","Fort Gratiot","MI","Target"
"8462","LICENSED_LS","2425 Claribel Rd","Riverbank","CA","Target"
"13240","LICENSED_LS","4120 Dale Rd","Modesto","CA",""
"12751","LICENSED_LS","3600 Sisk Rd","Modesto","CA","Target"
"16182","MALL","3401 Dale Road, Vintage Faire Mall, 244","Modesto","CA","Vintage Faire Mall - Modesto"
"1010129","LICENSED_LS","3405 McHenry Ave","Modesto","CA","Target"
"1024135","LICENSED_LS","3680 Crocker Road","Sacramento","CA","Safeway"
"9127600","LICENSED_LS","1230 West Covell Road","Edmond","OK",""
"8690300","LICENSED_LS","3020 Floyd AVe, 139","Modesto","CA",""
"14599","LICENSED_LS","2001 McHenry Ave","Modesto","CA","Safeway"
"13768","LICENSED_LS","839 W Roseburg Ave","Modesto","CA",""
"1011094","LICENSED_LS","200 Promenade Blvd","Bridgewater","NJ","Target"
"8705300","LICENSED_LS","400 Commons Way Ste 473","Bridgewater Township","NJ",""
"1030648","LICENSED_LS","500 Nassau Park Blvd","Princeton","NJ","Target"
"1020452","LICENSED_LS","1 Verizon Way","Basking Ridge","NJ",""
"13831","MALL","977 Valley Road, Valley Mall Shopping Center","Gillette","NJ","Gillette"
"10700","LICENSED_LS","68 US Highway 46 W","Hackettstown","NJ","Target"
"7507","LICENSED_LS","2083 Lawrenceville Rd","Lawrenceville","NJ",""
"8763800","LICENSED_LS","325 Route 202 & Church St","Flemington","NJ","Target"
"1020521","LICENSED_LS","6542 E. LOGAN SQ.","New Hope","PA","Giant"
"1019164","LICENSED_LS","2230 N Reserve St","Missoula","MT","Albertsons"
"7506","LICENSED_LS","2420 Reserve St","Missoula","MT","Target"
"8967100","LICENSED_LS","801 Lefevre Drive","Brookings","SD","Target"
"9770","LICENSED_LS","790 22nd Ave S","Brookings","SD","Hy-Vee"
"1025862","LICENSED_LS","715 Jackrabbit Ave.","Brookings","SD",""
"7027","LICENSED_LS","3420 E Market St","Logansport","IN",""
"1014619","LICENSED_LS","84001 Overseas Hwy","Islamorada","FL",""
"1015265","LICENSED_LS","800 Glenwood Ave","Atlanta","GA","Kroger"
"1030792","LICENSED_LS","80 Jesse Hill Jr Dr Se","Atlanta","GA",""
"17206","LICENSED_LS","265 Peachtree Center Ave","Atlanta","GA",""
"9176900","LICENSED_LS","209 Peachtree Rd NE","Atlanta","GA",""
"12996","LICENSED_LS","210 Peachtree Street NW","Atlanta","GA",""
"1043836","LICENSED_LS","550 Peachtree Street NE","Atlanta","GA",""
"9177000","LICENSED_LS","190 Marietta St NW, Unit 218","Atlanta","GA",""
"1014257","LICENSED_LS","267 Marietta St NW","Atlanta","GA",""
"116336","LICENSED_LS","350 Spelman Lane SW","Atlanta","GA",""
"1014745","LICENSED_LS","4919 Flat Shoals Parkway, ste 100","Decatur","GA","Kroger"
"1018517","LICENSED_LS","1030 Delta Blvd","Atlanta","GA",""
"1007452","LICENSED_LS","6000 North Terminal Parkway, Suite 4000","Atlanta","GA",""
"90223","LICENSED_LS","6000 North Terminal Parkway","Atlanta","GA",""
"8714700","LICENSED_LS","6000 North Terminal Parkway","Atlanta","GA",""
"113967","LICENSED_LS","6000 N Terminal Pkwy, Concourse C Gate 37","Atlanta","GA",""
"8971900","LICENSED_LS","6000 N Terminal Parkway","Atlanta","GA",""
"114012","LICENSED_LS","6000 N Terminal Parkway","Atlanta","GA",""
"12884","LICENSED_LS","2190 E Fry Blvd","Sierra Vista","AZ","Safeway"
"6602","LICENSED_LS","4351 E. Highway 90","Sierra Vista","AZ",""
"7151","LICENSED_LS","4151 E Hwy 90","Sierra Vista","AZ","Target"
"10900","LICENSED_LS","Smith Ave & Hatfield St, Bldg 52030","Fort Huachuca","AZ",""
"10504","LICENSED_LS","2B State Road 344","Edgewood","NM",""
"17515","LICENSED_LS","1215 West 6th Street","The Dalles","OR","Fred Meyer"
"1054267","LICENSED_LS","2000 Hwy 155 North","McDonough","GA","Kroger"
"16227","LICENSED_LS","1850 Jonesboro Rd","McDonough","GA","Target"
"1024157","LICENSED_LS","4920 Bill Gardner Pkwy.","Locust Grove","GA","Ingles"
"7448","LICENSED_LS","107 Pavillion Pkwy","Fayetteville","GA","Target"
"8564400","LICENSED_LS","6000 North Terminal, Parkway Suite 4000","Altlanta","GA",""
"8565100","LICENSED_LS","6000 North Terminal Parkway, Suite 4000","Atlanta","GA",""
"8945900","LICENSED_LS","6000 N. Terminal Pkwy, Suite 204","Atlanta","GA",""
"1043837","LICENSED_LS","6000 N Terminal Parkway","Atlanta","GA",""
"1016939","LICENSED_LS","6000 N Terminal Pkwy","Atlanta","GA",""
"1014639","LICENSED_LS","805 Glynn St S","Fayetteville","GA","Kroger"
"113728","LICENSED_LS","3660 Marketplace Blvd","Atlanta","GA","Target"
"8381","LICENSED_LS","1209 Peachtree Pkwy N","Peachtree City","GA","Target"
"16300","LICENSED_LS","1101 Peachtree Parkway","Peachtree City","GA","Kroger"
"1011993","LICENSED_LS","564 Crosstown Drive","Peachtree City","GA","Kroger"
"10524","LICENSED_LS","3150 East Hwy 134","Newnan","GA","Kroger"
"1005221","LICENSED_LS","555 Bullsboro Dr","Newnan","GA","Target"
"9869","LICENSED_LS","1100 Lower Fayetteville Road","Newnan","GA","Kroger"
"1030196","LICENSED_LS","377 Keahole Street","Honolulu","HI","Safeway"
"1020640","LICENSED_LS","4655 Perkiomen Ave.","Reading","PA","Giant"
"10002","LICENSED_LS","4599 Perkiomen Ave","Reading","PA","Target"
"9998","LICENSED_LS","100 Upland Sq Dr","Pottstown","PA","Target"
"1028562","LICENSED_LS","173 Holly Rd.","Gilbertsville","PA","Giant"
"10868","LICENSED_LS","180 Eagleview Boulevard","Exton","PA","Target"
"1020831","LICENSED_LS","3477 Lincoln Hwy.","Thorndale","PA","Giant"
"1006272","LICENSED_LS","201 Sunrise Blvd","Exton","PA","Target"
"10165","LICENSED_LS","1824 E Ridge Pike","Royersford","PA","Target"
"19038","LICENSED_LS","455 Carnegie Blvd","Malvern","PA","Target"
"13118","LICENSED_LS","1375 Boot Rd","West Chester","PA","Giant"
"8506","LICENSED_LS","2385 Covered Bridge Dr","Lancaster","PA","Target"
"8763700","LICENSED_LS","985 Paoli Pike","West Chester","PA","Target"
"1007487","LICENSED_LS","200 Mill Rd","Oaks","PA","Target"
"6622","LICENSED_LS","700 High St","West Chester","PA",""
"68200","LICENSED_LS","960 Lititz Pk","Lititz","PA","Target"
"1020833","LICENSED_LS","698 Downington Pike","West Chester","PA","Giant"
"1031457","LICENSED_LS","Hwy 160 & AZ 264","Tuba City","AZ",""
"7107","LICENSED_LS","1395 New Scotland Rd","Slingerlands","NY",""
"17883","MALL","1 Crossgates Mall Rd, Crossgates Mall, B231","Albany","NY","Crossgates Mall"
"1040191","LICENSED_LS","MP 127 South NYS Thruway","Hannacroix","NY",""
"1038664","LICENSED_LS","333 S. Lincoln","Burlington","CO","Safeway"
"6541","LICENSED_LS","600 Hatton Dr","Glen Mills","PA","Target"
"9281","LICENSED_LS","1050 Brandywine Pkwy","Wilmington","DE","Target"
"1020520","LICENSED_LS","1607 Lititz Pike","Lancaster","PA","Giant"
"1021528","LICENSED_LS","1589 Fruitville Pike","Lancaster","PA","Target"
"1016220","LICENSED_LS","7150 Hamilton Blvd","Trexlertown","PA","Giant"
"1015396","LICENSED_LS","749 Krocks Rd","Trexlertown","PA","Target"
"7351","MALL","3300 Lehigh St, South Mall","Allentown","PA","South Mall"
"7515","LICENSED_LS","610 N West End Blvd","Quakertown","PA","Target"
"66298","LICENSED_LS","1600 N Cedar Crest Blvd","Allentown","PA","Target"
"1012168","LICENSED_LS","645 West Hamilton, x","Allentown","PA",""
"10001","LICENSED_LS","912 Airport Center Dr","Allentown","PA","Target"
"1056083","LICENSED_LS","Wind Creek Bethlehem Casino., 77 Wind Creek Blvd.","Bethlehem","PA",""
"1043014","LICENSED_LS","1745 Quentin RD","Lebanon","PA","Target"
"88375","LICENSED_LS","240 Shadowline Dr","Boone","NC","Harris Teeter"
"1009530","LICENSED_LS","1910 Catawba Valley Blvd SE","Hickory","NC","Target"
"1014773","LICENSED_LS","4720 Limestone Road","Wilmington","DE",""
"1030433","LICENSED_LS","3140 Kirkwood Highway","Wilmington","DE","Target"
"1006178","LICENSED_LS","410 S. Ashland Avenue","Sturgeon Bay","WI","Target"
"18712","LICENSED_LS","1500 N Patterson St","Valdosta","GA",""
"1009144","LICENSED_LS","1231 Birch St","Camp Lejeune","NC",""
"7966","MALL","370 Western Boulevard, Jacksonville Mall","Jacksonville","NC","Jacksonville Mall & Western Bl"
"1009531","LICENSED_LS","1395D Western Blvd","Jacksonville","NC","Target"
"7594","LICENSED_LS","570 N Montana St","Dillon","MT","Safeway"
"1007100","LICENSED_LS","5311 SW 22nd Place","Topeka","KS",""
"1033636","LICENSED_LS","2951 SW Wanamaker Rd","Topeka","KS","Hy-Vee"
"17207","LICENSED_LS","6829 SW 29th","Topeka","KS",""
"1027848","LICENSED_LS","3504 Clinton Parkway","Lawrence","KS","Hy-Vee"
"14285","LICENSED_LS","3000 W 6th St","Lawrence","KS",""
"11758","LICENSED_LS","2205 Iowa St","Lawrence","KS",""
"18501","LICENSED_LS","3201 Iowa","Lawrence","KS","Target"
"90146","LICENSED_LS","1740 S Massachusetts St","Lawrence","KS",""
"1055862","LICENSED_LS","China Road","Orono","ME",""
"14922","LICENSED_LS","60 Longview Dr","Bangor","ME","Target"
"15926","LICENSED_LS","865 E Jefferson St","Plymouth","IN",""
"8808000","LICENSED_LS","12433 Maple Street","Glade Spring","VA",""
"1026753","LICENSED_LS","151 Cook St","Abingdon","VA","Food City"
"7523","LICENSED_LS","16600 Highlands Center Blvd.","Bristol","VA","Target"
"1022516","LICENSED_LS","768 W. Elk Ave.","Elizabethton","TN","Ingles"
"1006886","LICENSED_LS","1025 N Quincy AVE","Ottumwa","IA","Hy-Vee"
"10299","LICENSED_LS","1755 Ivy Street","Junction City","OR","Safeway"
"1014286","LICENSED_LS","3702 East West Hwy","Hyattsville","MD","Safeway"
"15872","LICENSED_LS","3500 East West Hwy, 1200","Hyattsville","MD","Target"
"17344","LICENSED_LS","620 MICHIGAN AVE NE","Washington","DC",""
"1029626","LICENSED_LS","600 Sea Island Rd.","St. Simons","GA","Harris Teeter"
"7648","LICENSED_LS","200 Glynn Isle Pkwy","Brunswick","GA","Target"
"9968","LICENSED_LS","1999 W Wickenburg Way","Wickenburg","AZ","Safeway"
"10689","LICENSED_LS","2177 Killingly Commons","Dayville","CT","Target"
"8942","LICENSED_LS","6500 Piney Branch Rd NW","Washington","DC","Safeway"
"1017751","LICENSED_LS","6831 WISCONSIN AVE","Bethesda","MD","Target"
"1053453","LICENSED_LS","5320 Zenith Overlook","Bethesda","MD","Giant"
"9995","LICENSED_LS","195 River Rd","Lisbon","CT","Target"
"1021677","LICENSED_LS","455 Trolley Line Boulevard, Suite 900","Mashantucket","CT",""
"12998","LICENSED_LS","One Mohegan Sun Blvd.","Uncasville","CT",""
"17300","LICENSED_LS","2020 Norwich-New London Turnpike","Montville","CT",""
"7650","LICENSED_LS","2735 Beene Blvd","Bossier City","LA","Target"
"1007547","LICENSED_LS","1050 George Dement Dr","Bossier City","LA","Kroger"
"6660","LICENSED_LS","Barksdale AFB","Shreveport","LA",""
"1007034","LICENSED_LS","4400 Mass Ave NW","Washington","DC",""
"1007478","LICENSED_LS","3830 Georgia Ave NW","Washington","DC","Safeway"
"13856","LICENSED_LS","3100 14th St NW, Suite 201","Washington","DC","Target"
"1009486","LICENSED_LS","805 Campus Dr","Big Rapids","MI",""
"16255","LICENSED_LS","1116 Robbins Rd","Grand Haven","MI",""
"12701","LICENSED_LS","15000 US 31","Grand Haven","MI",""
"18147","LICENSED_LS","5057 Harvey St","Muskegon","MI","Target"
"116513","LICENSED_LS","6370 Lake Michigan Dr Ste 100","Allendale","MI",""
"91361","LICENSED_LS","993 Butternut Drive","Holland","MI",""
"113734","LICENSED_LS","3456 W Shore Dr","Holland","MI","Target"
"1011799","LICENSED_LS","1 Campus Dr","Allendale","MI",""
"11351","LICENSED_LS","50 Douglas Ave","Holland","MI",""
"91362","LICENSED_LS","9479 Riley Street","Zeeland","MI",""
"68694","LICENSED_LS","6480 28th Ave","Hudsonville","MI",""
"92634","LICENSED_LS","1185 S. Washington","Holland","MI",""
"14465","LICENSED_LS","315 Wilson Ave NW","Grand Rapids","MI",""
"1022496","LICENSED_LS","4075 32nd Avenue","Hudsonville","MI",""
"17085","LICENSED_LS","0-550 Baldwin St","Jenison","MI",""
"91891","LICENSED_LS","2755 Lake Michigan Dr NW","Grand Rapids","MI",""
"16426","LICENSED_LS","3960 44th Street SW","Grandville","MI",""
"1016222","LICENSED_LS","1278 S. Market St.","Elizabethtown","PA","Giant"
"1023529","LICENSED_LS","2610 Pleasant Valley Rd","York","PA","Target"
"1017409","LICENSED_LS","3175 CAPE HORN RD.","Red Lion","PA","Giant"
"1024311","LICENSED_LS","441 Country Club Rd","York","PA",""
"18797","LICENSED_LS","2022 Apple Orchard Dr NE","Grand Rapids","MI",""
"13244","LICENSED_LS","1997 Beltline Ave NE","Grand Rapids","MI",""
"11797","LICENSED_LS","201 Marcell Dr NE","Rockford","MI",""
"16328","LICENSED_LS","2799 10 Mile Rd NE","Rockford","MI",""
"89241","LICENSED_LS","3248 Alpine Ave NW","Grand Rapids","MI","Target"
"14523","LICENSED_LS","2181 Wealthy SE","Grand Rapids","MI",""
"8876200","LICENSED_LS","1840 Wealthy St. SE","Grand Rapids","MI",""
"1005507","LICENSED_LS","4668 Cascade Rd","Grand Rapids","MI",""
"8547900","LICENSED_LS","100 Michigan Street NE","Grand Rapids","MI",""
"6693","LICENSED_LS","Pearl St NW & Campau Ave NW","Grand Rapids","MI",""
"1039930","LICENSED_LS","227 Winter Ave. NW","Grand Rapids","MI",""
"6742","LICENSED_LS","1814 Breton Road SE.","Grand Rapids","MI",""
"1017370","LICENSED_LS","565 S STATE ST","Sparta","MI",""
"1025023","LICENSED_LS","2900 Burlingame Ave SW","Wyoming","MI",""
"18052","LICENSED_LS","5455 Clyde Park Ave SW","Wyoming","MI","Target"
"91894","LICENSED_LS","3130 44th St SW","Grandville","MI","Target"
"1055777","LICENSED_LS","2275 Health Dr SW","Wyoming","MI",""
"1040376","LICENSED_LS","100 WISTERIA ST.","RUSTON","LA",""
"15693","LICENSED_LS","8834 Lake Road","Seville","OH",""
"9642","LICENSED_LS","715 US Highway 250 East","Ashland","OH",""
"1054207","LICENSED_LS","1055 Sugarbush Dr","Ashland","OH",""
"17546","LICENSED_LS","1015 N Court St","Medina","OH","Target"
"1044656","LICENSED_LS","3626 Medina Road","Medina","OH",""
"8825800","LICENSED_LS","175 Great Oaks Trail","Wadsworth","OH",""
"1040529","LICENSED_LS","825 Ambassador Drive","Wadsworth","OH","Giant Eagle"
"7065","LICENSED_LS","1183 Williams Reserve Blvd","Wadsworth","OH","Target"
"1007605","LICENSED_LS","15919 Pearl Rd","Strongsville","OH",""
"13007","LICENSED_LS","46402 Ohio Turnpike Plaza, Mile Post 140","Amherst","OH",""
"13006","LICENSED_LS","46401 Ohio Turnpike Plaza, Mile Post 140","Amherst","OH",""
"1044890","LICENSED_LS","240 Market Dr","Elyria","OH","Target"
"6471","MALL","500 Southpark Mall, Southpark Mall, 201","Strongsville","OH","SouthPark Mall"
"9707","LICENSED_LS","18200 Royalton Rd","Strongsville","OH","Target"
"116565","LICENSED_LS","802 S Center St","Marshalltown","IA","Hy-Vee"
"18716","LICENSED_LS","2110 Cranberry Cove Plaza","Orleans","MA",""
"7488","LICENSED_LS","SR-39 & SR-137","Harwich","MA",""
"1024924","LICENSED_LS","2245 84th St. SW","Byron Center","MI",""
"1025256","LICENSED_LS","4665 S Green Ave","Fremont","MI",""
"1007125","LICENSED_LS","2060 Hwy 19","Murphy","NC","Ingles"
"1013102","LICENSED_LS","777 Casino Parkway","Murphy","NC",""
"1011088","LICENSED_LS","230 US-64","Hayesville","NC","Ingles"
"1005931","LICENSED_LS","43B Hwy 515","Blairsville","GA","Ingles"
"1021526","LICENSED_LS","503 I 45 N","Conroe","TX","Target"
"1053063","LICENSED_LS","504 Medical Center Blvd","Conroe","TX",""
"1021150","LICENSED_LS","341 S Loop 336 W","Conroe","TX","Kroger"
"1053954","LICENSED_LS","5560 Dickenson Hwy","Clintwood","VA","Food City"
"90332","LICENSED_LS","1825 17th St","Cody","WY","Albertsons"
"14063","LICENSED_LS","601 S Pioneer Way","Moses Lake","WA","Safeway"
"9102200","LICENSED_LS","30250 Commerce Drive","Milsboro","DE",""
"1024845","LICENSED_LS","25939 John J. WIlliams Hwy.","Long Neck","DE","Giant"
"7269","LICENSED_LS","38069 Town Center Dr, Unit 9","Millville","DE","Giant"
"6354","LICENSED_LS","31221 Americana Parkway","Selbyville","DE","Harris Teeter"
"1014855","LICENSED_LS","1610 Baltimore Ave","Ocean City","MD",""
"1027858","LICENSED_LS","257 S. Santa Fe Ave","Salina","KS",""
"91294","LICENSED_LS","2350 Planet Ave","Salina","KS",""
"1017717","LICENSED_LS","2939 Market Place","Salina","KS","Target"
"1021742","LICENSED_LS","1405 EAST OHIO ST","Clinton","MO",""
"14717","LICENSED_LS","481 Old Mammoth Rd, PO Box 142","Mammoth Lakes","CA","Vons"
"7508","LICENSED_LS","11120 Lomas Blvd NE","Albuquerque","NM","Target"
"114061","LICENSED_LS","2120 Louisiana Blvd. NE","Albuquerque","NM","Target"
"1025940","LICENSED_LS","6600 Menaul Blvd NE","Albuquerque","NM",""
"1020234","LICENSED_LS","2910 Juan Tabo NE","Albuquerque","NM","Albertsons"
"7132","LICENSED_LS","8710 Montgomery Blvd NE","Albuquerque","NM","Target"
"8335","LICENSED_LS","201 La Posada","Albuquerque","NM",""
"1031996","LICENSED_LS","719 University Blvd SE","Albuquerque","NM",""
"1013964","LICENSED_LS","2350 12th Street NW","Albuquerque","NM",""
"8493","LICENSED_LS","6100 Paseo Del Norte NE","Albuquerque","NM","Target"
"1006269","LICENSED_LS","9371 Coors Blvd NW","Albuquerque","NM","Target"
"1021006","LICENSED_LS","10131 Coors Road NW","Albuquerque","NM","Albertsons"
"1006877","LICENSED_LS","4800 McMahon Blvd NW","Albuquerque","NM",""
"8610700","LICENSED_LS","2200 Unser Blvd SE","Rio Rancho","NM",""
"1021014","LICENSED_LS","Mile Post 56 I-90E","Rolling Prairie","IN",""
"1021015","LICENSED_LS","Mile Post 56 I-90W","Rolling Prairie","IN",""
"1030866","LICENSED_LS","116 N. Whittaker St.","New Buffalo","MI",""
"1023088","LICENSED_LS","2354 Main Street SE","Los Lunas","NM","Albertsons"
"1016079","LICENSED_LS","I-90 SW Area 4W","Ludlow","MA",""
"1016083","LICENSED_LS","I-90 Service Area 3E","Ludlow","MA",""
"8963100","LICENSED_LS","1655 Boston Road","Springfield","MA","Target"
"1021774","LICENSED_LS","367 Russell St","Hadley","MA","Target"
"1015125","LICENSED_LS","50 Holyoke Street","Holyoke","MA","Target"
"7603","MALL","50 Holyoke Street, Holyoke Mall, B322","Holyoke","MA","Holyoke Mall"
"1021921","LICENSED_LS","1414 Main Street, Suite 100 Unit 3","Springfield","MA",""
"1018278","LICENSED_LS","90 Elm St.","Enfield","CT","Target"
"12895","LICENSED_LS","554 N 3rd St","Laramie","WY","Safeway"
"1020338","LICENSED_LS","21515 Tomball Pkwy","Houston","TX","Target"
"10381","LICENSED_LS","13135 Louetta","Cypress","TX","Kroger"
"13972","LICENSED_LS","15802 Champion Forest Dr","Spring","TX","Kroger"
"1006735","LICENSED_LS","14060 FM 2920","Tomball","TX","Kroger"
"12560","LICENSED_LS","14302 FM 2920","Tomball","TX","Target"
"1014913","LICENSED_LS","24350 Kuykendahl Rd","Tomball","TX","Kroger"
"17919","LICENSED_LS","18518 Kuykendahl Rd","Spring","TX","Kroger"
"1017812","LICENSED_LS","6635 N Grand Parkway W","Spring","TX","Target"
"8520","LICENSED_LS","6801 FM 1960 Rd W","Houston","TX","Target"
"12920","LICENSED_LS","5219 FM 1960","Houston","TX",""
"17491","LICENSED_LS","17455 Spring-Cypress Rd","Cypress","TX","Kroger"
"1020144","LICENSED_LS","2150 Spring Stuebner","Spring","TX","Kroger"
"11103","LICENSED_LS","25901 Hwy 290","Cypress","TX","Target"
"8705500","LICENSED_LS","710 Cypress Creek Parkway","Houston","TX",""
"10108","LICENSED_LS","12701 FM 1960 Rd W","Houston","TX","Target"
"16259","LICENSED_LS","19511 I-45 N","Spring","TX","Target"
"1033575","LICENSED_LS","1410 Lake Plaza Drive","Spring","TX",""
"17600","LICENSED_LS","9125 West Sam Houston Pkwy","Houston","TX","Kroger"
"1022515","LICENSED_LS","4470 N. Roan St.","Johnson City","TN","Ingles"
"1045270","LICENSED_LS","4307 North Roan St","Johnson City","TN","Food City"
"1023270","LICENSED_LS","125 Judge Greshem Rd.","Gray","TN","Food City"
"1015253","LICENSED_LS","2116 N Roan St","Johnson City","TN","Target"
"1021945","LICENSED_LS","920 North State of Franklin Rd.","Johnson City","TN","Food City"
"1031433","LICENSED_LS","500 Forrest Dr","Jonesborough","TN","Food City"
"1006831","LICENSED_LS","1805 W State of Franklin Rd","Johnson City","TN","Kroger"
"1033614","LICENSED_LS","6681 Bristol Hwy","Piney Flats","TN","Food City"
"1022882","LICENSED_LS","4345 Ft. Henry Dr.","Kingsport","TN","Ingles"
"113737","LICENSED_LS","1200 W Jackson Blvd","Jonesborough","TN","Ingles"
"1027483","LICENSED_LS","412 J L Seehorn Jr Road","Johnson City","TN",""
"9152900","LICENSED_LS","1921 Highway 394","Blountville","TN","Food City"
"1044349","LICENSED_LS","31 Midway Street","Bristol","VA","Kroger"
"1023822","LICENSED_LS","1320 Euclid Ave.","Bristol","VA","Food City"
"18744","LICENSED_LS","1035 N Shepard Dr","Houston","TX","Kroger"
"13729","LICENSED_LS","12400 Greenspoint Dr","Houston","TX",""
"8406","LICENSED_LS","2580 Shearn St","Houston","TX","Target"
"92488","LICENSED_LS","1440 Studemont St","Houston","TX","Kroger"
"12520","LICENSED_LS","1 Main St","Houston","TX",""
"1045260","LICENSED_LS","910 Louisiana St.","Houston","TX",""
"1027236","LICENSED_LS","723 MAIN ST","Houston","TX",""
"1040458","LICENSED_LS","1200 Smith St","Houston","TX",""
"1038340","LICENSED_LS","909 Fannin St., 120","Houston","TX",""
"10406","LICENSED_LS","13250 Northwest Fwy","Houston","TX","Target"
"1013375","LICENSED_LS","1600 Lamar St","Houston","TX",""
"14274","LICENSED_LS","1001 Avenida de las Americas","Houston","TX",""
"1014251","LICENSED_LS","1938 W Gray St","Houston","TX","Kroger"
"6689","LICENSED_LS","1505 Wirt Rd","Houston","TX","Kroger"
"1029258","LICENSED_LS","2075 Westheimer Rd","Houston","TX","Target"
"1038550","LICENSED_LS","22165 FM 529","Katy","TX","Target"
"1016369","LICENSED_LS","2700 W Grand Pkwy N","Katy","TX","Kroger"
"12778","LICENSED_LS","18322 Clay Road","Houston","TX",""
"1007176","LICENSED_LS","SWC Barker Cypress & Tuckerton","Cypress","TX","Kroger"
"12105","LICENSED_LS","19955 Katy Fwy","Houston","TX","Target"
"1009335","LICENSED_LS","525 South Fry Rd","Houston","TX",""
"13238","LICENSED_LS","1550 Grand Pkwy","Katy","TX","Kroger"
"1013227","LICENSED_LS","1712 Spring Green Blvd","Katy","TX","Kroger"
"14468","LICENSED_LS","6955 Hwy 6 N","Houston","TX","Target"
"1019174","LICENSED_LS","9806 Gaston Road","Katy","TX","Kroger"
"12768","LICENSED_LS","23710 Westheimer Pkwy","Katy","TX","Target"
"1014193","LICENSED_LS","20355 Cypresswood Dr","Cypress","TX","Kroger"
"10459","MALL","29300 Hempstead Rd, Houston Premium Outlet, 0831","Cypress","TX","Houston Premium Outlets"
"113322","LICENSED_LS","25050 FM 1093 Rd","Richmond","TX","Kroger"
"14237","LICENSED_LS","1520 Eldridge Pkwy","Houston","TX","Kroger"
"1020337","LICENSED_LS","1100 Lake Woodlands Dr","The Woodlands","TX","Target"
"1006946","MALL","1201 Lake Woodlands Drive, The Woodlands Mall","Houston","TX","The Woodlands Mall"
"1014279","LICENSED_LS","2 Waterway Square Place","The Woodlands","TX",""
"6576","LICENSED_LS","2301 Rayford Rd","Spring","TX","Kroger"
"17594","LICENSED_LS","4747 Research Forest Dr Ste","The Woodlands","TX","Kroger"
"1019706","LICENSED_LS","3731 Riley Fuzzel Rd","Spring","TX","Kroger"
"16290","LICENSED_LS","8000 Research Forest Drive","The Woodlands","TX","Kroger"
"10519","LICENSED_LS","32858 FM 2978 Rd","Magnolia","TX","Target"
"8088","LICENSED_LS","37601 Hwy 26","Sandy","OR","Safeway"
"1006566","LICENSED_LS","4790 CALHOUN RD","Houston","TX",""
"8544700","LICENSED_LS","7800 Airport Blvd","Houston","TX",""
"1053992","LICENSED_LS","7800 Airport Blvd","Houston","TX",""
"1013395","LICENSED_LS","7800 Airport Blvd.","Houston","TX",""
"8999400","LICENSED_LS","6550 Bertner Avenue","Houston","TX",""
"1006333","LICENSED_LS","5150 Buffalo Speedway","Houston","TX","Kroger"
"15704","LICENSED_LS","6 Greenway Plaza East","Houston","TX",""
"14712","LICENSED_LS","7747 Kirby Dr","Houston","TX","Kroger"
"17498","LICENSED_LS","3131 West Holcolmbe Rd","Houston","TX",""
"10715","LICENSED_LS","2700 Eldridge Pkwy","Houston","TX","Target"
"12918","LICENSED_LS","14610 Memorial Dr","Houston","TX",""
"8947700","LICENSED_LS","12141 Richmond Ave","Houston","TX",""
"16955","LICENSED_LS","10801 Westheimer Rd","Houston","TX","Target"
"1009003","LICENSED_LS","12850 Memorial Dr Ste 1000","Houston","TX",""
"1020154","LICENSED_LS","10241 West Grand Parkway South","Richmond","TX","Target"
"18743","LICENSED_LS","8011 W Grand Pkwy S","Richmond","TX","Kroger"
"1017163","LICENSED_LS","945 GESSNER","Houston","TX",""
"12779","LICENSED_LS","1890 FM 359","Richmond","TX",""
"13758","LICENSED_LS","11565 S Hwy 6","Sugar Land","TX","Kroger"
"12658","LICENSED_LS","4323 San Felipe St","Houston","TX","Target"
"15276","MALL","5015 Westheimer, Houston Galleria, Ste 3140","Houston","TX","Houston Galleria 2nd floor"
"8407","LICENSED_LS","8605 Westheimer Rd","Houston","TX","Target"
"1023674","LICENSED_LS","900 Gessner Road","Houston","TX",""
"1015153","LICENSED_LS","984 Gessner Rd","Houston","TX","Target"
"20127","LICENSED_LS","9660 Westheimer Rd","Houston","TX",""
"7752","LICENSED_LS","5586 Weslayan","Houston","TX",""
"14231","LICENSED_LS","9919 Westheimer Rd","Houston","TX","Kroger"
"7724","LICENSED_LS","236 Coleman St","Danville","VA","Target"
"8550200","LICENSED_LS","Caesar's Casino, 1100 W. Main St.","Danville","VA",""
"8864000","LICENSED_LS","12565 Arc Lane","Stafford","TX","Target"
"15018","LICENSED_LS","8500 Main St","Houston","TX","Target"
"9631","LICENSED_LS","300 Meyerland Plaza Mall","Houston","TX","Target"
"68459","LICENSED_LS","2809 N Columbia Street","Milledgeville","GA","Kroger"
"8618","LICENSED_LS","Russell Student Union, Russell Student Union, Bldg 0401","Statesboro","GA",""
"1039367","LICENSED_LS","1300 Pabst Farms Cir.","Oconomowoc","WI",""
"9747","LICENSED_LS","2553 Sun Valley Dr","Delafield","WI","Target"
"1028801","LICENSED_LS","107 St. Francis Street","Mobile","AL",""
"1006629","LICENSED_LS","5901 USA Dr N","Mobile","AL",""
"16399","LICENSED_LS","790 Shillinger Rd S","Mobile","AL","Target"
"11496","LICENSED_LS","2249 Cascade Ave","Hood River","OR","Safeway"
"1039414","LICENSED_LS","I-87","Plattekill","NY",""
"1015902","LICENSED_LS","1 Hawk Dr","New Paltz","NY",""
"1022061","LICENSED_LS","2001 South Rd","Poughkeepsie","NY","Target"
"1009387","LICENSED_LS","108 Octagon Blvd, Bldg. 77B","Cannon AFB","NM",""
"1014205","LICENSED_LS","1905 N Prince St","Clovis","NM","Albertsons"
"9834","LICENSED_LS","1021 Highline Place","Sioux Falls","SD","Target"
"16599","LICENSED_LS","1601 S Sycamore Dr","Sioux Falls","SD","Hy-Vee"
"17402","LICENSED_LS","3000 South Minnesota Avenue","Sioux Falls","SD","Hy-Vee"
"1026390","LICENSED_LS","201 E 8th Street","Sioux Falls","SD",""
"1054243","LICENSED_LS","1305 W 18th St","Sioux Falls","SD",""
"1015415","LICENSED_LS","3600 S LOUISE AVE","Sioux Falls","SD","Target"
"16600","LICENSED_LS","4101 S Louise Ave","Sioux Falls","SD","Hy-Vee"
"11449","LICENSED_LS","1900 S Marion Rd","Sioux Falls","SD","Hy-Vee"
"9996","LICENSED_LS","74-5455 Makala Blvd","Kailua-Kona","HI","Target"
"1016854","LICENSED_LS","75-971 Henry St","Kailua-Kona","HI","Safeway"
"14355","LICENSED_LS","515 Freshfields Drive F-100","Johns Island","SC",""
"1023394","LICENSED_LS","40950 N. Ironwood Drive","San Tan Valley","AZ","Safeway"
"1054240","LICENSED_LS","22265 East Queen Creek Road","Queen Creek","AZ",""
"10950","LICENSED_LS","155 West Combs Road","San Tan Valley","AZ",""
"8871300","LICENSED_LS","W Combs Rd","Queen Creek","AZ","Target"
"1026875","LICENSED_LS","4316 S. Signal Butte Rd","Mesa","AZ","Safeway"
"1015036","LICENSED_LS","2724 S Signal Butte Rd","Mesa","AZ",""
"1013292","LICENSED_LS","5310 S Superstition Mountain Drive","Gold Canyon","AZ",""
"1015493","LICENSED_LS","5999 S Backus Mall Building, 195","Mesa","AZ",""
"17202","LICENSED_LS","9925 E Baseline Rd","Mesa","AZ",""
"8963200","LICENSED_LS","1517 S Signal Butte Road","Mesa","AZ","Target"
"1019519","LICENSED_LS","9243 E Baseline Rd","Mesa","AZ","Albertsons"
"14665","LICENSED_LS","5110 S Power Rd","Mesa","AZ","Target"
"1020714","LICENSED_LS","150 E Old West Hwy","Apache Junction","AZ",""
"1054355","LICENSED_LS","3490 S. Power Road","Gilbert","AZ",""
"1013533","LICENSED_LS","435 South Ellsworth Rd","Mesa","AZ",""
"19024","LICENSED_LS","1133 N Ellsworth Rd","Mesa","AZ",""
"8919800","LICENSED_LS","755 W Iowa 80 Rd","Walcott","IA",""
"1028901","LICENSED_LS","2200 W Kimberly Rd","Davenport","IA","Hy-Vee"
"1007642","LICENSED_LS","7805 Timberlake Road","Lynchburg","VA","Kroger"
"1022206","LICENSED_LS","4028 Wards Rd","Lynchburg","VA","Target"
"1006582","LICENSED_LS","1971 University Blvd","Lynchburg","VA",""
"1028602","LICENSED_LS","1971 University Blvd, Bldg #65","Lynchburg","VA",""
"20222","LICENSED_LS","2505 Riverside Blvd","Sacramento","CA","Target"
"13798","LICENSED_LS","1800-19th Street","Sacramento","CA","Safeway"
"1031396","LICENSED_LS","1401 K Street","Sacramento","CA",""
"1030435","LICENSED_LS","1707 J Street","Sacramento","CA","Target"
"7050","LICENSED_LS","3601 N Freeway Blvd","Sacramento","CA","Target"
"16296","LICENSED_LS","2851 Del Paso Rd","Sacramento","CA","Safeway"
"1053084","LICENSED_LS","4650 Natomas Blvd","Sacramento","CA",""
"10404","LICENSED_LS","7608 NE Zac Lentz Pkwy","Victoria","TX","Target"
"6518","LICENSED_LS","3325 North Hunt Highway","Florence","AZ","Safeway"
"1038571","LICENSED_LS","2151 N Power Rd","Mesa","AZ","Target"
"1015340","LICENSED_LS","2864 N Power Rd","Mesa","AZ",""
"8910900","LICENSED_LS","2483 N Main St","Tooele","UT",""
"89777","LICENSED_LS","5518 W High Market Dr","West Valley City","UT","Target"
"1009565","LICENSED_LS","5710 W 7800 S","West Jordan","UT",""
"1019301","LICENSED_LS","5620 WEST 4100 SOUTH","West Valley","UT",""
"8390","LICENSED_LS","1021 Casino Center Drive","Tunica","MS",""
"1006009","LICENSED_LS","20427 N Hayden Rd","Scottsdale","AZ",""
"13239","LICENSED_LS","27264 Highway 189","Blue Jay","CA",""
"6536","LICENSED_LS","762 Arlington Rdg","Akron","OH","Target"
"1006895","LICENSED_LS","1700 Corporate Woods Pkwy","Uniontown","OH",""
"12744","LICENSED_LS","42170 Big Bear Blvd","Big Bear Lake","CA","Vons"
"1022799","LICENSED_LS","106 Front Street","Berea","OH",""
"1006482","LICENSED_LS","5300 Riverside Dr.","Cleveland","OH",""
"1006428","LICENSED_LS","5300 Riverside Dr.","Cleveland","OH",""
"8499","LICENSED_LS","24646 Brookpark Rd","North Olmsted","OH","Target"
"1017651","LICENSED_LS","Highway 264 And NR12","Window Rock","AZ",""
"1012057","LICENSED_LS","27264 Lorain Rd","North Olmsted","OH","Giant Eagle"
"7513","LICENSED_LS","20900 Westgate","Fairview Park","OH","Target"
"1011098","LICENSED_LS","22160 Center Ridge Rd","Rocky River","OH","Giant Eagle"
"6610","MALL","20645 Center Ridge Road, Westgate Mall","Fairview Park","OH","Westgate Mall, Route 113"
"1024734","LICENSED_LS","30275 DETROIT RD.","Westlake","OH","Giant Eagle"
"1025171","LICENSED_LS","1810 Nagel Rd","Avon","OH",""
"1005232","LICENSED_LS","35830 Detroit Rd","Avon","OH","Target"
"19120","LICENSED_LS","1005 N Abbe Rd","Elyria","OH",""
"7852","LICENSED_LS","11800 De Palma Road","South Corona","CA","Vons"
"1044543","LICENSED_LS","700 NE 13th St","Oklahoma City","OK",""
"7307","LICENSED_LS","535 NW 9th St","Oklahoma City","OK",""
"1031426","LICENSED_LS","100 E Sheridan Ave","Oklahoma City","OK",""
"1024923","LICENSED_LS","1901 NW Expressway, 1079a","Oklahoma City","OK",""
"9596","LICENSED_LS","5400 N May Ave","Oklahoma City","OK","Target"
"8501","LICENSED_LS","7305 SE 29th St","Midwest City","OK","Target"
"1016978","LICENSED_LS","3360 N Ave","Oklahoma City","OK",""
"9127500","LICENSED_LS","9515 North May Ave","The Village","OK",""
"13221","LICENSED_LS","13924 N Pennsylvania Ave","Oklahoma City","OK","Target"
"12195","LICENSED_LS","1200 E 2nd St","Edmond","OK","Target"
"10662","LICENSED_LS","100 N University Dr","Edmond","OK",""
"12808","LICENSED_LS","8315 N Rockwell Ave","Oklahoma City","OK","Target"
"1007102","LICENSED_LS","1220 Storrs Rd.","Mansfield","CT",""
"1019390","LICENSED_LS","2075 Hillside Road","Storrs","CT",""
"1015779","LICENSED_LS","125 BUCKLAND HILLS DRIVE","Manchester","CT","Target"
"1025620","LICENSED_LS","1140 Commerce Blvd","Dickson City","PA","Target"
"6675","LICENSED_LS","Monroe & Linden Streets","Scranton","PA",""
"1014165","LICENSED_LS","169 South Main Street","Wilkes-Barre","PA",""
"12130","LICENSED_LS","1255 Lincoln Drive","Carbondale","IL",""
"6709","LICENSED_LS","501 North Giant Road","Carbondale","IL","Kroger"
"14629","LICENSED_LS","14276 Ocean Hwy","Pawleys Island","SC",""
"10808","LICENSED_LS","232 G St","Salida","CO","Safeway"
"65900","LICENSED_LS","700 College Drive","Hays","KS",""
"1014611","LICENSED_LS","1902 Vine St","Hays","KS",""
"18574","LICENSED_LS","391 North Main St","Colville","WA","Safeway"
"1026877","LICENSED_LS","1700 Cedar St","Fremont","OH","Kroger"
"1014621","LICENSED_LS","226 E Perkins Ave","Sandusky","OH","Kroger"
"1009830","LICENSED_LS","1 Cedar Point Dr","Sandusky","OH",""
"1007613","LICENSED_LS","1 Cedar Point Dr","Sandusky","OH",""
"8401","LICENSED_LS","4020 Milan Rd","Sandusky","OH","Target"
"1027430","LICENSED_LS","11935 ABERCORN ST","Savannah","GA",""
"8988","LICENSED_LS","14065 Abercorn St","Savannah","GA","Target"
"1006680","LICENSED_LS","318 Mall Blvd Ste 100","Savannah","GA","Kroger"
"10482","LICENSED_LS","53 Exchange St","Richmond Hill","GA","Kroger"
"8372","LICENSED_LS","5720 Ogeechee Rd.","Savannah","GA","Kroger"
"8705900","LICENSED_LS","140 Pioneer Way","Richmond Hill","GA",""
"6505","LICENSED_LS","1907 E Victory Dr","Savannah","GA","Target"
"14512","LICENSED_LS","460 Airways Ave","Savannah","GA",""
"16700","LICENSED_LS","460 Airways Ave","Savannah","GA",""
"1019041","LICENSED_LS","3901 Portola Parkway","Irvine","CA",""
"1020268","LICENSED_LS","2620 E. Chapman Ave","Orange","CA","Target"
"14732","LICENSED_LS","4550 E Chapman Ave","Orange","CA","Albertsons"
"13422","MALL","130 S Main St Ste E, Galleria L'Orange","Orange","CA","Chapman & Main"
"1013203","LICENSED_LS","1100 W Stewart Dr","Orange","CA",""
"1018461","LICENSED_LS","2000 E 17th Street","Santa Ana","CA","Albertsons"
"1007556","LICENSED_LS","1330 E 17th St","Santa Ana","CA","Target"
"1014304","LICENSED_LS","13270 Newport Avenue","Tustin","CA","Albertsons"
"1018045","LICENSED_LS","1800 S. HARBOR BOULEVARD","Anaheim","CA",""
"1016907","LICENSED_LS","6300 Irvine Blvd","Irvine","CA","Ralphs"
"1020705","LICENSED_LS","17605 Harvard Ave","Irvine","CA","Ralphs"
"1005921","LICENSED_LS","3750 Barraca Pkwy","Irvine","CA","Target"
"68203","LICENSED_LS","18601 Airport Way, #135","Santa Ana","CA",""
"8938300","LICENSED_LS","18601 Airport Way","Santa Ana","CA",""
"7636","LICENSED_LS","2340 Park Ave","Tustin","CA","Target"
"1055782","LICENSED_LS","4582 S. Pioneer Rd.","St. George","UT",""
"1019269","LICENSED_LS","565 South Mall Drive","St. George","UT",""
"1021527","LICENSED_LS","275 S River Rd","St. George","UT","Target"
"1014731","LICENSED_LS","20 N Bluff Street","St. George","UT",""
"6676","LICENSED_LS","745 N Dixie Downs Dr","St. George","UT","Albertsons"
"1006817","LICENSED_LS","13321 Jamboree Rd","Tustin","CA","Ralphs"
"1014886","LICENSED_LS","13200 Jamboree Rd","Irvine","CA","Target"
"9400","LICENSED_LS","3650 Bristol St","Santa Ana","CA","Vons"
"52114","LICENSED_LS","3300 S Bristol St","Santa Ana","CA","Target"
"14442","LICENSED_LS","1441 W 17th St","Santa Ana","CA","Target"
"1010141","LICENSED_LS","12100 Harbor Blvd.","Garden Grove","CA","Target"
"13001","LICENSED_LS","11999 Harbor Blvd","Garden Grove","CA",""
"14397","LICENSED_LS","777 W. Convention Way","Anaheim","CA",""
"89779","LICENSED_LS","12725 W Bluemound Rd","Brookfield","WI","Target"
"1055299","LICENSED_LS","2500 N Mayfair Road, Space No. 5530","Milwauke","WI",""
"11002","LICENSED_LS","3900 N 124th St","Wauwatosa","WI","Target"
"1020355","LICENSED_LS","6950 W. State St","Wauwatosa","WI",""
"1020706","LICENSED_LS","2625 S. 108th St","West Allis","WI",""
"10116","LICENSED_LS","2600 S 108th St","West Allis","WI","Target"
"20201","LICENSED_LS","2401 Kossow Rd","Waukesha","WI","Target"
"13704","LICENSED_LS","1501 Miller Pkwy","West Milwaukee","WI","Target"
"1039161","LICENSED_LS","4279 South 76 Street","Greenfield","WI",""
"1005910","LICENSED_LS","4798 S Moorland Rd","New Berlin","WI","Target"
"1013644","LICENSED_LS","2900 W Oklahoma Ave","Milwaukee","WI",""
"1018270","LICENSED_LS","5800 W. LAYTON","Greenfield","WI",""
"8022","LICENSED_LS","509 W Wisconsin Ave","Milwaukee","WI",""
"1027481","LICENSED_LS","333 W Kilbourn Ave","Milwaukee","WI",""
"8702800","LICENSED_LS","905 East Mason","Milwaukee","WI",""
"1006324","LICENSED_LS","2950 S. Chase Ave","Milwaukee","WI","Target"
"1022386","LICENSED_LS","250 W Holt AVe","Milwaukee","WI",""
"1014390","LICENSED_LS","4075 N Oakland Ave","Shorewood","WI",""
"18191","LICENSED_LS","1708 N Central Ave","Marshfield","WI","Target"
"8557","LICENSED_LS","8600 University Blvd","Evansville","IN",""
"1022229","LICENSED_LS","601 Walnut St.","Evansville","IN",""
"1025912","LICENSED_LS","4000 1st Ave","Evansville","IN","Target"
"9667","LICENSED_LS","16061 Brookhurst St","Fountain Valley","CA","Albertsons"
"1005430","LICENSED_LS","2030 NW 82nd St","Lawton","OK","Target"
"1014803","LICENSED_LS","1718 Macomb Rd","Fort Sill","OK",""
"1014367","LICENSED_LS","13831 Brookhurst St","Garden Grove","CA","Target"
"11872","LICENSED_LS","8989 S Howell Ave","Oak Creek","WI","Target"
"1016959","LICENSED_LS","5300 S Howell Ave.","Milwaukee","WI",""
"12783","LICENSED_LS","5300 South Howell Ave","Milwaukee","WI",""
"1026148","LICENSED_LS","5300 S Howell Ave","Milwaukee","WI",""
"1053940","LICENSED_LS","2001 Alford Park Dr","Kenosha","WI",""
"19323","LICENSED_LS","7117 Inwood Rd","Dallas","TX",""
"116440","LICENSED_LS","8008 Cedar Springs Rd.","Dallas","TX",""
"1009396","LICENSED_LS","3398 Tom Braniff Ln","Dallas","TX",""
"1023483","LICENSED_LS","8335 Westchester Drive","Dallas","TX","Target"
"1015250","LICENSED_LS","Hillcrest & Mockingbird","Dallas","TX",""
"1043902","LICENSED_LS","4001 Villanova St","Dallas","TX",""
"10315","LICENSED_LS","5665 E. Mockingbird","Dallas","TX","Kroger"
"13112","LICENSED_LS","5809 E Lovers Lane","Dallas","TX",""
"1016435","LICENSED_LS","9484 Ellerbe Road","Shreveport","LA","Kroger"
"91141","LICENSED_LS","6652 Youree Dr","Shreveport","LA","Kroger"
"15708","LICENSED_LS","7110 Youree Dr","Shreveport","LA","Target"
"1054967","LICENSED_LS","105 Southfield Road","Shreveport","LA","Albertsons"
"1012145","LICENSED_LS","7701 Green Bay Road","Kenosha","WI",""
"10671","LICENSED_LS","9777 76th St","Pleasant Prairie","WI","Target"
"10741","LICENSED_LS","1501 Poineer Rd","Mesquite","TX",""
"8519400","LICENSED_LS","435 South FM 548","Forney","TX",""
"8813700","LICENSED_LS","3400 N Beltline Rd, Tom Thumb Sunnyvale 4788","Sunnyvale","TX",""
"9832","LICENSED_LS","1629 N Town East Blvd","Mesquite","TX","Target"
"1006598","LICENSED_LS","500 Marketplace Boulevard","Forney","TX","Kroger"
"1038035","LICENSED_LS","320 Casa Linda Plaza","Dallas","TX","Albertsons"
"8966400","LICENSED_LS","11520 E. US 80","Forney","TX","Target"
"18581","LICENSED_LS","6580 Hwy 93 S","Whitefish","MT","Safeway"
"13088","LICENSED_LS","1301 W Duval Mine Rd","Sahuarita","AZ","Safeway"
"13989","LICENSED_LS","260 West Continental","Green Valley","AZ","Safeway"
"6353","LICENSED_LS","15950 South Rancho Sahuarita","Sahuarita","AZ",""
"14527","LICENSED_LS","2940 W Valencia Rd","Tucson","AZ","Safeway"
"1016407","LICENSED_LS","Valencia & Indian Agency","Tucson","AZ",""
"1011553","LICENSED_LS","1225 W Irvington Road","Tucson","AZ","Target"
"8826100","LICENSED_LS","211 West East Rd","Chico","CA",""
"9524","LICENSED_LS","1366 East Ave","Chico","CA","Safeway"
"17668","LICENSED_LS","690 Mangrove Ave","Chico","CA","Safeway"
"1009312","LICENSED_LS","1951 E 20th St","Chico","CA","Target"
"1027647","LICENSED_LS","1901 N McArthur Blvd","IRVING","TX",""
"1018272","LICENSED_LS","3333 W Airport Fwy7506","Irving","TX","Target"
"1021418","LICENSED_LS","2360 Innovation Dr, Southgate","DFW Airport","TX",""
"9299","LICENSED_LS","1400 Precinct Line Rd","Hurst","TX","Target"
"15505","MALL","1324 Pipeline Rd., The Shops at North East Mall, Ste. A-09","Hurst","TX","Pipeline & Hwy 820"
"8937","LICENSED_LS","6419 Skillman St","Dallas","TX","Target"
"9952","LICENSED_LS","212 Medallion Ctr","Dallas","TX","Target"
"6623","LICENSED_LS","400 East Second Street","Bloomsburg","PA",""
"8904800","LICENSED_LS","725 Columbia Blvd","Bloomsburg","PA",""
"9101900","LICENSED_LS","140 Continental Blvd","Danville","PA",""
"1012528","LICENSED_LS","244 Hardwood Dr","Lewisburg","PA","Giant"
"10704","LICENSED_LS","501 Market Place Blvd","Selinsgrove","PA","Target"
"7723","LICENSED_LS","170 S Lycoming Mall Rd","Muncy","PA","Target"
"1025829","LICENSED_LS","401 SE Wyoming Blvd","Casper","WY","Target"
"1019168","LICENSED_LS","2625 E 2nd St","Casper","WY","Albertsons"
"1019169","LICENSED_LS","1076 Cy Ave","Casper","WY","Albertsons"
"16401","LICENSED_LS","2265 S. MacArthur","Alexandria","LA","Albertsons"
"1017677","LICENSED_LS","2206 Memorial Drive","Alexandria","LA","Target"
"10123","LICENSED_LS","1422 Macarthur","Alexandria","LA","Kroger"
"14056","LICENSED_LS","1401 Presque Isle Ave., Jamrich Bldg #1309","Marquette","MI",""
"113733","LICENSED_LS","3250 US Hwy 41 W","Marquette","MI","Target"
"1020819","LICENSED_LS","1000 Logan Blvd.","Altoona","PA",""
"1018284","LICENSED_LS","153 Sierra Drive","Altoona","PA","Target"
"10334","LICENSED_LS","80 NE Cedar St","Madras","OR","Safeway"
"1009297","LICENSED_LS","1370 Highway 15 S","Hutchinson","MN","Target"
"1017674","LICENSED_LS","2505 1st St S","Willmar","MN","Target"
"10112","LICENSED_LS","23912 Commercial Dr","Rosenberg","TX","Target"
"116628","LICENSED_LS","24401 Brazos Town Crossing","Rosenberg","TX","Kroger"
"11422","LICENSED_LS","4825 Sweetwater Rd","Sugar Land","TX","Kroger"
"8938","LICENSED_LS","16300 Southwest Fwy","Sugar Land","TX","Target"
"1019768","LICENSED_LS","16511 Southwest Freeway","Sugar Land","TX",""
"1022948","LICENSED_LS","18861 University Blvd","Sugar Land","TX","Kroger"
"11383","LICENSED_LS","6000 Hwy 6","Missouri City","TX","Target"
"8871000","LICENSED_LS","900 Boston Post Road","Guilford","CT","Target"
"8657","LICENSED_LS","3 E Industrial Rd","Branford","CT",""
"1054306","LICENSED_LS","I-95 South","Madison","CT",""
"6697","LICENSED_LS","460 Elm St","West Haven","CT",""
"17839","LICENSED_LS","700-60 Patchogue Yaphank Rd","Medford","NY",""
"9542","LICENSED_LS","2975 Horseblock Rd","Medford","NY","Target"
"1053847","LICENSED_LS","1 Connecticut Tpke","Milford","CT",""
"1023622","LICENSED_LS","307 Independence Plaza","Selden","NY","Target"
"7051","LICENSED_LS","1911 Boston Post Road","Milford","CT","Target"
"16121","LICENSED_LS","25 Boston Post Rd","Orange","CT","Target"
"1019625","LICENSED_LS","533 College Rd","Selden","NY",""
"9040","LICENSED_LS","200 Universal Dr N","North Haven","CT","Target"
"1024941","LICENSED_LS","1300 W Burlington Ave","Fairfield","IA","Hy-Vee"
"17619","LICENSED_LS","3045 Silverlake Village St","Pearland","TX","Target"
"7598","LICENSED_LS","10228 West Broadway","Pearland","TX",""
"1005293","LICENSED_LS","11003 Shadow Creek Parkway","Pearland","TX","Kroger"
"6690","LICENSED_LS","8323 W Broadway St","Pearland","TX","Kroger"
"8052","LICENSED_LS","1459 Main St","Ramona","CA","Albertsons"
"1054168","LICENSED_LS","5701 Sunrise Highway","Holbrook","NY",""
"1009046","LICENSED_LS","5750 Sunrise Hwy","Sayville","NY","Target"
"1019890","LICENSED_LS","275 Mount Carmel Ave","Hamden","CT",""
"14667","LICENSED_LS","120 Hawley Ln","Trumbull","CT","Target"
"7642","LICENSED_LS","20 W Main St","Ansonia","CT","Target"
"1028698","LICENSED_LS","100 Quality Street","Trumbull","CT",""
"10687","LICENSED_LS","5065 Main St","Trumbull","CT","Target"
"17367","LICENSED_LS","760 Villa Avenue","Fairfield","CT",""
"1015480","LICENSED_LS","278 Oxford Rd.","Oxford","CT",""
"69876","LICENSED_LS","1499 Post Rd","Fairfield","CT",""
"18710","LICENSED_LS","1790 Post Rd E","Westport","CT",""
"1017123","LICENSED_LS","9560 Winter Gardens Blvd","Lakeside","CA","Albertsons"
"1026764","LICENSED_LS","2955 Alpine Blvd.","Alpine","CA","Albertsons"
"1018631","LICENSED_LS","9846 Mission Gorge Rd","Santee","CA","Target"
"13699","LICENSED_LS","9643 Mission Gorge Rd","Santee","CA","Vons"
"1014691","LICENSED_LS","1608 Broadway","El Cajon","CA","Albertsons"
"1010124","LICENSED_LS","250 Broadway","El Cajon","CA","Target"
"1014207","LICENSED_LS","1420 N Hobart","Pampa","TX",""
"66294","LICENSED_LS","3301 US-10 E","Moorhead","MN","Target"
"10114","LICENSED_LS","233 Carmichael Way","Chesapeake","VA","Target"
"1023439","LICENSED_LS","1464 Mount Pleasant Rd","Chesapeake","VA","Kroger"
"1023195","LICENSED_LS","309 S Battlefield Blvd","Chesapeake","VA","Kroger"
"1020275","LICENSED_LS","105 S. Hill St","Athens","TN","Food City"
"92870","LICENSED_LS","917 Decatur Pike","Athens","TN","Ingles"
"1031352","LICENSED_LS","9214 Fifth Ave","Ft Rucker","AL",""
"6539","LICENSED_LS","8000 Oak Point Rd","Amherst","OH","Target"
"1016749","LICENSED_LS","31990 WALKER RD.","Avon Lake","OH","Giant Eagle"
"1012147","LICENSED_LS","2115 Highway 60, #200","Miami","AZ",""
"1017666","LICENSED_LS","3500 Dodge St","Dubuque","IA","Target"
"1005494","LICENSED_LS","3500 Dodge St","Dubuque","IA","Hy-Vee"
"18437","LICENSED_LS","2395 NW Arterial","Dubuque","IA","Hy-Vee"
"1039786","LICENSED_LS","2800 Meadowbrook Mall","Bridgeport","WV","Target"
"1024727","LICENSED_LS","1201 Locust Avenue","Fairmont","WV",""
"8611","MALL","5100 N 9th Ave, Cordova Mall, Ste H818","Pensacola","FL","Cordova Mall - First Level"
"1022062","LICENSED_LS","4711 Bayou Blvd","Pensacola","FL","Target"
"91352","LICENSED_LS","1749 E Nine Mile Rd.","Pensacola","FL","Target"
"7645","LICENSED_LS","4727 US-90","Pace","FL","Target"
"1054486","LICENSED_LS","121 Baptist Way","Pensacola","FL",""
"1054472","LICENSED_LS","250 SauFley Street, Building 630","Naval Station Pensacola","FL",""
"10859","LICENSED_LS","2950 South Blue Angel Parkway","Pensacola","FL","Target"
"1023882","LICENSED_LS","1241 Blakeslee Blvd.","Lehighton","PA","Giant"
"1023851","LICENSED_LS","1197 S. Big A Rd.","Toccoa","GA","Ingles"
"1007592","LICENSED_LS","320 Turner St NW","Blacksburg","VA",""
"1017139","LICENSED_LS","801 East Main Street","Radford","VA",""
"1027398","LICENSED_LS","1701 Tyler Ave","Radford","VA","Food City"
"87049","LICENSED_LS","195 Conston Ave","Christiansburg","VA","Target"
"1017918","LICENSED_LS","555 N Franklin St","Christiansburg","VA","Kroger"
"9090100","LICENSED_LS","13270 Thorn Rd.","Jasper","MO",""
"10017","LICENSED_LS","3151 E 7th St","Joplin","MO","Target"
"8817200","LICENSED_LS","4240 Highway 43","Joplin","MO",""
"18713","LICENSED_LS","120 Sanford School Rd, STE B","Elkhart","IN",""
"9411","LICENSED_LS","3900 E Bristol St","Elkhart","IN",""
"16423","LICENSED_LS","575 E Jackson St","Elkhart","IN",""
"13232","LICENSED_LS","12850 State Rd 23","Granger","IN",""
"1016249","LICENSED_LS","3800 E Mishawaka Rd","Elkhart","IN",""
"1005899","LICENSED_LS","3938 Midway Rd","Goshen","IN","Target"
"11995","LICENSED_LS","306 N Bittersweet","Mishawaka","IN",""
"9914","LICENSED_LS","7355 Heritage Square Dr","Granger","IN",""
"7143","LICENSED_LS","1527 Bashor Rd","Goshen","IN",""
"13222","LICENSED_LS","155 University Dr E","Granger","IN","Target"
"8859","LICENSED_LS","720 S 11th St","Niles","MI",""
"1011564","LICENSED_LS","1401 College Ave","Goshen","IN",""
"12422","LICENSED_LS","2081 South Bend Avenue","South Bend","IN",""
"12969","LICENSED_LS","19130 Cavanaugh Dr., LaFortune Student Center","Notre Dame","IN",""
"1009692","LICENSED_LS","1234 N. Eddy Street, Suite 101","South Bend","IN",""
"1040157","LICENSED_LS","615 N. Michigan St.","South Bend","IN",""
"116494","LICENSED_LS","123 N Dr Martin Luther King Jr Blvd","South Bend","IN",""
"16631","LICENSED_LS","1400 E Ireland Rd","South Bend","IN","Target"
"11438","LICENSED_LS","926 Erskine Plaza","South Bend","IN",""
"1038417","LICENSED_LS","US 491 & NM Hwy 64","Shiprock","NM",""
"1020717","LICENSED_LS","577AZ-64","Grand Canyon Village","AZ",""
"87403","LICENSED_LS","185 Dungeness Dr","Brunswick","GA",""
"66378","LICENSED_LS","32351 N Scottsdale Rd","Scottsdale","AZ","Target"
"16118","LICENSED_LS","5350 East Pathfinder Drive","Phoenix","AZ",""
"1016078","LICENSED_LS","36889 TOM DARLINGTON","Carefree","AZ",""
"8877","LICENSED_LS","29834 N Cave Creek Rd","Phoenix","AZ","Safeway"
"16839","LICENSED_LS","1758 Grand Ave.","Grover Beach","CA","Vons"
"1017122","LICENSED_LS","3655 W ANTHEM WAY","Anthem","AZ","Safeway"
"1006708","LICENSED_LS","39508 N. Daisy Mountain Drive","Phoenix","AZ",""
"16106","LICENSED_LS","3130 W Carefree Hwy","Phoenix","AZ","Albertsons"
"1018035","LICENSED_LS","2800 W. Dove Valley Rd","Phoenix","AZ",""
"1037777","LICENSED_LS","26300 N. Norterra Pkwy","Phoenix","AZ",""
"18784","LICENSED_LS","1 Norterra Dr","Phoenix","AZ",""
"1007477","LICENSED_LS","3800 W Happy Valley Rd #107","Glendale","AZ","Safeway"
"66300","LICENSED_LS","6625 W Happy Valley Rd","Phoenix","AZ",""
"1055297","LICENSED_LS","8010 West Happy Valley Road","Peoria","AZ","Safeway"
"1016683","LICENSED_LS","25401 N. Lake Pleasant Pkwy","Peoria","AZ",""
"1056177","LICENSED_LS","11701 W Lone Mountain Pkwy","Peoria","AZ",""
"17369","LICENSED_LS","24890 N Lake Pleasant Rd","Peoria","AZ","Target"
"6824","LICENSED_LS","28455 N Vistancia Blvd.","Peoria","AZ","Safeway"
"1010431","LICENSED_LS","142 East Hwy 260","Payson","AZ",""
"12766","LICENSED_LS","401 E Hwy 260","Payson","AZ","Safeway"
"1022358","LICENSED_LS","201 10TH AVENUE WEST","Milan","IL","Hy-Vee"
"7076","LICENSED_LS","900 42nd Ave Dr","Moline","IL","Target"
"1016923","LICENSED_LS","4218 Avenue of the Cities","Moline","IL","Hy-Vee"
"1029480","LICENSED_LS","2351 W Locust St","Davenport","IA","Hy-Vee"
"1027555","LICENSED_LS","1823 E. Kimberly Road","Davenport","IA",""
"116422","LICENSED_LS","2400 2nd Ave","Muscatine","IA","Hy-Vee"
"7522","LICENSED_LS","3550 S General Bruce Dr","Temple","TX","Target"
"7734","LICENSED_LS","201 E Cte Bldg 3","Harker Heights","TX","Target"
"1017160","LICENSED_LS","19 Centre Dr","Plattsburgh","NY",""
"10701","LICENSED_LS","60 Smithfield Blvd","Plattsburg","NY","Target"
"8554600","LICENSED_LS","500 Vankirk Drive","Beckley","WV",""
"10327","MALL","308 Galleria Plz","Beckley","WV","Beckley Galleria"
"6461","LICENSED_LS","2650 NW Federal Hwy","Stuart","FL","Target"
"10356","LICENSED_LS","5800 20th St","Vero Beach","FL","Target"
"10466","LICENSED_LS","3699 Hwy 95","Bullhead City","AZ","Target"
"1015112","LICENSED_LS","4747 Highway 95","Fort Mohave","AZ",""
"7392","LICENSED_LS","4823 S Hwy 95","Fort Mohave","AZ","Safeway"
"16315","LICENSED_LS","1751 Highway 95","Bullhead City","AZ","Safeway"
"9368","LICENSED_LS","2900 S Casino Dr","Laughlin","NV",""
"20202","LICENSED_LS","14546 Dellwood Dr","Baxter","MN","Target"
"9416","LICENSED_LS","5702 Summitview Ave","Yakima","WA","Safeway"
"1012920","LICENSED_LS","1206 N 40th","Yakima","WA","Fred Meyer"
"7895","LICENSED_LS","2204-A W Nob Hill Blvd","Yakima","WA","Safeway"
"1018591","LICENSED_LS","1610 West Lincoln Ave","Yakima","WA","Safeway"
"8172","LICENSED_LS","205 N 5th Ave","Yakima","WA","Safeway"
"8145","LICENSED_LS","905 E Mead Ave","Yakima","WA","Safeway"
"8677000","LICENSED_LS","3000 Kia Blvd","West Point","GA",""
"1009591","LICENSED_LS","329 Lawson St","Greenwood","SC",""
"20192","LICENSED_LS","1902 Miller Trunk Hwy","Duluth","MN","Target"
"1012177","LICENSED_LS","1101 Grants Pass Pkwy","Grants Pass","OR","Fred Meyer"
"69054","LICENSED_LS","115 East 7th Ave","Grants Pass","OR","Safeway"
"10130","LICENSED_LS","16300 N Marketplace Blvd","Nampa","ID","Target"
"1033700","LICENSED_LS","4657 South Eagle Road","Meridian","ID","Albertsons"
"20388","LICENSED_LS","3301 W Cherry Ln","Meridian","ID","Albertsons"
"1016384","LICENSED_LS","10656 Lake Hazel","Boise","ID","Albertsons"
"1011711","LICENSED_LS","1850 E Fairview Avenue","Meridian","ID","Fred Meyer"
"1011685","LICENSED_LS","10751 W Overland Rd","Boise","ID","Fred Meyer"
"1024557","LICENSED_LS","3499 E Fairview Ave","Meridian","ID","Albertsons"
"113739","LICENSED_LS","1400 W Chinden","Meridian","ID","Fred Meyer"
"1007643","LICENSED_LS","4700 North Eagle Road, Albertsons - Eagle McMillan (177)","Boise","ID","Albertsons"
"1032435","LICENSED_LS","210 N Highbrook Way","Star","ID","Albertsons"
"16903","LICENSED_LS","10700 Ustick Road","Boise","ID","Albertsons"
"1013588","LICENSED_LS","6280 N Eagle Rd","Boise","ID","Target"
"1013722","LICENSED_LS","5100 Overland Rd","Boise","ID","Albertsons"
"8857700","LICENSED_LS","3201 W Airport Way #1000","Boise","ID",""
"16400","LICENSED_LS","5230 W. Franklin Road","Boise","ID","Fred Meyer"
"15074","LICENSED_LS","1653 South Vista Ave","Boise","ID","Albertsons"
"6379","LICENSED_LS","250 South Eagle Rd","Eagle","ID","Albertsons"
"12411","LICENSED_LS","3527 Federal Way","Boise","ID","Fred Meyer"
"1019300","LICENSED_LS","1700 University Drive","Boise","ID",""
"1022403","LICENSED_LS","1219 S Broadway Ave","Boise","ID","Albertsons"
"1009748","LICENSED_LS","6560 S Federal Wy","Boise","ID","Albertsons"
"12361","LICENSED_LS","1650 W. State St.","Boise","ID","Albertsons"
"1011452","LICENSED_LS","168 Ames Dr","Barre","VT",""
"1022768","LICENSED_LS","909 E. Parkcenter Blvd.","Boise","ID","Albertsons"
"19100","LICENSED_LS","640 Highway 16","Emmett","ID","Albertsons"
"1007588","LICENSED_LS","2800 Arctic Avenue","Virginia Beach","VA","Harris Teeter"
"6430","LICENSED_LS","525 First Colonial Rd","Virginia Beach","VA","Target"
"6553","LICENSED_LS","2233 Upton Dr","Virginia Beach","VA","Target"
"1011679","LICENSED_LS","2105 Princess Anne Rd.","Virginia Beach","VA","Harris Teeter"
"1024525","LICENSED_LS","2110 North Great Neck Rd.","Virginia Beach","VA","Harris Teeter"
"9441","LICENSED_LS","2476 Nimmo Parkway","Virginia Beach","VA","Harris Teeter"
"1005600","LICENSED_LS","3901 Holland Road","Virginia Beach","VA","Kroger"
"1022316","LICENSED_LS","2060 S Independence Blvd","Virginia Beach","VA","Target"
"92310","LICENSED_LS","4554 Virginia Beach Blvd","Virginia Beach","VA","Target"
"10514","LICENSED_LS","5060 Ferrell Parkway","Virginia Beach","VA","Harris Teeter"
"1018925","MALL","1600 Premium Outlets Blvd, 856","Norfolk","VA","Norfolk Premium Outlet"
"1023709","LICENSED_LS","1400 Kempsville Rd","Chesapeake","VA","Harris Teeter"
"9984","LICENSED_LS","1245 N Military Hwy","Norfolk","VA","Target"
"1044981","LICENSED_LS","1216 Greenbrier Pkwy","Chesapeake","VA","Harris Teeter"
"9710","LICENSED_LS","1316 Greenbrier Pkwy","Chesapeake","VA","Target"
"1015453","LICENSED_LS","1653 Sentinel Dr","Chesapeake","VA","Kroger"
"1007444","LICENSED_LS","804 1st St W","Cle Elum","WA","Safeway"
"1044463","LICENSED_LS","3630 Victory Boulevard","Portsmouth","VA",""
"1029623","LICENSED_LS","4320 Hampton Blvd.","Norfolk","VA",""
"12975","LICENSED_LS","1200 Webb Center","Norfolk","VA",""
"1007097","LICENSED_LS","4035 Mount Vernon Rd SE","Cedar Rapids","IA","Hy-Vee"
"1011615","LICENSED_LS","20 Wilson Ave SW","Cedar Rapids","IA","Hy-Vee"
"15161","LICENSED_LS","1030 Blaires Ferry Rd NE","Cedar Rapids","IA","Target"
"7817","LICENSED_LS","5050 Edgewood Rd NE","Cedar Rapids","IA","Hy-Vee"
"1033772","LICENSED_LS","601 22nd Ave","Meridian","MS",""
"12984","LICENSED_LS","975 East 3rd Street","Chattanooga","TN",""
"1007638","LICENSED_LS","615 McCallie Ave","Chattanooga","TN",""
"9165100","LICENSED_LS","20 Cherokee Blvd.","Chattanooga","TN",""
"8890900","LICENSED_LS","4510 Highway 58","Chattanooga","TN","Food City"
"16601","LICENSED_LS","827 Broad St","Chattanooga","TN",""
"1044136","LICENSED_LS","1201 Broad Street","Chattanooga","TN",""
"1054480","LICENSED_LS","1375 Broad Street","Chattanooga","TN","Food City"
"1040142","LICENSED_LS","3901 Dayton Blvd","Red Bank","TN","Food City"
"1033879","LICENSED_LS","3636 Ringgold Rd","East Ridge","TN","Food City"
"8789400","LICENSED_LS","6651 Lee Hwy.","Chattanooga","TN","Food City"
"8514","LICENSED_LS","5579 Hwy 153","Hixson","TN","Target"
"1021490","LICENSED_LS","5604 Hixson Pike","Hixson","TN","Food City"
"1019278","LICENSED_LS","1816 Gunbarrel Rd","Chattanooga","TN","Target"
"18117","LICENSED_LS","1400 Patten Road","Lookout Mountain","GA",""
"1032138","LICENSED_LS","1667 Ooltewah-Ringgold Rd","Ooltewah","TN","Food City"
"8530400","LICENSED_LS","8634 Highway 58","Harrison","TN","Food City"
"1007308","LICENSED_LS","1301 Frederick Blvd","Portsmouth","VA","Kroger"
"1038485","LICENSED_LS","547 Meeting Street","Charleston","SC",""
"1025951","LICENSED_LS","171 Moultrie Street","Charleston","SC",""
"8003","LICENSED_LS","290 E Bay St","Charleston","SC","Harris Teeter"
"1007546","LICENSED_LS","205 Calhoun St","Charleston","SC",""
"18583","LICENSED_LS","31 Courtenay Drive","Charleston","SC",""
"91149","LICENSED_LS","975 Savannah Hwy, 135","Charleston","SC","Harris Teeter"
"1013577","LICENSED_LS","1739 Maybank Hwy","Charleston","SC","Harris Teeter"
"1020830","LICENSED_LS","1812 Sam Rittenberg Blvd.","Charleston","SC","Harris Teeter"
"9898","LICENSED_LS","1005 Harborview Drive","Charleston","SC","Harris Teeter"
"1006260","LICENSED_LS","2070 Sam Rittenberg Blvd","Charleston","SC","Target"
"1020342","LICENSED_LS","1300 Long Grove Drive","Mt. Pleasant","SC","Target"
"18804","LICENSED_LS","2195 Tea Planter Ln","Mt. Pleasant","SC","Harris Teeter"
"1054815","LICENSED_LS","5500 International Blvd","North Charleston","SC",""
"18825","LICENSED_LS","2035 HWY 41","Mt. Pleasant","SC","Harris Teeter"
"1027554","LICENSED_LS","3865 W. Ashely Circe","Charleston","SC","Harris Teeter"
"91345","LICENSED_LS","7250 Rivers Ave","North Charleston","SC","Target"
"18458","LICENSED_LS","Pennsylvania Turnpike, Btween exits 11&12, Westbound","Bedford","PA",""
"8060","LICENSED_LS","PA Turnpike Eastbound MP 147.3 exit 146","Bedford","PA",""
"1006223","LICENSED_LS","3050 N Lewis Ave","Waukegan","IL","Target"
"1025409","LICENSED_LS","6170 Grand Ave, 601","Gurnee","IL",""
"1005381","LICENSED_LS","6124 W Grand Avenue","Gurnee","IL",""
"15093","LICENSED_LS","6601 W Grand Ave","Gurnee","IL","Target"
"1009615","LICENSED_LS","6509 W Grand Ave","Gurnee","IL",""
"1012333","LICENSED_LS","975 Rockland Rd","Lake Bluff","IL","Target"
"1024745","LICENSED_LS","1000 WESTMORELAND","Lake Forest","IL",""
"1016560","LICENSED_LS","1150 West Maple Ave","Mundelein","IL",""
"1021764","LICENSED_LS","2099 Skokie Valley Rd","Highland Park","IL","Target"
"1055027","LICENSED_LS","1600 West Deerfield Road","Highland Park","IL",""
"18061","LICENSED_LS","242 N Oakland Ave","Nappanee","IN",""
"1017989","LICENSED_LS","525 S Mayflower Rd","South Bend","IN",""
"8793400","LICENSED_LS","11116 South Memorial","Bixby","OK",""
"11001","LICENSED_LS","10019 S Memorial Dr","Tulsa","OK","Target"
"11522","LICENSED_LS","10711 E 71st St","Tulsa","OK","Target"
"10465","LICENSED_LS","7437 S Olympia Ave W","Tulsa","OK","Target"
"1055520","LICENSED_LS","1100 East Kenosha","Broken Arrow","OK",""
"10855","LICENSED_LS","1150 E Hillside Dr","Broken Arrow","OK","Target"
"1055222","LICENSED_LS","2478 S US Highway 421-Woodland Plaza","Harlan","KY","Food City"
"7056","LICENSED_LS","125 Topsham Fair Mall Rd","Topsham","ME","Target"
"1040344","LICENSED_LS","603 Center Street","Auburn","ME","Target"
"1028829","LICENSED_LS","600 Center Street","Auburn","ME",""
"8281","LICENSED_LS","4202 13th Ave S","Fargo","ND","Target"
"1007829","LICENSED_LS","1500 18th St","Spirit Lake","IA","Hy-Vee"
"7655","LICENSED_LS","1851 Vernaci Dr","Washington","MO","Target"
"10593","LICENSED_LS","1101 Pacific Coast Highway","Seal Beach","CA",""
"1006809","LICENSED_LS","6290 E Pacific Coast Hwy","Long Beach","CA","Ralphs"
"1014452","LICENSED_LS","5760 East 7th Street","Long Beach","CA","Target"
"18050","LICENSED_LS","1820 Ximeno Ave","Long Beach","CA","Vons"
"1016325","LICENSED_LS","12470 Seal Beach Blvd","Seal Beach","CA","Ralphs"
"19442","LICENSED_LS","600 E Broadway","Long Beach","CA","Vons"
"1014839","LICENSED_LS","12300 Seal Beach","Seal Beach","CA","Target"
"1014715","LICENSED_LS","2270 N Bellflower Blvd","Long Beach","CA","Target"
"9407","LICENSED_LS","5922 Edinger Ave","Huntington Beach","CA","Vons"
"7638","LICENSED_LS","200 Westminster Mall","Westminster","CA","Target"
"11234","LICENSED_LS","11861 Valley View St","Garden Grove","CA","Vons"
"1014838","LICENSED_LS","16400 Beach Blvd","Westminster","CA","Target"
"1054813","LICENSED_LS","70 Falcon Ridge Pkwy","Mesquite","NV",""
"10680","LICENSED_LS","1363 W Henderson Ave","Porterville","CA","Target"
"6493","LICENSED_LS","2195 E Prosperity Ave","Tulare","CA","Target"
"1031190","LICENSED_LS","330 N Westlake Avenue","Los Angeles","CA","Target"
"1012104","LICENSED_LS","4450 Buffalo Gap Road","Abilene","TX",""
"1017752","LICENSED_LS","3710 Ridgemont Dr","Abilene","TX","Target"
"1013568","LICENSED_LS","1095 N Judge Ely Blvd.","Abilene","TX",""
"1007538","LICENSED_LS","760 Library Court","Abilene","TX",""
"1018742","LICENSED_LS","2010 Country Club Rd","Lake Charles","LA","Kroger"
"1044837","LICENSED_LS","3701 Broadway St.","Quincy","IL","Target"
"116350","LICENSED_LS","3700 Broadway St.","Quincy","IL","Hy-Vee"
"8441","LICENSED_LS","2001 Millerville Rd","Baton Rouge","LA","Target"
"1055025","LICENSED_LS","15232 George O'Neal Road","Baton Rouge","LA","Albertsons"
"1021541","LICENSED_LS","9650 Airline Highway","Baton Rouge","LA","Albertsons"
"1016389","LICENSED_LS","2600 Memorial Blvd.","Springfield","TN","Kroger"
"1037054","LICENSED_LS","510 TN-76 E","White House","TN","Kroger"
"1054761","LICENSED_LS","11350 W Tangerine Rd.","Marana","AZ",""
"13108","LICENSED_LS","9100 North Silver Bell","Tucson","AZ","Safeway"
"7728","LICENSED_LS","4889 Promenade Pkwy","Bessemer","AL","Target"
"88731","LICENSED_LS","203 Blue Mountain Plaza","Newburg","PA",""
"1031101","LICENSED_LS","1316 N. Highway 89","Farmington","UT",""
"1025938","LICENSED_LS","200 N Market Place Dr","Centerville","UT","Target"
"1006887","LICENSED_LS","555 S 200 W","Bountiful","UT",""
"1007526","LICENSED_LS","1170 E Gentile St","Layton","UT",""
"1013360","LICENSED_LS","1370 W 200 N","Kaysville","UT",""
"1016406","LICENSED_LS","680 W. 2600 S","Woods Cross","UT",""
"116595","LICENSED_LS","815 W. 2000","Layton","UT","Target"
"1021142","LICENSED_LS","1415 Edvalson St.","Ogden","UT",""
"1021544","LICENSED_LS","5845 E AVE BLDG 412","Hill AFB","UT",""
"1013640","LICENSED_LS","4275 Harrison Blvd","Ogden","UT",""
"1016210","LICENSED_LS","2000 CIRCLE OF HOPE","Salt Lake City","UT",""
"17680","LICENSED_LS","50 N Medical Dr","Salt Lake City","UT",""
"8819500","LICENSED_LS","50 Medical Center Dr, University of Utah","Salt Lake City","UT",""
"1005378","LICENSED_LS","480 Wakara Wy.","Salt Lake City","UT",""
"1013114","LICENSED_LS","270 S 1500 E","Salt Lake City","UT",""
"8631200","LICENSED_LS","295 1500 E","Salt Lake City","UT",""
"10090","LICENSED_LS","300 Chase Ave","Waterbury","CT","Target"
"10688","LICENSED_LS","600 Executive Blvd","Southington","CT","Target"
"9108500","LICENSED_LS","474 Chamberlain Hwy","Meriden","CT","Target"
"1022949","LICENSED_LS","3265 Berlin Turnpike","Newington","CT","Target"
"1015532","LICENSED_LS","1615 Stanley St","New Britain","CT",""
"1009592","LICENSED_LS","475 Hartford Rd","New Britain","CT","Target"
"8562700","LICENSED_LS","100 Westfarms Mall, Westfarms Mall","Farmington","CT",""
"1019393","LICENSED_LS","18 Front Street","Hartford","CT",""
"8247","LICENSED_LS","200 Columbus Blvd","Hartford","CT",""
"11008","LICENSED_LS","55 Oak St","Glastonbury","CT",""
"1007598","LICENSED_LS","200 Bloomfield Ave","West Hartford","CT",""
"1014577","LICENSED_LS","990 Torringsford St","Torrington","CT",""
"6496","LICENSED_LS","1922 E Main St","Torrington","CT","Target"
"10669","LICENSED_LS","4001 Phoenix Ave","Fort Smith","AR","Target"
"8988800","LICENSED_LS","397 Rockhouse Rd. E","Cordele","GA",""
"9219","LICENSED_LS","927 S China Lake Blvd","Ridgecrest","CA","Albertsons"
"8969200","LICENSED_LS","1005 Interstate Drive","St. Elmo","IL",""
"15722","LICENSED_LS","500 Canal Street","New Orleans","LA",""
"9737","LICENSED_LS","859 Convention Center Boulevard","New Orleans","LA",""
"8709900","LICENSED_LS","400 N Carrollton Ave","New Orleans","LA",""
"8537100","LICENSED_LS","701 Baronne St","New Orleans","LA",""
"68461","LICENSED_LS","601 Loyola Ave","New Orleans","LA",""
"1023494","LICENSED_LS","1731 Manhattan Blvd","Harvey","LA","Target"
"8537000","LICENSED_LS","2900 Veterans Blvd","Metairie","LA",""
"1007570","LICENSED_LS","6363 Saint Charles Ave.","New Orleans","LA",""
"8710000","LICENSED_LS","2701 Airline Dr.","Metairie","LA",""
"1009743","LICENSED_LS","2030 E Main St","Galesburg","IL","Hy-Vee"
"1025799","LICENSED_LS","1071 W Carl Sandburg Dr","Galesburg","IL","Target"
"1006584","LICENSED_LS","514 University Avenue","Selinsgrove","PA",""
"8566","LICENSED_LS","4101 Logan Rd","Lincoln City","OR","Safeway"
"62905","LICENSED_LS","21747 County Road M","West Unity","OH",""
"63084","LICENSED_LS","21738 County Road M50","West Unity","OH",""
"8793100","LICENSED_LS","601 Palo Pinto","Weatherford","TX",""
"1009985","LICENSED_LS","225 E Spring St","Weatherford","TX","Albertsons"
"9630","LICENSED_LS","122 E I-20","Weatherford","TX","Target"
"11360","LICENSED_LS","3540 E Main St","Farmington","NM","Safeway"
"10211","LICENSED_LS","4900 E Main St","Farmington","NM","Target"
"7742","LICENSED_LS","415 N Main Ave","Aztec","NM","Safeway"
"10848","LICENSED_LS","829 W Main St","Gaylord","MI",""
"8746300","LICENSED_LS","112 West Beach Blvd","Gulf Shores","AL",""
"13748","LICENSED_LS","3820 Gulf Shores Pkwy","Gulf Shores","AL","Target"
"1014590","LICENSED_LS","1910 Rosemont Dr","San Angelo","TX",""
"1015055","LICENSED_LS","3121 Sunset Drive","San Angelo","TX",""
"10748","LICENSED_LS","500 Rte 134","South Dennis","MA",""
"1028429","LICENSED_LS","18 Sisson Road","Harwich Port","MA",""
"1021540","LICENSED_LS","1698 US Highway 98","Daphne","AL","Target"
"1044397","LICENSED_LS","100-A South OWA Blvd.","Foley","AL",""
"1031266","LICENSED_LS","1805 LEE STREET","COMMERCE","TX",""
"1055998","LICENSED_LS","211 W State Street","Rockford","IL",""
"1010130","LICENSED_LS","6560 E State St","Rockford","IL","Target"
"1020159","LICENSED_LS","1129 Lake Street","Oak Park","IL","Target"
"1010399","LICENSED_LS","7525 West Lake Rd","River Forest","IL",""
"1024307","LICENSED_LS","828 S. WOLCOTT AVE","Chicago","IL",""
"1028525","LICENSED_LS","2021 W Chicago Ave","Chicago","IL",""
"15867","LICENSED_LS","6525 W Diversey Ave","Chicago","IL","Target"
"91888","LICENSED_LS","1101 W Jackson Blvd","Chicago","IL","Target"
"1025934","LICENSED_LS","940 W Harrison St","Chicago","IL",""
"1009614","LICENSED_LS","1341 N Paulina St","Chicago","IL",""
"1024859","LICENSED_LS","6418 N. Sheridan Rd.","Chicago","IL","Target"
"1043771","LICENSED_LS","1999 Campus Dr","Evanston","IL",""
"1009610","LICENSED_LS","1763 W Howard","Chicago","IL",""
"19039","LICENSED_LS","4446 N Broadway St","Chicago","IL","Target"
"9410","LICENSED_LS","2209 W Howard St","Evanston","IL","Target"
"1016294","LICENSED_LS","3531 N. Broadway","Chicago","IL",""
"8383","LICENSED_LS","2112 W Peterson Ave","Chicago","IL","Target"
"1021273","LICENSED_LS","1800 W Lawrence Ave","Chicago","IL",""
"1020175","LICENSED_LS","3300 N. Ashland Ave.","Chicago","IL","Target"
"1054723","LICENSED_LS","5140 N California Ave","Chicago","IL",""
"1039708","LICENSED_LS","3358 W. Touhy Ave.","Skokie","IL",""
"1010394","LICENSED_LS","2940 N Ashland","Chicago","IL",""
"1019042","LICENSED_LS","102 W Division","Chicago","IL",""
"1022065","LICENSED_LS","600 E Grand Ave","Chicago","IL",""
"1025889","LICENSED_LS","320 E. SUPERIOR ST.","Chicago","IL",""
"1013393","LICENSED_LS","401 E Illinois Street","Chicago","IL","Target"
"14205","LICENSED_LS","165 E Ontario St","Chicago","IL",""
"1054348","LICENSED_LS","300 E Randolph St","Chicago","IL",""
"18347","LICENSED_LS","505 N Michigan Ave","Chicago","IL",""
"16490","LICENSED_LS","111 N. State St., Randolph and Wabash","Chicago","IL",""
"15769","LICENSED_LS","111 N. State St.","Chicago","IL",""
"9108200","LICENSED_LS","1 S State St","Chicago","IL","Target"
"10625","LICENSED_LS","17 E Monroe St","Chicago","IL",""
"1022945","LICENSED_LS","108 N STATE ST","Chicago","IL",""
"1031001","LICENSED_LS","640 N LaSalle Drive","Chicago","IL","Target"
"8783000","LICENSED_LS","10 S. Dearborn St","Chicago","IL",""
"1009611","LICENSED_LS","424 W Division","Chicago","IL",""
"16628","LICENSED_LS","4050 N Harlem Ave","Norridge","IL","Target"
"1028821","LICENSED_LS","7401 West Lawrence Ave","Harwood Heights","IL",""
"1044124","LICENSED_LS","7342 West Foster Avenue","Chicago","IL",""
"1020189","LICENSED_LS","2241 WILLOW ROAD","Glenview","IL","Target"
"1009613","LICENSED_LS","2502 N Waukegan Rd","Glenview","IL",""
"16833","LICENSED_LS","1340 Patriot Blvd.","Glenview","IL",""
"1026429","LICENSED_LS","239 Golf Mill Ctr","Niles","IL","Target"
"8727700","LICENSED_LS","4909 Old Orchard Ctr","Skokie","IL",""
"18453","LICENSED_LS","2550 N. Clyborn","Chicago","IL",""
"1039812","LICENSED_LS","2112 N. Ashland Ave.","Chicago","IL",""
"9148200","LICENSED_LS","1347 S Ashland Ave","Chicago","IL",""
"17661","LICENSED_LS","2656 N Elston Ave","Chicago","IL","Target"
"1006014","LICENSED_LS","1200 N Larrabee St","Chicago","IL","Target"
"1033358","LICENSED_LS","3350 N. Western Ave.","Chicago","IL",""
"12791","LICENSED_LS","2939 W Addison St","Chicago","IL","Target"
"18440","LICENSED_LS","6150 W Touhy Ave","Niles","IL","Target"
"1054488","LICENSED_LS","4730 W. Irving Park Road","Chicago","IL","Target"
"1029292","LICENSED_LS","4631 W Foster Avenue","Chicago","IL","Target"
"90029","LICENSED_LS","400 E US Highway 19 E Byp","Burnsville","NC","Ingles"
"1027051","LICENSED_LS","309 W. Henderson St.","Marion","NC","Ingles"
"10081","LICENSED_LS","1075 Kennedy Rd","Windsor","CT","Target"
"1044895","LICENSED_LS","Schoephoester Road","Windsor Locks","CT",""
"10717","LICENSED_LS","875 E Main St","Waconia","MN","Target"
"8752400","LICENSED_LS","85 Old Main","Mississippi State","MS",""
"66227","LICENSED_LS","MCCS Contracting Bldg 1502","Twentynine Palms","CA",""
"1023295","MALL","998 Grand Central Mall","Vienna","WV","Vienna, Grand Central Mall"
"8862600","LICENSED_LS","1 Saracen Casino Dr","Pine Bluff","AR",""
"7658","LICENSED_LS","8061 Brewerton Rd","Cicero","NY","Target"
"1014685","LICENSED_LS","800 N Dixie Dr","Clute","TX","Kroger"
"11343","LICENSED_LS","16000 Theme Park Way","Doswell","VA",""
"10675","LICENSED_LS","3308 N Dinuba Blvd","Visalia","CA","Target"
"1031823","LICENSED_LS","2031 S. Mooney Blvd, Suite 1473","Visalia","CA",""
"1010128","LICENSED_LS","4227 S. Mooney Blvd","Visalia","CA","Target"
"17376","LICENSED_LS","1447 East 7th St","Monticello","MN","Target"
"10716","LICENSED_LS","15800 87th St NE","Otsego","MN","Target"
"16616","LICENSED_LS","21615 S Diamond Lake Rd","Rogers","MN","Target"
"15927","LICENSED_LS","1300 State Hwy 55 NE","Buffalo","MN","Target"
"6527","LICENSED_LS","15300 Grove Circle N","Maple Grove","MN","Target"
"12800","LICENSED_LS","11960 Business Park Blvd N","Champlin","MN","Target"
"1009299","LICENSED_LS","3300 124th Ave NW","Coon Rapids","MN","Target"
"12271","LICENSED_LS","2000 Bonker Lake Blvd NW","Andover","MN","Target"
"1026660","LICENSED_LS","18755 70th Way North","Maple Grove","MN","Hy-Vee"
"1006679","LICENSED_LS","7000 Target Parkway N","Brooklyn Park","MN","Target"
"1015601","LICENSED_LS","9401 Zane Ave North","Brooklyn Park","MN","Hy-Vee"
"10143","LICENSED_LS","300 Clydesdale Rd","Medina","MN","Target"
"1011099","LICENSED_LS","125 Witchwood Dr","North Wales","PA","Target"
"14139","LICENSED_LS","4275 County Line Rd","Chalfont","PA","Giant"
"1020096","LICENSED_LS","401 Easton Rd","Warrington","PA","Target"
"1054884","LICENSED_LS","456 N Main St","Doyleston","PA","Target"
"1032465","LICENSED_LS","4377 W. Swamp Road","Doylestown","PA","Giant"
"1015272","LICENSED_LS","10506 West Aero Road","Spokane","WA",""
"1018739","LICENSED_LS","48 WEST RD","Newtown","PA",""
"1028091","LICENSED_LS","1620 S Cedar","Owatonna","MN","Hy-Vee"
"11921","LICENSED_LS","5537 W Broadway Ave","Crystal","MN","Target"
"13706","LICENSED_LS","7535 W Broadway Ave","Brooklyn Park","MN","Target"
"10142","LICENSED_LS","755 53rd Ave NE","Fridley","MN","Target"
"1043089","LICENSED_LS","131 Tucker Dr","Shelby","NC",""
"1026184","LICENSED_LS","2375 Chesnee Hwy","Spartanburg","SC","Ingles"
"1015439","LICENSED_LS","220 WAVERLY PLAZA","Waverly","OH","Kroger"
"1045257","LICENSED_LS","365 Quartzsite Blvd","Quartzsite","AZ",""
"13291","LICENSED_LS","840 E Hobson Way","Blythe","CA","Albertsons"
"17611","LICENSED_LS","749 Apollo Dr","Lino Lakes","MN","Target"
"12798","LICENSED_LS","1500 109th Ave NE","Blaine","MN","Target"
"1030674","LICENSED_LS","8155 Hwy 65 NE","Spring Lake Park","MN","Hy-Vee"
"1016545","LICENSED_LS","441 Hwy 96 W","Shoreview","MN",""
"13804","LICENSED_LS","8600 Springbrook Dr NW","Coon Rapids","MN","Target"
"1006267","LICENSED_LS","356 12th St SW","Forest Lake","MN","Target"
"13227","LICENSED_LS","4391 S. Lake Ave.","White Bear Lake","MN",""
"1006159","LICENSED_LS","975 County Rd E","Vadnais Heights","MN","Target"
"6529","LICENSED_LS","4611 Maine Ave SE","Rochester","MN","Target"
"1009738","LICENSED_LS","500 37th St W","Rochester","MN","Hy-Vee"
"13214","LICENSED_LS","3827 Marketplace Dr NW","Rochester","MN","Target"
"1013509","LICENSED_LS","4200 West Circle Drive NW","Rochester","MN",""
"113919","LICENSED_LS","1524 Hwy 16 W","Griffin","GA","Kroger"
"1014539","LICENSED_LS","1735 ZEBULON RD.","Griffin","GA","Ingles"
"8584","LICENSED_LS","890 West Williams","Fallon","NV","Safeway"
"1027914","LICENSED_LS","1727 Martin King Luther Jr Blvd","Houma","LA","Target"
"18623","LICENSED_LS","10661 N Oracle Rd","Oro Valley","AZ",""
"9760","LICENSED_LS","7110 N Oracle Rd","Tucson","AZ","Safeway"
"9446","LICENSED_LS","4752 E Sunrise Dr","Tucson","AZ","Safeway"
"1006342","LICENSED_LS","10450 N LA Canada Dr","Oro Valley","AZ",""
"13691","LICENSED_LS","12122 N Rancho Vistoso Blvd","Oro Valley","AZ","Safeway"
"10542","LICENSED_LS","6900 E Sunrise","Tucson","AZ",""
"1032171","LICENSED_LS","4500 N Oracle Rd","Tucson","AZ",""
"1017555","LICENSED_LS","4036 N. 1st Ave","Tucson","AZ",""
"12375","LICENSED_LS","5085 N La Canada Drive","Tucson","AZ","Albertsons"
"11027","LICENSED_LS","1767 East Prince Rd","Tucson","AZ","Safeway"
"17170","LICENSED_LS","2000 W River Rd","Tucson","AZ",""
"11003","LICENSED_LS","4040 N Oracle Rd","Tucson","AZ","Target"
"17245","LICENSED_LS","3275 N Swan Rd","Tucson","AZ",""
"1030083","LICENSED_LS","8360 Thornydale","Tucson","AZ",""
"1031059","LICENSED_LS","2854 N Campbell","Tucson","AZ","Albertsons"
"65919","LICENSED_LS","3770 W Ina Rd","Tucson","AZ",""
"8300","LICENSED_LS","3901 W Ina Rd","Tucson","AZ","Target"
"1015338","LICENSED_LS","555 E. Grant Rd.","Tucson","AZ",""
"19033","LICENSED_LS","15310 N Oracle Rd","Tucson","AZ",""
"6352","LICENSED_LS","12100 North Thorneydale Road","Marana","AZ",""
"1022174","LICENSED_LS","6500 E Grant Rd","Tucson","AZ","Target"
"18363","LICENSED_LS","7177 E Tanque Verde","Tucson","AZ","Safeway"
"7682","LICENSED_LS","1303 E University Blvd, Ste 149","Tucson","AZ",""
"1005540","LICENSED_LS","1510 E University Blvd","Tucson","AZ",""
"17243","LICENSED_LS","2140 West Grant Rd","Tucson","AZ","Safeway"
"1040216","LICENSED_LS","615 N. Park Blvd.","TUCSON","AZ",""
"11368","LICENSED_LS","3699 E Broadway Blvd","Tucson","AZ","Target"
"1014469","LICENSED_LS","1350 N Silverbell Rd","Tucson","AZ","Albertsons"
"17869","LICENSED_LS","1940 EAST BROADWAY ROAD","Tucson","AZ","Safeway"
"7802","LICENSED_LS","9125 East Tanque Verde","Tucson","AZ","Safeway"
"14177","LICENSED_LS","9615 E Old Spanish Trail","Tucson","AZ","Target"
"6370","LICENSED_LS","9460 E Golf Links Rd","Tucson","AZ","Safeway"
"1011276","LICENSED_LS","8080 S Houghton Rd","Tucson","AZ",""
"7108","LICENSED_LS","9050 E Valencia Rd","Tucson","AZ","Safeway"
"18261","LICENSED_LS","7812 E Speedway Blvd.","Tucson","AZ",""
"10770","LICENSED_LS","6360 E Golf Links","Tucson","AZ","Safeway"
"1021349","LICENSED_LS","13380 E Mary Ann Cleveland Way","Vail","AZ","Safeway"
"9014","MALL","5870 East Broadway Blvd., Park Place Mall, 160","Tucson","AZ","Park Place - Tucson"
"8130","LICENSED_LS","5405 E Granite St, Bldg 2527","Tucson","AZ",""
"19207","LICENSED_LS","1551 W St Marys Blvd","Tucson","AZ","Safeway"
"7733","LICENSED_LS","135 Creekside Way","New Braunfels","TX","Target"
"8758300","LICENSED_LS","3939 IH-35 South","San Marcos","TX",""
"10837","LICENSED_LS","700 Barnes Dr","San Marcos","TX","Target"
"1028355","LICENSED_LS","601 UNIVERSITY DRIVE","SAN MARCOS","TX",""
"10651","LICENSED_LS","100 Student Center Drive","San Marcos","TX",""
"11000","LICENSED_LS","3867 Promenade Pkwy","D'Iberville","MS","Target"
"18775","LICENSED_LS","506 Larcher Blvd, Bldg 2306","Biloxi","MS",""
"1018543","LICENSED_LS","280 BEACH BLVD","Biloxi","MS",""
"17183","LICENSED_LS","151 Beach Blvd","Biloxi","MS",""
"65801","LICENSED_LS","Faculty Row","Pembroke","NC",""
"7765","LICENSED_LS","Ft Stewart Exchange","Hinesville","GA",""
"1005296","LICENSED_LS","312 South Huron Ave","Mackinaw City","MI",""
"1025779","LICENSED_LS","222 E Highway 246","Buellton","CA","Albertsons"
"9986","LICENSED_LS","436 Retail Commons Pkwy","Martinsburg","WV","Target"
"86965","LICENSED_LS","6300 Ocean Drive.","Corpus Christi","TX",""
"1010120","LICENSED_LS","5425 S Padre Island Dr Ste 125","Corpus Christi","TX","Target"
"113732","LICENSED_LS","3000 W Deyoung St","Marion","IL","Target"
"17418","LICENSED_LS","1704 W Deyoung St","Marion","IL","Kroger"
"1031283","LICENSED_LS","8920 Fletcher Parkway","La Mesa","CA","Albertsons"
"1015142","LICENSED_LS","5500 Grossmont Center Dr","La Mesa","CA","Target"
"1024532","LICENSED_LS","3575 Bridge Road","Suffolk","VA","Harris Teeter"
"1007568","LICENSED_LS","1017 University Blvd","Suffolk","VA","Kroger"
"1006185","LICENSED_LS","1204 New Brunswick Ave","Phillipsburg","NJ","Target"
"1014560","LICENSED_LS","2622 Menard Dr","Evansville","IN",""
"20099","LICENSED_LS","6625 E Lloyd Expy","Evansville","IN","Target"
"10449","LICENSED_LS","650 Finney Flat Rd","Camp Verde","AZ",""
"13863","LICENSED_LS","1635 Cottonwood St","Cottonwood","AZ","Safeway"
"8967300","LICENSED_LS","1810 Sandifer Blvd","Senaca","SC","Target"
"1005172","LICENSED_LS","211 Ingles Plaza","Seneca","SC","Ingles"
"1006218","LICENSED_LS","180 Scenic Plaza Dr","West Union","SC","Ingles"
"1005286","LICENSED_LS","1 Klugh Ave","Clemson","SC",""
"1007139","LICENSED_LS","116 Sigma Dr","Clemson","SC",""
"1022498","LICENSED_LS","110 N. Cherry Rd.","Clemson","SC",""
"66297","LICENSED_LS","854 SR-93","Clemson","SC","Ingles"
"8942100","LICENSED_LS","1054 US Hwy 82 E, 200","Tifton","GA",""
"1025659","LICENSED_LS","2772 Tittabawassee Rd","Saginaw","MI","Target"
"6844","LICENSED_LS","7400 Bay Rd","Saginaw","MI",""
"68422","LICENSED_LS","3040 EVANS ST","Greenville","NC","Harris Teeter"
"1017753","LICENSED_LS","3040 S Evans St","Greenville","NC","Target"
"17337","LICENSED_LS","2120 E Firetower Rd, Suite 101","Greenville","NC","Harris Teeter"
"1024212","LICENSED_LS","501 E 10th St","Greenville","NC",""
"1005536","LICENSED_LS","1000 E 5th Str","Greenville","NC",""
"87045","LICENSED_LS","4404 Hwy 29 S","Alexandria","MN","Target"
"13261","LICENSED_LS","1110 South Main Street","Roswell","NM","Albertsons"
"1026728","LICENSED_LS","202 W Church St","Carlsbad","NM","Albertsons"
"1022446","LICENSED_LS","7500 Commons Blvd","Victor","NY","Target"
"8809500","LICENSED_LS","780 Eastview Mall","Victor","NY",""
"91338","LICENSED_LS","2161 Nine Mile Point Rd","Penfield","NY","Target"
"10158","LICENSED_LS","50 Medley Centre Pkwy","Rochester","NY","Target"
"114081","LICENSED_LS","8234 Agora Pkwy","Selma","TX","Target"
"14831","LICENSED_LS","13700 San Pedro Ave","San Antonio","TX","Target"
"1043766","LICENSED_LS","9800 Airport Blvd","San Antonio","TX",""
"7521","LICENSED_LS","22832 US Highway 281 N","San Antonio","TX","Target"
"18740","LICENSED_LS","23808 Resort Pkwy","San Antonio","TX",""
"113738","LICENSED_LS","1223 Austin Hwy","San Antonio","TX","Target"
"13994","MALL","7400 San Pedro, North Star Mall, #1230","San Antonio","TX","North Star Mall"
"8915","LICENSED_LS","18255 Blanco Rd","San Antonio","TX","Target"
"18741","LICENSED_LS","630 3rd St W, Bldg 1068","Randolph AFB","TX",""
"10713","LICENSED_LS","746 NW Loop 410","San Antonio","TX","Target"
"1038250","LICENSED_LS","4301 Broadway St","San Antonio","TX",""
"1027672","LICENSED_LS","3910 N. St. Mary's Street","San Antonio","TX",""
"1030079","LICENSED_LS","2500 Funston Rd. B-2542","Fort Sam Houston","TX",""
"1022912","LICENSED_LS","1 TRINITY PLACE","San Antonio","TX",""
"8957400","LICENSED_LS","100 N Main Ave","San Antonio","TX",""
"90558","LICENSED_LS","1 Camino Santa Maria Rd","San Antonio","TX",""
"12634","LICENSED_LS","4522 Fredricksburg Rd","Balcones Heights","TX","Target"
"70165","LICENSED_LS","7703 Floyd Curl Dr","San Antonio","TX",""
"7735","LICENSED_LS","5355 W. Loop 1604 N.","San Antonio","TX","Target"
"13755","LICENSED_LS","9800 Frederickburg Rd.","San Antonio","TX",""
"12641","LICENSED_LS","9800 Frederickburg Rd., USAA Insurance - A/B Cafeteria","San Antonio","TX",""
"12979","LICENSED_LS","9800 Frederickburg Rd.","San Antonio","TX",""
"10103","LICENSED_LS","17502 La Cantera Pkwy, The Rim Shopping Center","San Antonio","TX","Target"
"19344","LICENSED_LS","1 UTSA Cir - John Peace Library","San Antonio","TX",""
"11927","LICENSED_LS","11311 Bandera Rd","San Antonio","TX","Target"
"1011092","LICENSED_LS","886 W State Road","Altamonte Springs","FL","Target"
"1039821","LICENSED_LS","263 FLORIDA TURNPIKE","Ocoee","FL",""
"1054206","LICENSED_LS","550 E Rollins St, 150","Orlando","FL",""
"1028115","LICENSED_LS","400 W Livingston Street","Orlando","FL",""
"6501","LICENSED_LS","3343 Daniels Rd","Winter Garden","FL","Target"
"1030770","LICENSED_LS","407 N. Magnolia","Orlando","FL",""
"20389","LICENSED_LS","325 S Orange Ave","Orlando","FL",""
"1031791","LICENSED_LS","20 N. Summerlin","Orlando","FL",""
"9752","LICENSED_LS","4410 S USHwy 17-92","Casselberry","FL","Target"
"12632","LICENSED_LS","4750 Millenia Plaza Way","Orlando","FL","Target"
"1020037","LICENSED_LS","4298 Millenia Blvd.","Orlando","FL",""
"1020980","LICENSED_LS","Employee Access","Orlando","FL",""
"10684","LICENSED_LS","120 W Grant St","Orlando","FL","Target"
"1024750","LICENSED_LS","718 Maguire Blvd","Orlando","FL","Target"
"6558","LICENSED_LS","New York across Louie's Italian","Orlando","FL",""
"15416","MALL","4200 Conroy Rd, Mall employees only access till 9am M-F, M-23","Orlando","FL","The Mall at Millenia - Upstair"
"17910","MALL","4200 Conroy Rd, Millenia Mall employees only access till 9am M-F","Orlando","FL","The Mall at Millenia-Downstair"
"1007590","LICENSED_LS","6000 Universal Blvd","Orlando","FL",""
"1007019","LICENSED_LS","Port of Entry next to Cinnabon","Orlando","FL",""
"1006713","LICENSED_LS","6550 Adventure Way","Orlando","FL",""
"1022763","LICENSED_LS","6725 Adventure Way","Orlando","FL",""
"10878","LICENSED_LS","980 US Highway 491","Gallup","NM","Safeway"
"1015060","LICENSED_LS","217 North 2000 W","West Point","UT",""
"1018241","LICENSED_LS","1135 W RIVERDALE ROAD","Riverdale","UT","Target"
"1030677","LICENSED_LS","3920 West Terminal Drive CASP-221","Salt Lake City","UT",""
"1028831","LICENSED_LS","3920 West Terminal Drive, CASP-221","Salt Lake City","UT",""
"1028937","LICENSED_LS","3920 West Terminal Drive, TINL-1-008","Salt Lake City","UT",""
"1009239","LICENSED_LS","2500 N 400 E","North Ogden","UT",""
"17977","LICENSED_LS","75 S West Temple Street","Salt Lake City","UT",""
"7585","LICENSED_LS","455 S 500 E","Salt Lake City","UT",""
"19220","LICENSED_LS","1110 S 300 West","Salt Lake City","UT","Target"
"1009309","LICENSED_LS","6726 US-9","Rhinebeck","NY",""
"113724","LICENSED_LS","1300 Ulster Ave","Kingston","NY","Target"
"7744","LICENSED_LS","9333 Airport Blvd","Orlando","FL",""
"8696","LICENSED_LS","9333 Airport Blvd.","Orlando","FL",""
"1019084","LICENSED_LS","1 Jeff Fuqua Blvd","Orlando","FL",""
"14222","LICENSED_LS","9333 Airport Blvd.","Orlando","FL",""
"1019083","LICENSED_LS","1 Jeff Fuqua Blvd","Orlando","FL",""
"8960200","LICENSED_LS","1 Jeff Fuqua Blvd","Orlando","FL",""
"14249","LICENSED_LS","9333 Airport Blvd.","Orlando","FL",""
"1040042","LICENSED_LS","One Jeff Fuqua Blvd","Orlando","FL",""
"1039977","LICENSED_LS","One Jeff Fuqua Blvd","Orlando","FL",""
"8963000","LICENSED_LS","6065 Lake Nona Blvd","Orlando","FL","Target"
"1022762","LICENSED_LS","8001 S Orange Blossom Trail","Orlando","FL",""
"8081","LICENSED_LS","1500 Sand Lake Rd","Orlando","FL",""
"15198","LICENSED_LS","2155 Town Center Blvd","Orlando","FL","Target"
"12937","LICENSED_LS","4040 Central Florida Parkway","Orlando","FL",""
"1053890","LICENSED_LS","Celestial Park beside Sensorium Emporium","Orlando","FL",""
"8890400","LICENSED_LS","1 Opportunity Way, B 1000","Orlando","FL",""
"1053895","LICENSED_LS","Celestial Park near Carousel","Orlando","FL",""
"1027501","LICENSED_LS","200 Lockheed Martin Blvd.","Orlando","FL",""
"12633","LICENSED_LS","2660 E Hwy 50","Clermont","FL","Target"
"8757600","LICENSED_LS","8200 Vineland Ave, Suite 1106","Orlando","FL",""
"1028668","LICENSED_LS","11619 Daryl Carter Pkwy","Orlando","FL","Target"
"8800400","LICENSED_LS","8371 International Dr, ICON Park, 60","Orlando","FL",""
"1027792","LICENSED_LS","4155 W Lake Mary Blvd","Lake Mary","FL","Target"
"9529","LICENSED_LS","3770 N Goldenrod Rd","Winter Park","FL","Target"
"9982","LICENSED_LS","650 N BISBEE AVE","Willcox","AZ","Safeway"
"14711","LICENSED_LS","520 W Tefft St","Nipomo","CA","Vons"
"1010134","LICENSED_LS","223 E Betteravia Rd","Santa Maria","CA","Target"
"15009","LICENSED_LS","2320 S Broadway","Santa Maria","CA","Albertsons"
"12404","LICENSED_LS","1120 E. Clark Ave.","Orcutt","CA","Albertsons"
"1025585","LICENSED_LS","7000 UNIVERSAL BLVD","Orlando","FL",""
"1027782","LICENSED_LS","7125 Universal Blvd","ORLANDO","FL",""
"8761300","LICENSED_LS","500 Able Dr.","Dayton","TN","Food City"
"19108","LICENSED_LS","1050 Santa Gertrudis Blvd","Kingsville","TX",""
"7750","LICENSED_LS","610 E Wine Country Rd","Grandview","WA","Safeway"
"6573","LICENSED_LS","613 6th St","Sunnyside","WA","Safeway"
"1024545","LICENSED_LS","600 Sheldon Street","Creston","IA","Hy-Vee"
"91339","LICENSED_LS","1490 County Rd 220","Fleming Island","FL","Target"
"17373","LICENSED_LS","9525 Crosshill Blvd","Jacksonville","FL","Target"
"114078","LICENSED_LS","10490 San Jose Blvd","Jacksonville","FL","Target"
"1027772","LICENSED_LS","6801 ROOSEVELT Blvd, Building 39","Jacksonville","FL",""
"11372","LICENSED_LS","6331 Roosevelt Blvd","Jacksonville","FL","Target"
"1025882","LICENSED_LS","800 PRUDENTIAL DR","Jacksonville","FL",""
"8891100","LICENSED_LS","50 N Laura St","Jacksonville","FL",""
"12382","LICENSED_LS","4567 River City Dr","Jacksonville","FL","Target"
"1015624","LICENSED_LS","2800 University Blvd N","Jacksonville","FL",""
"1024661","LICENSED_LS","1800 S Kensington Dr","Appleton East","WI","Target"
"1040598","LICENSED_LS","333 W College Ave","Appleton","WI",""
"1021931","LICENSED_LS","3801 N.Richmond St.","Appleton","WI",""
"7644","LICENSED_LS","10720 SW Village Parkway","Port St. Lucie","FL","Target"
"10736","LICENSED_LS","711 First Ave","Toppenish","WA","Safeway"
"113327","LICENSED_LS","150 Henry Street, Campus West Housing","Syracuse","NY",""
"9081700","LICENSED_LS","222 Waverly Avenue","Syracuse","NY",""
"6535","LICENSED_LS","3657 W Genesee St","Syracuse","NY","Target"
"1011104","LICENSED_LS","2515 Erie Blvd","Syracuse","NY",""
"1056110","LICENSED_LS","6031 Tarbell Rd.","Syracuse","NY",""
"8883","LICENSED_LS","2111 Adams Ave","La Grande","OR","Safeway"
"9973","LICENSED_LS","19661 Hesperian Blvd","Hayward","CA","Target"
"6699","LICENSED_LS","4440 Tassajara","Dublin","CA","Safeway"
"17359","LICENSED_LS","7499 Dublin Blvd","Dublin","CA","Safeway"
"1020298","LICENSED_LS","7200 Amador Plaza Rd","Dublin","CA","Target"
"1039936","LICENSED_LS","4200 US Hwy 16","La Crosse","WI","Hy-Vee"
"1025621","LICENSED_LS","9400 State Road 16","Onalaska","WI","Target"
"1020638","LICENSED_LS","190 Flowing Spring Rd.","Charles Town","WV",""
"16598","LICENSED_LS","3100 W Broadway","Columbia","MO","Hy-Vee"
"1013541","LICENSED_LS","2400 Bernadette Dr","Columbia","MO","Target"
"1014194","LICENSED_LS","1729 W Broadway","Columbia","MO",""
"1019348","LICENSED_LS","502 Kentucky Blvd","Columbia","MO",""
"7846","LICENSED_LS","N 121 Memorial Union","Columbia","MO",""
"1009602","LICENSED_LS","113 Main St","Buies Creek","NC",""
"90336","LICENSED_LS","765 S Church St","Forest City","NC","Ingles"
"1017739","LICENSED_LS","4103 Pecanland Mall Dr","Monroe","LA","Target"
"1019151","LICENSED_LS","4800 First Coast Hwy.","Fernandina Beach","FL","Harris Teeter"
"7304","LICENSED_LS","463737 State Rd 200","Yulee","FL","Target"
"10012","LICENSED_LS","2400 Yankee Clipper Drive","Jacksonville","FL",""
"1007473","LICENSED_LS","444 Monument Rd","Jacksonville","FL","Target"
"18766","LICENSED_LS","787 6th St.","Little Rock","AR",""
"1015670","LICENSED_LS","4600 HWY. 9","Inman","SC","Ingles"
"114027","LICENSED_LS","1851 Hwy. 14E @ I-26","Landrum","SC","Ingles"
"1027563","LICENSED_LS","8650 Asheville Hwy","Boiling Springs","SC","Ingles"
"1026153","LICENSED_LS","2120 Boiling Springs Rd.","Spartanburg","SC","Ingles"
"1054970","LICENSED_LS","3659 Boiling Springs Road","Boiling Springs","SC","Target"
"1007063","LICENSED_LS","1524 Locust Hill Rd","Greer","SC","Ingles"
"11100","LICENSED_LS","6025 Wade Hampton Blvd","Taylors","SC","Target"
"1053448","LICENSED_LS","2145 Old Spartanburg Rd","Greer","SC","Harris Teeter"
"1025806","LICENSED_LS","1335 Stallings Rd","Greenville","SC","Ingles"
"1024954","LICENSED_LS","700 Haywood Rd, 1007","Greenville","SC",""
"1020344","LICENSED_LS","1112 Woodruff Road","Greenville","SC","Target"
"1028903","LICENSED_LS","100 Wade Hampton Blvd.","Greenville","SC","Harris Teeter"
"9151","LICENSED_LS","694 Fairview Rd","Simpsonville","SC","Target"
"1022476","LICENSED_LS","1720 Augusta St.","Greenville","SC","Harris Teeter"
"12558","LICENSED_LS","701 Grove Rd","Greenville","SC",""
"6433","LICENSED_LS","116 RIVERBEND DR.","Leavenworth","WA","Safeway"
"13818","LICENSED_LS","2750 W New Haven Ave","Melbourne Village","FL","Target"
"9993","LICENSED_LS","4305 Norfolk Parkway Ste 103","West Melbourne","FL","Target"
"8848","LICENSED_LS","8455 N Wickham Rd","Viera","FL","Target"
"12467","LICENSED_LS","919 E State St","Athens","OH","Kroger"
"1030410","LICENSED_LS","3150 N. Zaragoza Rd","El Paso","TX","Albertsons"
"66222","LICENSED_LS","2072 Gulf Victory Way","Fort Bliss","TX",""
"10109","LICENSED_LS","1874 Joe Battle Blvd","El Paso","TX","Target"
"1021554","LICENSED_LS","11320 Montwood Drive","El Paso","TX","Albertsons"
"10914","LICENSED_LS","6701 Convair Rd","El Paso","TX",""
"1011367","LICENSED_LS","6701 Convair Rd","El Paso","TX",""
"18770","LICENSED_LS","1613 Marshall Rd.","Fort Bliss","TX",""
"8610900","LICENSED_LS","13671 Eastlake BLVD","Horizon City","TX","Albertsons"
"11054","LICENSED_LS","7025 South Park Centre Dr","Salt Lake City","UT","Target"
"8863","LICENSED_LS","5632 South 900 E","Murray","UT",""
"1032021","LICENSED_LS","2039 East 9400 South","Sandy","UT",""
"1029214","LICENSED_LS","5792 S Redwood Rd.","Salt Lake City","UT","Target"
"8943","LICENSED_LS","10130 S State St","Sandy","UT","Target"
"1016740","LICENSED_LS","1820 WEST 9000 ST SOUTH","West Jordan","UT",""
"1053128","LICENSED_LS","3981 Wasatch Blvd","Salt Lake City","UT",""
"1007581","LICENSED_LS","3215 Valley Street","Salt Lake City","UT",""
"1007174","LICENSED_LS","922 East 2100 South","Salt Lake City","UT",""
"10113","LICENSED_LS","7779 S Jordan Landing Blvd","West Jordan","UT","Target"
"16361","LICENSED_LS","2040 S 2300 E","Salt Lake City","UT",""
"1053963","LICENSED_LS","1638 South 900 East","Salt Lake City","UT",""
"1019038","LICENSED_LS","876 E 800 S","Salt Lake City","UT",""
"113823","LICENSED_LS","14440 Burbank Blvd","Van Nuys","CA","Ralphs"
"1005762","MALL","14006 Riverside Drive #24C, Fashion Square Mall","Sherman Oaks","CA","Westfield Fashion Square - Lev"
"1007469","LICENSED_LS","14049 Ventura Blvd","Sherman Oaks","CA","Ralphs"
"68742","LICENSED_LS","5711 Sepulveda Blvd","Van Nuys","CA","Target"
"1039788","LICENSED_LS","12121 Victory Blvd","North Hollywood","CA","Target"
"1028044","LICENSED_LS","14845 Ventura Blvd","Sherman Oaks","CA",""
"1006180","LICENSED_LS","14920 Raymer Street","Van Nuys","CA","Target"
"7040","LICENSED_LS","11051 Victory Blvd","North Hollywood","CA","Target"
"12222","LICENSED_LS","15500 Roscoe Blvd.","Van Nuys","CA",""
"1029288","LICENSED_LS","10901 Ventura Blvd","Studio City","CA","Ralphs"
"1031255","LICENSED_LS","17401 Ventura Blvd","Encino","CA","Target"
"1023699","LICENSED_LS","9725 Laurel Canyon Blvd","Pacoima","CA","Target"
"1053995","LICENSED_LS","2627 N Hollywood Way","Burbank","CA",""
"1009000","LICENSED_LS","Lower Lot Next to Mummy Attraction","Universal City","CA",""
"1007475","LICENSED_LS","508 East Main Street","Cortez","CO",""
"68155","LICENSED_LS","1800 W Empire Ave","Burbank","CA","Target"
"1016021","LICENSED_LS","2600 West Victory Blvd.","Burbank","CA","Ralphs"
"91336","LICENSED_LS","1401 Flower St","Glendale","CA",""
"7904","LICENSED_LS","1200 Grand Central Ave","Glendale","CA",""
"1007284","LICENSED_LS","18010 Chatsworth St.","Granada Hills","CA","Ralphs"
"1024477","LICENSED_LS","9310 Tampa Avenue","Northridge","CA",""
"1026762","LICENSED_LS","8840 Corbin Ave","Northridge","CA","Target"
"1052690","LICENSED_LS","Universal Studios Hollywood","Universal City","CA",""
"1014438","LICENSED_LS","Upper Lot Across Animation Store","Universal City","CA",""
"1040017","LICENSED_LS","2576 State Route 5S","Little Falls","NY",""
"1037654","LICENSED_LS","2691 State Route 5S","Little Falls","NY",""
"18210","LICENSED_LS","11133 Balboa Blvd","Granada Hills","CA","Target"
"9651","LICENSED_LS","16830 San Fernando Mission B","Granada Hills","CA","Vons"
"9480","LICENSED_LS","8999 Balboa Ave","Northridge","CA","Target"
"1020176","LICENSED_LS","10340 N Sepulveda Blvd","Los Angeles","CA","Target"
"1034135","LICENSED_LS","18370 Burbank Blvd, N.A","Tarzana","CA",""
"12746","LICENSED_LS","18439 Ventura Blvd","Tarzana","CA","Vons"
"14312","LICENSED_LS","1110 Alameda Ave.","Burbank","CA",""
"17467","LICENSED_LS","500 South Buena Vista Street","Burbank","CA",""
"1015801","LICENSED_LS","501 S. Buena Vista St.","Burbank","CA",""
"1014100","LICENSED_LS","2300 W Riverside Dr","Burbank","CA",""
"1007291","LICENSED_LS","17840 Ventura Blvd","Encino","CA","Ralphs"
"18406","LICENSED_LS","3400 Warner Blvd, Ground Level","Burbank","CA",""
"11791","LICENSED_LS","4000 Warner Blvd","Burbank","CA",""
"1007616","LICENSED_LS","3800 W Alameda Ave","Burbank","CA",""
"9401","LICENSED_LS","301 N Pass Ave","Burbank","CA","Vons"
"9120","LICENSED_LS","69320 Hwy 21","Covington","LA","Target"
"9988","LICENSED_LS","2030 Hammond Square Dr","Hammond","LA","Target"
"1052168","LICENSED_LS","303 Union Ave","Hammond","LA",""
"1006092","LICENSED_LS","5210 Grand Ave","Fort Smith","AR",""
"1030793","LICENSED_LS","1500 N. H street","Lompoc","CA","Albertsons"
"1020053","LICENSED_LS","2404 Hwy 81","Anderson","SC","Ingles"
"1025819","LICENSED_LS","305 East 5th Street","Odessa","TX",""
"1014441","LICENSED_LS","3909 E 42nd Street","Odessa","TX","Target"
"1013528","LICENSED_LS","4950 E 42nd Street","Odessa","TX",""
"10833","LICENSED_LS","8503 S Sam Houston East Parkway","Houston","TX","Target"
"13237","LICENSED_LS","11701 E Sam Houston Pkwy","Houston","TX","Kroger"
"16239","LICENSED_LS","3135 FM 528","Friendswood","TX","Kroger"
"12773","LICENSED_LS","1801 W Bay Area Blvd","Webster","TX","Target"
"13756","MALL","500 Baybrook Mall, Baybrook Mall, Suite 1172","Friendswood","TX","Baybrook Mall"
"11796","LICENSED_LS","5757 Fairmont Pkwy","Pasadena","TX","Target"
"1039629","LICENSED_LS","500 Medical Center Blvd","Webster","TX",""
"11564","LICENSED_LS","1950 El Dorado","Houston","TX","Kroger"
"1015299","LICENSED_LS","1920 W. League City Parkway","League City","TX","Kroger"
"10518","LICENSED_LS","3100 Gulf Fwy S","League City","TX","Target"
"13111","LICENSED_LS","20905 Southshore Blvd.","League City","TX",""
"6861","LICENSED_LS","3100 Highway 35 South","Alvin","TX","Kroger"
